date,SPY,XLF,XLE,WTI,USDCAD,USDKRW,US10Y,FEDFUNDS,CPI
2007-01-02,141.698586,28.468351,52.059732,61.391595,1.160985,937.822951,4.650000,5.000000,
2007-01-03,139.973535,28.132502,51.737842,61.230778,1.162337,933.264205,4.653762,5.000000,
2007-01-04,141.122263,28.355850,52.560539,62.734165,1.157180,928.026080,4.646311,5.000000,
2007-01-05,141.199731,28.277495,52.400724,62.433775,1.157952,926.803446,4.634440,5.000000,
2007-01-08,141.553600,28.428151,52.369749,62.139413,1.157849,932.314161,4.640656,5.000000,
2007-01-09,141.657534,28.442222,52.124921,61.537621,1.160041,928.478599,4.637345,5.000000,
2007-01-10,142.013427,28.529627,52.670700,62.649373,1.162327,931.155793,4.635351,5.000000,
2007-01-11,139.737437,28.034439,51.935826,61.783437,1.167851,922.207534,4.634936,5.000000,
2007-01-12,138.471843,27.684693,51.545154,61.426070,1.169918,919.241490,4.629998,5.000000,
2007-01-15,141.418520,28.323169,52.509772,62.561186,1.162176,927.873213,4.624874,5.000000,
2007-01-16,142.413147,28.574062,52.756561,62.716936,1.163443,928.861161,4.623554,5.000000,
2007-01-17,140.264594,27.998916,51.991359,61.855434,1.164105,920.521178,4.613475,5.000000,
2007-01-18,141.921322,28.173620,52.321514,62.207342,1.161254,925.365349,4.591666,5.000000,
2007-01-19,142.379886,28.138478,52.298421,62.128672,1.160571,921.391391,4.575142,5.000000,
2007-01-22,141.535453,27.955084,51.680828,61.005675,1.163283,921.345913,4.575435,5.000000,
2007-01-23,140.997194,27.913326,51.469115,60.623977,1.162621,921.563097,4.580482,5.000000,
2007-01-24,140.667465,27.711923,50.995149,59.794161,1.166476,917.128929,4.561062,5.000000,
2007-01-25,142.214962,27.999370,50.913332,59.099200,1.165138,915.130532,4.550146,5.000000,
2007-01-26,145.467742,28.561747,51.548644,59.537196,1.157936,926.454705,4.528279,5.000000,
2007-01-29,145.626574,28.518152,50.415175,57.029464,1.166118,927.265334,4.516528,5.000000,
2007-01-30,143.633419,28.048528,50.780695,58.557957,1.163155,926.206154,4.511276,5.000000,
2007-01-31,143.745215,28.106711,50.522694,57.897020,1.162897,922.550762,4.512374,5.000000,
2007-02-01,141.715775,27.673914,49.654843,56.643501,1.168888,919.001193,4.515516,5.000000,200.337115
2007-02-02,143.285076,27.963388,49.758184,56.385458,1.170201,924.818118,4.508567,5.000000,
2007-02-05,140.808072,27.433799,49.373956,56.361017,1.173549,916.542867,4.510507,5.000000,
2007-02-06,141.122706,27.568548,49.001124,55.351617,1.175610,922.921703,4.513197,5.000000,
2007-02-07,140.485918,27.280830,48.387183,54.362145,1.183407,916.783790,4.495706,5.000000,
2007-02-08,139.908045,27.024307,47.653560,53.078422,1.191116,913.579521,4.479598,5.000000,
2007-02-09,139.756064,27.104095,48.080960,53.939490,1.187718,908.926131,4.490082,5.000000,
2007-02-12,139.181594,27.107544,48.172315,54.193118,1.184800,909.117150,4.503156,5.000000,
2007-02-13,139.714060,27.204851,47.870816,53.369811,1.183495,916.792278,4.496897,5.000000,
2007-02-14,139.035947,27.153002,47.709676,53.139109,1.181438,915.899248,4.504069,5.000000,
2007-02-15,140.594143,27.459569,47.759788,52.766623,1.180410,917.041193,4.497938,5.000000,
2007-02-16,141.011586,27.555704,48.165839,53.497193,1.175762,919.625748,4.494674,5.000000,
2007-02-19,139.762371,27.236241,47.534249,52.577569,1.176967,912.164927,4.487557,5.000000,
2007-02-20,142.272365,27.609350,48.135652,53.229559,1.174859,912.483395,4.466363,5.000000,
2007-02-21,145.003040,28.143055,48.828800,53.898771,1.168065,917.923188,4.454584,5.000000,
2007-02-22,144.419636,28.059275,48.417512,53.152431,1.171997,912.117956,4.458073,5.000000,
2007-02-23,142.760968,27.848858,48.071685,52.784876,1.170161,905.974169,4.474823,5.000000,
2007-02-26,145.383546,28.384598,49.823768,55.754082,1.160332,912.716602,4.465143,5.000000,
2007-02-27,146.843171,28.668356,49.694901,55.025841,1.161260,918.123322,4.455284,5.000000,
2007-02-28,143.811751,28.066378,49.180647,54.831038,1.159790,913.495727,4.462881,5.000000,
2007-03-01,142.234166,27.759725,48.431120,53.676108,1.162686,909.851506,4.469485,5.000000,200.501076
2007-03-02,141.285017,27.569589,47.895172,52.803564,1.169745,905.071530,4.468693,5.000000,
2007-03-05,140.404706,27.466232,47.941486,53.093682,1.168167,906.999484,4.479442,5.000000,
2007-03-06,140.650367,27.519806,49.050487,55.426303,1.158150,907.671886,4.476661,5.000000,
2007-03-07,140.703535,27.481628,49.068900,55.493638,1.166353,908.991889,4.470893,5.000000,
2007-03-08,139.724473,27.236252,48.949299,55.589274,1.168541,905.261693,4.468337,5.000000,
2007-03-09,139.277577,27.318460,48.535516,54.634580,1.167998,907.046031,4.487701,5.000000,
2007-03-12,139.028382,27.253764,48.735872,55.164080,1.165908,900.868962,4.483548,5.000000,
2007-03-13,138.711565,27.208773,49.143879,56.146064,1.159703,900.933142,4.484633,5.000000,
2007-03-14,137.740979,26.961633,48.162716,54.335677,1.163571,896.957162,4.479525,5.000000,
2007-03-15,139.232152,27.255536,47.658960,52.767107,1.172260,896.515785,4.472234,5.000000,
2007-03-16,138.755504,27.131005,47.473799,52.536251,1.170895,897.596378,4.468081,5.000000,
2007-03-19,138.448578,27.047122,47.649060,53.026650,1.171701,890.516823,4.464943,5.000000,
2007-03-20,138.352444,27.072475,48.268351,54.357548,1.168753,888.127956,4.468414,5.000000,
2007-03-21,137.096693,26.777034,47.443323,52.988150,1.176297,880.729427,4.466153,5.000000,
2007-03-22,136.287699,26.537562,47.289408,52.980023,1.176844,881.366883,4.460874,5.000000,
2007-03-23,136.059924,26.520406,47.345584,53.139353,1.178841,882.333590,4.462783,5.000000,
2007-03-26,136.780934,26.611445,47.804766,53.965973,1.180257,881.909496,4.452325,5.000000,
2007-03-27,134.886078,26.216358,47.455683,53.817982,1.184466,884.399311,4.456488,5.000000,
2007-03-28,134.476310,26.027556,47.658910,54.511308,1.182851,887.968263,4.445655,5.000000,
2007-03-29,134.095684,25.956031,47.585946,54.462891,1.184839,888.688433,4.444550,5.000000,
2007-03-30,133.150019,25.719597,47.541302,54.723448,1.186793,886.617937,4.441210,5.000000,
2007-04-02,131.128503,25.300272,47.193714,54.635024,1.193103,876.537657,4.442483,5.000000,
2007-04-03,130.746323,25.193801,47.721613,55.994787,1.188263,870.443153,4.439700,5.000000,
2007-04-04,130.376339,25.301959,48.144240,56.880066,1.186135,867.432182,4.458091,5.000000,
2007-04-05,131.673217,25.694623,48.215665,56.427973,1.181998,868.480695,4.468547,5.000000,
2007-04-06,131.894838,25.662154,47.464248,54.727283,1.189472,868.310945,4.459649,5.000000,
2007-04-09,132.892476,25.936352,47.586659,54.578754,1.193494,869.208808,4.463130,5.000000,
2007-04-10,133.259708,25.958255,47.697200,54.752618,1.194106,873.959562,4.452328,5.000000,
2007-04-11,134.909543,26.450394,48.975632,56.890933,1.187217,880.939481,4.462369,5.000000,
2007-04-12,136.541142,26.828154,49.619932,57.730500,1.184267,874.287669,4.461718,5.000000,
2007-04-13,136.287087,26.678570,50.100545,59.020067,1.181233,877.042793,4.448229,5.000000,
2007-04-16,136.405815,26.628592,50.210327,59.307734,1.181970,872.059578,4.438441,5.000000,
2007-04-17,135.509062,26.531334,49.985337,59.004814,1.177872,870.746306,4.446645,5.000000,
2007-04-18,135.899464,26.560844,50.533016,60.181436,1.176179,868.270318,4.437255,5.000000,
2007-04-19,134.482980,26.250320,50.145123,59.814388,1.177403,865.092289,4.437583,5.000000,
2007-04-20,134.770037,26.205937,50.029806,59.554436,1.182451,864.284002,4.424403,5.000000,
2007-04-23,134.248045,26.136937,49.105435,57.560848,1.194603,864.565869,4.428858,5.000000,
2007-04-24,134.003400,26.097698,49.082431,57.575548,1.189921,863.814791,4.428243,5.000000,
2007-04-25,134.093796,26.124070,49.670376,58.879669,1.186668,859.465718,4.427450,5.000000,
2007-04-26,132.683903,25.878899,49.111253,58.041159,1.192280,855.743523,4.436267,5.000000,
2007-04-27,132.588937,25.942265,49.415912,58.676652,1.192558,857.476404,4.444993,5.000000,
2007-04-30,133.263002,26.118999,49.720511,59.084419,1.193143,859.164059,4.447708,5.000000,
2007-05-01,131.533821,25.672988,49.265710,58.762433,1.194085,857.551348,4.440127,5.000000,200.765304
2007-05-02,131.718625,25.740262,49.228542,58.566262,1.192302,860.605206,4.441124,5.000000,
2007-05-03,130.706882,25.466709,48.242959,56.728223,1.200090,857.332166,4.433759,5.000000,
2007-05-04,132.742962,25.932378,48.908492,57.463257,1.197502,863.877184,4.431346,5.000000,
2007-05-07,131.442401,25.703276,49.115623,58.360816,1.192869,864.893945,4.434843,5.000000,
2007-05-08,131.104412,25.721918,48.917756,57.916755,1.192999,869.104284,4.445526,5.000000,
2007-05-09,130.861091,25.599958,49.319546,59.016597,1.190739,869.555180,4.436717,5.000000,
2007-05-10,131.582121,25.739030,49.180554,58.430115,1.196749,868.316057,4.433674,5.000000,
2007-05-11,131.241836,25.559387,48.837199,57.880407,1.198765,867.228541,4.416769,5.000000,
2007-05-14,131.934012,25.706524,49.043813,58.092532,1.199238,868.995388,4.413836,5.000000,
2007-05-15,131.931257,25.903324,48.652448,56.960811,1.199779,869.613815,4.433808,5.000000,
2007-05-16,132.802898,26.044015,48.928773,57.318458,1.198821,868.231824,4.425429,5.000000,
2007-05-17,133.036379,26.134922,48.767131,56.812012,1.202227,867.114730,4.427052,5.000000,
2007-05-18,132.885880,26.109518,48.832486,57.000516,1.198255,866.337203,4.428701,5.000000,
2007-05-21,133.285535,26.266324,48.883627,56.885527,1.194058,866.103178,4.433425,5.000000,
2007-05-22,133.410111,26.363082,49.218500,57.516958,1.197695,863.346685,4.437812,5.000000,
2007-05-23,132.370056,26.213974,48.893719,57.064982,1.201128,860.675502,4.444674,5.000000,
2007-05-24,133.682556,26.498809,49.355940,57.630302,1.195354,864.654849,4.439654,5.000000,
2007-05-25,134.209051,26.626239,49.475954,57.689359,1.194465,861.359770,4.438726,5.000000,
2007-05-28,133.003231,26.337317,48.895076,56.831709,1.199671,860.186265,4.436767,5.000000,
2007-05-29,135.235907,26.918457,49.870870,58.122080,1.192648,865.866983,4.438905,5.000000,
2007-05-30,136.211454,27.165415,50.101917,58.246835,1.190158,867.180477,4.439583,5.000000,
2007-05-31,136.544604,27.318856,50.154863,58.150335,1.186749,872.877848,4.444074,5.000000,
2007-06-01,139.192177,27.907975,50.894884,58.852059,1.182294,885.892337,4.437998,5.000000,200.896352
2007-06-04,139.178356,27.825124,50.600014,58.272043,1.183179,880.346909,4.428788,5.000000,
2007-06-05,139.917273,28.017813,50.647332,58.076423,1.184236,880.553119,4.426001,5.000000,
2007-06-06,139.627006,27.976285,50.514104,57.849935,1.181340,881.907257,4.425747,5.000000,
2007-06-07,138.206630,27.612973,50.181314,57.654888,1.187431,881.358253,4.419769,5.000000,
2007-06-08,139.986650,28.068728,49.877818,56.285572,1.189733,887.710802,4.420419,5.000000,
2007-06-11,140.705769,28.233213,50.272425,56.895781,1.190777,891.448120,4.417945,5.000000,
2007-06-12,141.001048,28.213117,49.653376,55.516926,1.195322,890.012986,4.402210,5.000000,
2007-06-13,139.565332,27.832765,50.189094,57.248871,1.191465,888.661832,4.396193,5.000000,
2007-06-14,139.099380,27.957013,50.553526,57.978102,1.189941,891.108935,4.416965,5.000000,
2007-06-15,140.178904,28.195089,51.353003,59.381763,1.184999,891.107374,4.412939,5.000000,
2007-06-18,139.990700,28.148672,51.287918,59.300614,1.183069,889.229669,4.409963,5.000000,
2007-06-19,139.167157,27.889518,50.761659,58.487530,1.182529,885.859579,4.402748,5.000000,
2007-06-20,138.082809,27.746302,50.612401,58.429822,1.185153,883.159921,4.410814,5.000000,
2007-06-21,139.942320,28.058718,50.346524,57.273863,1.185554,884.785133,4.398591,5.000000,
2007-06-22,141.105194,28.279910,50.642098,57.554882,1.182511,886.173600,4.387987,5.000000,
2007-06-25,138.533273,27.696929,49.925281,56.869985,1.185718,886.251593,4.387939,5.000000,
2007-06-26,139.256125,27.889599,50.630357,58.145864,1.182417,892.577176,4.388830,5.000000,
2007-06-27,138.956203,27.774906,50.033218,56.963819,1.185338,893.388078,4.381396,5.000000,
2007-06-28,138.691311,27.778750,49.924699,56.742839,1.186828,890.855502,4.385694,5.000000,
2007-06-29,140.289867,28.227997,50.530268,57.420713,1.182218,893.752180,4.390827,5.000000,
2007-07-02,141.485265,28.430254,50.463299,56.917161,1.179021,899.073542,4.381280,5.000000,
2007-07-03,142.322400,28.590048,50.378800,56.465766,1.181608,902.315548,4.375792,5.000000,
2007-07-04,140.581297,28.269485,50.344726,56.912005,1.181455,897.348983,4.382033,5.000000,
2007-07-05,140.581259,28.290312,50.787766,57.864220,1.177580,902.707878,4.380819,5.000000,
2007-07-06,140.193421,28.112219,50.184461,56.752238,1.178305,902.772877,4.372237,5.000000,
2007-07-09,138.023606,27.846571,50.230093,57.379331,1.177632,897.698832,4.398334,5.000000,
2007-07-10,136.463434,27.572041,49.649920,56.556223,1.178183,893.010968,4.404040,5.000000,
2007-07-11,135.226607,27.345753,48.859324,55.181667,1.184387,892.671398,4.409396,5.000000,
2007-07-12,137.387471,27.760826,49.390444,55.663527,1.180427,893.872049,4.396514,5.000000,
2007-07-13,137.060410,27.611316,49.038366,55.075240,1.184408,885.008898,4.388185,5.000000,
2007-07-16,135.763688,27.282189,49.062259,55.612609,1.183087,885.424590,4.383302,5.000000,
2007-07-17,136.110546,27.387769,49.942082,57.411863,1.177527,886.408810,4.384128,5.000000,
2007-07-18,136.482655,27.388589,50.048445,57.597687,1.174372,885.272421,4.374420,5.000000,
2007-07-19,136.575100,27.493902,49.935446,57.212965,1.179435,885.452526,4.382179,5.000000,
2007-07-20,134.677663,27.315727,49.809538,57.344186,1.182666,882.119987,4.408481,5.000000,
2007-07-23,134.015806,27.070109,49.893654,57.875415,1.179395,886.154909,4.399334,5.000000,
2007-07-24,133.479697,26.920654,49.360412,56.894294,1.183307,883.034890,4.394199,5.000000,
2007-07-25,132.558510,26.778592,50.008129,58.627773,1.176920,880.414558,4.401314,5.000000,
2007-07-26,132.785946,26.871772,50.307008,59.171202,1.170961,885.667041,4.405104,5.000000,
2007-07-27,132.189978,26.838213,50.287180,59.232450,1.174047,886.249041,4.416186,5.000000,
2007-07-30,132.347071,26.924483,49.584550,57.506617,1.177255,883.318915,4.423658,5.000000,
2007-07-31,132.668916,27.051095,48.965698,55.933477,1.180704,880.158982,4.425481,5.000000,
2007-08-01,132.145239,26.991332,48.430176,54.863538,1.186313,883.507090,4.429966,5.000000,201.541282
2007-08-02,130.847623,26.829323,48.558125,55.467032,1.189963,883.558119,4.447498,5.000000,
2007-08-03,131.550750,26.969905,47.997295,53.988897,1.191211,881.977524,4.442551,5.000000,
2007-08-06,129.588726,26.627903,47.461772,53.389734,1.193102,878.077357,4.454841,5.000000,
2007-08-07,129.532560,26.632053,48.491657,55.669096,1.179825,879.973312,4.455685,5.000000,
2007-08-08,128.097982,26.421466,48.666895,56.464068,1.175245,881.009559,4.469355,5.000000,
2007-08-09,128.191866,26.428263,48.880402,56.921899,1.173285,882.477668,4.465769,5.000000,
2007-08-10,127.911234,26.280772,48.662489,56.618863,1.175318,877.630831,4.451913,5.000000,
2007-08-13,129.145405,26.528422,49.639401,58.406890,1.168250,878.058729,4.445557,5.000000,
2007-08-14,129.567658,26.656775,50.032202,59.102546,1.163930,877.874353,4.447065,5.000000,
2007-08-15,131.888631,27.223851,51.517803,61.580454,1.155893,884.217397,4.445964,5.000000,
2007-08-16,134.986993,27.792687,53.085669,64.164288,1.147948,886.043456,4.427238,5.000000,
2007-08-17,134.176174,27.515721,52.216676,62.551482,1.152418,882.599190,4.415883,5.000000,
2007-08-20,135.281310,27.727021,52.717587,63.320955,1.149274,884.476620,4.408279,5.000000,
2007-08-21,133.310522,27.267274,52.782861,64.283238,1.148299,880.203615,4.408208,5.000000,
2007-08-22,133.035884,27.353782,52.973727,64.662269,1.144254,883.220701,4.423642,5.000000,
2007-08-23,132.454196,27.149972,52.515787,63.893083,1.145229,883.000094,4.415278,5.000000,
2007-08-24,131.669647,27.048237,52.337517,63.693355,1.146666,882.166822,4.423455,5.000000,
2007-08-27,131.333781,26.995042,52.322693,63.761241,1.149361,883.999042,4.424873,5.000000,
2007-08-28,132.256841,27.108092,52.712228,64.414810,1.156856,881.378986,4.409694,5.000000,
2007-08-29,132.328203,27.039992,52.256301,63.396500,1.160230,883.185861,4.395403,5.000000,
2007-08-30,131.870493,27.039847,52.225605,63.378881,1.166283,885.020687,4.406379,5.000000,
2007-08-31,131.167263,26.924372,52.099932,63.309433,1.166365,884.755576,4.407820,5.000000,
2007-09-03,129.382319,26.599475,52.107899,63.966994,1.168258,878.273530,4.417492,5.000000,
2007-09-04,130.105846,26.833380,52.509234,64.529181,1.167876,874.351227,4.421141,5.000000,
2007-09-05,129.955733,26.814502,52.255728,63.958995,1.169333,873.239662,4.419491,5.000000,
2007-09-06,128.847420,26.567727,52.028085,63.866919,1.168298,867.332073,4.419583,5.000000,
2007-09-07,130.125617,26.852677,52.534344,64.538673,1.162543,871.372266,4.412863,5.000000,
2007-09-10,132.236627,27.421036,53.811645,66.595963,1.154975,874.092642,4.416010,5.000000,
2007-09-11,133.403260,27.778616,54.253396,67.040657,1.151683,874.539131,4.420915,5.000000,
2007-09-12,134.180452,27.965144,54.241867,66.663574,1.150738,875.046901,4.421455,5.000000,
2007-09-13,133.805384,28.019354,54.826481,68.050890,1.144630,876.072591,4.436323,5.000000,
2007-09-14,136.292487,28.463775,55.557469,68.897453,1.142410,874.780211,4.419019,5.000000,
2007-09-17,136.151238,28.543366,56.038324,69.977270,1.142662,872.047890,4.429523,5.000000,
2007-09-18,134.855181,28.326843,55.617843,69.407806,1.143931,872.283334,4.437321,5.000000,
2007-09-19,133.787111,27.978065,55.048971,68.611391,1.145282,868.074112,4.428936,5.000000,
2007-09-20,133.863783,27.956436,54.827723,68.081835,1.142832,870.714280,4.424550,5.000000,
2007-09-21,132.633275,27.769455,54.588772,67.907996,1.145700,871.280342,4.430937,5.000000,
2007-09-24,133.568688,27.999026,55.021410,68.524440,1.142221,870.763062,4.431510,5.000000,
2007-09-25,133.577168,28.049663,55.236865,68.975030,1.144880,867.549074,4.433481,5.000000,
2007-09-26,132.663406,27.899514,55.185785,69.167898,1.147042,866.158683,4.441064,5.000000,
2007-09-27,133.454947,28.174549,54.753178,67.647585,1.152057,872.549866,4.449878,5.000000,
2007-09-28,133.650853,28.207223,53.888646,65.504404,1.157546,872.985061,4.442885,5.000000,
2007-10-01,133.171945,28.077037,53.692653,65.254075,1.156795,870.581031,4.439379,5.000000,203.049687
2007-10-02,133.412632,28.103799,53.001305,63.552812,1.162561,875.170670,4.434714,5.000000,
2007-10-03,133.557987,28.240001,52.913066,63.161706,1.162868,879.653870,4.444712,5.000000,
2007-10-04,134.427892,28.521617,53.324140,63.670149,1.163884,879.334583,4.450044,5.000000,
2007-10-05,135.959921,28.741912,53.660094,63.985158,1.159841,881.485256,4.431616,5.000000,
2007-10-08,135.893210,28.719714,53.660124,64.011683,1.160184,882.147003,4.427796,5.000000,
2007-10-09,136.508596,28.902751,53.814996,64.071940,1.158227,881.795207,4.428323,5.000000,
2007-10-10,135.903803,28.865463,53.909520,64.408084,1.156702,881.301656,4.439410,5.000000,
2007-10-11,135.490757,28.748339,54.405745,65.756210,1.158334,878.685198,4.435782,5.000000,
2007-10-12,136.267025,28.865171,54.280351,65.209775,1.159032,873.540187,4.425202,5.000000,
2007-10-15,137.631749,29.244934,54.355596,64.755491,1.158978,870.845651,4.428717,5.000000,
2007-10-16,139.067985,29.480729,54.601296,64.857860,1.159998,871.740442,4.415747,5.000000,
2007-10-17,140.287168,29.815787,54.886437,64.970340,1.158734,879.001234,4.413684,5.000000,
2007-10-18,139.238031,29.652909,55.465419,66.635921,1.156364,873.651387,4.422889,5.000000,
2007-10-19,140.661947,29.889929,56.306260,68.133969,1.151018,874.539938,4.409830,5.000000,
2007-10-22,139.385753,29.717303,56.181581,68.211240,1.153567,867.850015,4.421220,5.000000,
2007-10-23,138.544643,29.506463,56.468271,69.255881,1.147804,870.091845,4.417730,5.000000,
2007-10-24,139.407483,29.718779,57.093009,70.364667,1.143834,874.090935,4.417576,5.000000,
2007-10-25,141.985739,30.167915,57.516032,70.458265,1.143146,875.215130,4.397443,5.000000,
2007-10-26,138.121204,29.362003,55.970388,68.275698,1.149895,867.130167,4.409232,5.000000,
2007-10-29,135.583170,28.775240,55.087777,67.228429,1.158314,864.109664,4.412245,5.000000,
2007-10-30,134.715839,28.617813,54.924089,67.142726,1.156319,858.195047,4.415488,5.000000,
2007-10-31,134.375772,28.612101,54.085243,65.202035,1.159632,856.341966,4.423887,5.000000,
2007-11-01,136.809068,29.050323,54.681875,65.747926,1.159439,862.857096,4.405618,5.000000,202.978005
2007-11-02,137.728588,29.362012,54.789167,65.504967,1.157676,862.289484,4.411672,5.000000,
2007-11-05,136.944686,29.216650,55.055840,66.397485,1.150951,856.630795,4.415431,5.000000,
2007-11-06,137.906083,29.525278,55.518944,66.985480,1.147823,856.669056,4.420771,5.000000,
2007-11-07,139.475787,29.815397,55.895952,67.309006,1.145730,856.577249,4.410023,5.000000,
2007-11-08,139.035170,29.710492,56.187680,68.172677,1.141547,853.533880,4.407720,5.000000,
2007-11-09,137.632938,29.326200,56.639832,69.905936,1.135692,849.416276,4.401894,5.000000,
2007-11-12,139.119625,29.627120,57.179077,70.611641,1.132564,848.335010,4.391565,5.000000,
2007-11-13,137.865413,29.339127,56.870117,70.394167,1.135573,845.116518,4.392523,5.000000,
2007-11-14,139.581825,29.704805,56.733847,69.366171,1.137556,846.402516,4.382220,5.000000,
2007-11-15,139.288861,29.651003,56.769804,69.549868,1.140676,847.741705,4.383988,5.000000,
2007-11-16,138.616534,29.709362,57.291667,70.820317,1.138918,846.023970,4.402743,5.000000,
2007-11-19,141.202734,30.180228,57.700883,70.848235,1.138584,846.917715,4.382682,5.000000,
2007-11-20,140.498086,30.023293,57.421995,70.461949,1.139791,848.781604,4.385049,5.000000,
2007-11-21,142.025965,30.352574,57.827949,70.809572,1.136305,848.997018,4.377531,5.000000,
2007-11-22,141.526438,30.079870,57.940334,71.472071,1.133915,847.115112,4.361058,5.000000,
2007-11-23,142.855290,30.270927,58.369618,72.071547,1.130242,844.747351,4.346717,5.000000,
2007-11-26,141.118748,29.836232,57.674013,71.170319,1.137386,839.521035,4.343317,5.000000,
2007-11-27,143.488326,30.369458,58.718495,72.682746,1.127938,843.316884,4.334797,5.000000,
2007-11-28,144.475510,30.518207,59.356504,73.891266,1.125786,848.270977,4.321962,5.000000,
2007-11-29,146.198696,30.904174,59.695245,73.974671,1.125369,854.594578,4.314452,5.000000,
2007-11-30,146.974849,31.001160,60.004253,74.481329,1.126909,858.481215,4.304869,5.000000,
2007-12-03,146.423637,31.088102,60.324161,75.221165,1.127075,855.031500,4.323912,5.000000,
2007-12-04,147.580787,31.195217,61.096682,76.793444,1.121774,852.872179,4.304596,5.000000,
2007-12-05,149.568032,31.626725,62.264528,78.811033,1.113103,858.015989,4.295664,5.000000,
2007-12-06,150.669469,32.001246,62.666642,79.149508,1.109141,857.036945,4.300499,5.000000,
2007-12-07,150.427580,31.874834,61.627722,76.791165,1.117319,856.705735,4.294363,5.000000,
2007-12-10,150.773574,32.094247,61.397367,75.904336,1.118693,852.982478,4.307218,5.000000,
2007-12-11,148.977058,31.642947,60.709730,75.044504,1.119702,849.425765,4.306691,5.000000,
2007-12-12,148.256430,31.474242,60.608250,75.100529,1.120241,845.578468,4.304186,5.000000,
2007-12-13,148.029490,31.506766,61.403472,77.018431,1.114706,847.065473,4.308984,5.000000,
2007-12-14,148.748887,31.798157,62.515470,79.266888,1.104975,851.365580,4.316060,5.000000,
2007-12-17,147.534372,31.550518,61.331836,76.842833,1.111786,848.928959,4.320164,5.000000,
2007-12-18,145.569430,31.052614,61.357154,77.824427,1.109253,848.015794,4.315148,5.000000,
2007-12-19,145.146887,30.907001,60.771865,76.621441,1.116567,850.748739,4.309359,5.000000,
2007-12-20,144.020231,30.611631,60.110367,75.532469,1.118466,847.269579,4.303484,5.000000,
2007-12-21,143.434385,30.430881,60.047465,75.686961,1.117759,847.650133,4.298228,5.000000,
2007-12-24,141.036427,29.848338,59.143714,74.563375,1.121900,840.623833,4.299611,5.000000,
2007-12-25,144.805313,30.650900,60.348167,75.920080,1.117964,844.278043,4.284713,5.000000,
2007-12-26,144.046057,30.596250,59.583267,74.224000,1.122235,839.477817,4.294268,5.000000,
2007-12-27,143.739912,30.534573,59.139459,73.260451,1.121354,838.029439,4.295762,5.000000,
2007-12-28,145.394396,30.799170,60.271565,75.428740,1.112870,840.527805,4.276720,5.000000,
2007-12-31,144.225236,30.592233,59.911093,74.973400,1.113011,835.372020,4.287014,5.000000,
2008-01-01,145.634513,30.632831,60.553739,76.276686,1.105773,837.165293,4.255769,0.250000,203.628748
2008-01-02,146.218362,30.731512,60.559470,76.068215,1.106546,840.742839,4.247459,0.250000,
2008-01-03,145.407732,30.679068,61.107221,77.598050,1.100024,838.878339,4.259609,0.250000,
2008-01-04,144.001292,30.396335,60.613632,76.948167,1.101800,838.871422,4.263017,0.250000,
2008-01-07,142.551753,29.965787,60.316261,76.987205,1.105584,832.769661,4.253091,0.250000,
2008-01-08,141.010459,29.633049,60.359461,77.770400,1.100402,829.482122,4.257081,0.250000,
2008-01-09,140.354010,29.468527,59.700559,76.433118,1.100066,823.202039,4.253363,0.250000,
2008-01-10,138.163381,28.880065,58.524946,74.615952,1.107075,818.514809,4.249970,0.250000,
2008-01-11,135.681985,28.324427,57.459134,73.078781,1.113745,814.507014,4.252425,0.250000,
2008-01-14,135.986315,28.531806,58.393220,75.074944,1.107036,813.338431,4.264316,0.250000,
2008-01-15,134.444360,28.128726,58.069272,75.044680,1.109209,807.953243,4.260691,0.250000,
2008-01-16,131.960623,27.577269,57.526124,74.823632,1.105716,805.140855,4.265335,0.250000,
2008-01-17,132.409885,27.616813,57.550744,74.749042,1.107446,802.679781,4.255624,0.250000,
2008-01-18,131.653530,27.398628,57.835227,75.894923,1.101935,803.654334,4.250581,0.250000,
2008-01-21,132.797669,27.720455,58.826862,77.782706,1.093214,805.734639,4.254972,0.250000,
2008-01-22,132.471912,27.618756,58.496398,77.122492,1.092431,810.865514,4.249031,0.250000,
2008-01-23,132.455500,27.618092,59.129656,78.753923,1.088336,809.763013,4.246700,0.250000,
2008-01-24,132.306723,27.468911,59.473013,79.886609,1.084894,809.858877,4.232910,0.250000,
2008-01-25,132.258849,27.425769,59.195463,79.223148,1.084671,808.193043,4.225789,0.250000,
2008-01-28,132.273743,27.314535,59.561075,80.335903,1.083619,805.129295,4.214243,0.250000,
2008-01-29,132.158889,27.309488,59.582128,80.408931,1.080579,803.898539,4.213248,0.250000,
2008-01-30,133.987005,27.633772,59.833919,80.256927,1.079998,802.890047,4.200659,0.250000,
2008-01-31,134.839804,27.764554,59.269670,78.443602,1.088063,803.300292,4.190147,0.250000,
2008-02-01,136.147311,28.120902,60.102584,79.851534,1.086184,809.384411,4.193227,0.250000,203.947882
2008-02-04,135.020523,27.899411,59.144338,77.876667,1.093505,810.488379,4.195444,0.250000,
2008-02-05,136.445897,28.182742,59.179574,77.321119,1.094082,809.686569,4.186569,0.250000,
2008-02-06,137.238002,28.507454,59.161630,76.684954,1.095110,813.538004,4.196571,0.250000,
2008-02-07,136.412264,28.286094,58.409586,75.215138,1.102129,810.039426,4.192139,0.250000,
2008-02-08,135.908655,28.119318,57.299270,72.739050,1.112181,805.116285,4.185699,0.250000,
2008-02-11,137.315683,28.434208,57.732103,73.168712,1.109815,809.064766,4.182390,0.250000,
2008-02-12,136.851821,28.443758,57.608032,72.911032,1.104115,807.660047,4.192177,0.250000,
2008-02-13,135.248978,28.121130,57.533960,73.393724,1.106286,806.224254,4.198153,0.250000,
2008-02-14,134.995148,28.244418,57.696908,73.664390,1.105586,808.715782,4.219166,0.250000,
2008-02-15,137.486050,28.820406,58.842604,75.350799,1.101089,816.327005,4.215047,0.250000,
2008-02-18,136.783861,28.828006,58.340487,74.190499,1.103490,814.775463,4.231587,0.250000,
2008-02-19,135.152403,28.584956,58.401939,74.914613,1.103754,807.710345,4.245255,0.250000,
2008-02-20,137.971468,29.175082,59.391404,76.141854,1.097645,810.394116,4.233883,0.250000,
2008-02-21,137.309535,28.869035,58.659456,74.819235,1.096627,809.502927,4.217441,0.250000,
2008-02-22,137.741133,28.987550,58.967654,75.352116,1.097514,810.504964,4.219126,0.250000,
2008-02-25,137.604310,29.016089,58.979665,75.355960,1.097332,815.253441,4.222520,0.250000,
2008-02-26,136.236365,28.868781,58.189534,73.792315,1.101733,811.485389,4.239847,0.250000,
2008-02-27,136.552219,28.982731,58.364145,74.016571,1.101279,808.506965,4.242691,0.250000,
2008-02-28,137.286811,29.308955,59.183328,75.495392,1.097858,805.651392,4.256412,0.250000,
2008-02-29,136.696824,29.214487,58.976156,75.188332,1.098776,801.652834,4.262491,0.250000,
2008-03-03,138.267015,29.601041,59.987749,76.940526,1.093717,801.162393,4.262217,0.250000,
2008-03-04,140.236760,30.067190,60.502355,77.284855,1.094642,798.919689,4.259253,0.250000,
2008-03-05,139.958540,30.047149,60.930761,78.417857,1.097066,802.024827,4.258920,0.250000,
2008-03-06,139.244794,29.861606,59.758341,75.842818,1.102240,796.371762,4.257338,0.250000,
2008-03-07,140.858283,30.208052,60.599367,77.214261,1.098476,799.419327,4.250471,0.250000,
2008-03-10,143.471654,30.764161,61.715087,78.840242,1.093866,800.968501,4.238137,0.250000,
2008-03-11,144.228123,30.902453,62.504056,80.501550,1.092454,800.167898,4.232069,0.250000,
2008-03-12,146.875380,31.572299,62.860015,80.078465,1.094549,807.082886,4.229063,0.250000,
2008-03-13,146.745902,31.566247,62.927585,80.264679,1.098742,808.598642,4.231208,0.250000,
2008-03-14,147.356535,31.790114,64.000002,82.546111,1.095999,809.629400,4.235406,0.250000,
2008-03-17,146.690944,31.705229,64.036430,82.848346,1.095995,808.638831,4.240636,0.250000,
2008-03-18,147.263163,31.909894,63.985037,82.343478,1.098784,814.476122,4.245538,0.250000,
2008-03-19,146.946712,31.771874,64.881499,84.839977,1.094548,814.646410,4.239503,0.250000,
2008-03-20,148.942966,32.382935,65.886472,86.226809,1.089460,820.391583,4.247080,0.250000,
2008-03-21,148.232870,32.209854,64.497229,83.046146,1.097091,820.364963,4.246888,0.250000,
2008-03-24,147.234966,32.032673,64.322629,82.992467,1.096619,822.745426,4.250554,0.250000,
2008-03-25,147.820716,32.198150,63.947266,81.730007,1.094409,824.725598,4.247868,0.250000,
2008-03-26,149.932920,32.701565,64.327691,81.682338,1.092232,821.138407,4.245920,0.250000,
2008-03-27,147.684343,32.145570,63.575781,80.875335,1.096856,816.968188,4.246172,0.250000,
2008-03-28,150.559739,32.805304,64.195009,81.104600,1.099067,825.153093,4.237300,0.250000,
2008-03-31,150.257511,32.622230,63.987116,80.861560,1.100307,823.497114,4.224602,0.250000,
2008-04-01,151.942071,33.139539,65.755417,84.312327,1.091056,833.985505,4.230574,0.250000,204.496497
2008-04-02,152.326306,33.176481,65.417310,83.350148,1.091140,836.172830,4.225424,0.250000,
2008-04-03,153.527073,33.518950,65.361935,82.578434,1.090002,839.256293,4.225424,0.250000,
2008-04-04,151.962294,33.156790,65.566141,83.782578,1.090433,840.312033,4.226037,0.250000,
2008-04-07,151.957370,32.939423,64.728277,81.973641,1.093128,835.457322,4.206057,0.250000,
2008-04-08,153.023746,33.064847,64.601722,81.328955,1.093519,835.513828,4.191476,0.250000,
2008-04-09,153.288928,33.100480,63.899967,79.520716,1.098211,835.717447,4.189841,0.250000,
2008-04-10,156.492397,33.883988,65.702070,82.452159,1.090788,843.901066,4.186465,0.250000,
2008-04-11,155.223021,33.486165,65.837582,83.472350,1.087543,841.367323,4.176349,0.250000,
2008-04-14,156.793918,33.843037,66.007397,83.186772,1.089296,843.359916,4.169942,0.250000,
2008-04-15,155.823149,33.543535,65.218435,81.764868,1.098271,840.501960,4.166574,0.250000,
2008-04-16,156.666680,33.684756,66.687625,85.071146,1.093609,835.910575,4.158909,0.250000,
2008-04-17,158.884019,34.126603,67.157563,85.314767,1.092413,838.568418,4.147148,0.250000,
2008-04-18,161.332363,34.596741,68.098002,86.656453,1.085060,841.382906,4.132158,0.250000,
2008-04-21,162.659565,34.962796,69.030627,88.288916,1.084199,842.512668,4.134240,0.250000,
2008-04-22,164.380962,35.314635,70.433931,91.067477,1.079940,843.146093,4.127466,0.250000,
2008-04-23,162.818871,35.069500,69.695429,89.767282,1.080136,842.018763,4.137692,0.250000,
2008-04-24,164.392888,35.195678,70.556165,91.510182,1.077591,846.395436,4.112182,0.250000,
2008-04-25,162.746104,34.612231,69.802799,90.636193,1.080916,842.612305,4.096244,0.250000,
2008-04-28,162.408033,34.491980,69.484584,90.034953,1.079989,841.101797,4.089914,0.250000,
2008-04-29,163.557555,34.879401,70.477613,91.835797,1.078081,841.309211,4.096870,0.250000,
2008-04-30,162.287805,34.675230,70.063318,91.251577,1.082861,844.136108,4.103712,0.250000,
2008-05-01,161.667846,34.558771,69.796052,90.818451,1.083083,845.480622,4.108880,0.250000,204.707456
2008-05-02,162.727318,34.811270,70.660237,92.493529,1.081334,851.293132,4.106654,0.250000,
2008-05-05,164.255106,35.118185,71.229213,93.268159,1.080076,852.107180,4.096329,0.250000,
2008-05-06,164.288976,34.933958,71.132211,93.255375,1.079475,853.876919,4.079207,0.250000,
2008-05-07,165.293414,35.122964,71.932042,94.871039,1.076550,856.664518,4.069959,0.250000,
2008-05-08,167.409007,35.685175,73.301665,97.260816,1.071866,861.669728,4.072602,0.250000,
2008-05-09,168.106106,35.878073,74.089300,98.905645,1.069551,863.216677,4.071903,0.250000,
2008-05-12,167.937290,35.810885,73.485517,97.448768,1.068929,864.572891,4.069167,0.250000,
2008-05-13,166.645333,35.475568,73.603030,98.431939,1.071339,861.150032,4.068719,0.250000,
2008-05-14,166.256296,35.283099,73.155478,97.593021,1.073633,864.208843,4.060564,0.250000,
2008-05-15,166.472932,35.310165,72.507776,95.828750,1.079595,868.093620,4.058249,0.250000,
2008-05-16,165.863326,35.203693,72.546282,96.165997,1.080422,868.660469,4.059979,0.250000,
2008-05-19,163.302307,34.757874,72.471623,97.022549,1.082208,864.295195,4.073409,0.250000,
2008-05-20,165.237496,35.278388,72.396526,95.754288,1.081757,866.139317,4.072752,0.250000,
2008-05-21,163.599893,34.896886,73.243358,98.769636,1.074427,864.387442,4.070904,0.250000,
2008-05-22,163.175975,34.791745,73.050225,98.475458,1.079255,860.805640,4.071814,0.250000,
2008-05-23,162.586158,34.676784,73.137457,98.963256,1.081269,858.784293,4.071265,0.250000,
2008-05-26,163.033354,34.805707,73.337926,99.213292,1.085714,856.582614,4.070761,0.250000,
2008-05-27,164.683728,35.045957,73.671315,99.442752,1.084341,854.364410,4.055794,0.250000,
2008-05-28,164.410007,34.838320,73.843101,100.236652,1.085555,855.805627,4.044019,0.250000,
2008-05-29,163.292298,34.618912,73.301638,99.310150,1.090405,852.997299,4.047646,0.250000,
2008-05-30,162.613281,34.326005,72.251251,97.078661,1.092406,848.133317,4.035738,0.250000,
2008-06-02,163.099105,34.384160,72.316284,97.069762,1.088299,852.648663,4.028863,0.250000,
2008-06-03,163.830580,34.582691,72.065685,95.994683,1.088548,852.560467,4.030418,0.250000,
2008-06-04,163.837004,34.498966,72.073436,96.121583,1.092330,856.765647,4.021499,0.250000,
2008-06-05,165.352144,34.668444,71.856467,95.055062,1.094586,854.763276,4.002226,0.250000,
2008-06-06,165.384408,34.677830,72.119572,95.704809,1.096049,855.587213,4.005420,0.250000,
2008-06-09,165.059365,34.412128,72.012782,95.848693,1.096167,855.928898,3.989488,0.250000,
2008-06-10,164.352560,34.248525,71.782382,95.590257,1.098101,852.652937,3.988280,0.250000,
2008-06-11,165.585686,34.377908,73.236725,98.989036,1.093484,856.914182,3.973752,0.250000,
2008-06-12,167.755342,34.703529,74.039733,100.242746,1.089252,858.838225,3.956821,0.250000,
2008-06-13,167.803652,34.631340,73.378952,98.589719,1.090143,860.872926,3.950862,0.250000,
2008-06-16,165.946490,34.300442,72.545799,97.191114,1.090509,856.131026,3.958808,0.250000,
2008-06-17,167.328602,34.431694,72.497306,96.632609,1.091546,857.972782,3.943101,0.250000,
2008-06-18,167.576188,34.354023,73.393252,99.037355,1.084636,857.322414,3.930159,0.250000,
2008-06-19,168.500032,34.613516,73.449150,98.634130,1.089229,851.996358,3.933134,0.250000,
2008-06-20,168.420191,34.659200,74.269389,100.727573,1.086231,852.519782,3.936561,0.250000,
2008-06-23,169.065369,34.761794,75.060048,102.549472,1.083508,851.059176,3.931458,0.250000,
2008-06-24,169.278893,34.856934,74.991263,102.172840,1.084084,851.805610,3.934540,0.250000,
2008-06-25,169.752631,34.878008,75.097873,102.330140,1.083685,847.520201,3.926546,0.250000,
2008-06-26,168.872645,34.518524,74.221521,100.684299,1.086416,847.836251,3.914377,0.250000,
2008-06-27,171.022353,35.134996,76.759192,106.138567,1.075558,856.545636,3.921628,0.250000,
2008-06-30,168.618081,34.661283,76.077813,105.451370,1.072933,853.139794,3.924394,0.250000,
2008-07-01,168.210103,34.516612,75.962978,105.427285,1.074736,848.831638,3.920222,0.250000,205.866904
2008-07-02,165.536741,33.963192,75.574706,105.719436,1.077385,841.595867,3.928343,0.250000,
2008-07-03,164.589663,33.748327,74.776935,104.048933,1.080790,837.423826,3.928455,0.250000,
2008-07-04,166.585942,34.204595,75.861480,105.898645,1.076088,846.579062,3.926002,0.250000,
2008-07-07,167.377405,34.396835,76.548473,107.308944,1.074068,849.044084,3.927756,0.250000,
2008-07-08,166.576349,34.336194,76.319026,106.912277,1.072538,843.839334,3.936803,0.250000,
2008-07-09,167.217629,34.515750,76.717884,107.584331,1.072905,843.931973,3.938820,0.250000,
2008-07-10,168.585870,34.944251,77.435743,108.597645,1.068919,849.623677,3.946003,0.250000,
2008-07-11,170.292388,35.337105,77.544634,107.946956,1.065619,854.950294,3.945246,0.250000,
2008-07-14,172.155032,35.928168,78.759258,109.969419,1.062330,856.231629,3.955677,0.250000,
2008-07-15,172.112262,35.794866,79.625641,112.551152,1.063577,855.330644,3.946223,0.250000,
2008-07-16,170.826757,35.344848,78.609020,110.703999,1.072240,846.141743,3.934250,0.250000,
2008-07-17,171.134305,35.514724,78.815033,110.925942,1.071278,847.563246,3.939814,0.250000,
2008-07-18,170.708957,35.444338,78.563024,110.412236,1.072728,844.021977,3.942809,0.250000,
2008-07-21,173.552172,36.222967,79.251804,110.524097,1.071401,847.602145,3.947511,0.250000,
2008-07-22,174.379669,36.437456,79.058308,109.502138,1.076949,847.203020,3.948673,0.250000,
2008-07-23,173.058423,36.147852,77.842086,106.894933,1.080939,845.899868,3.950367,0.250000,
2008-07-24,172.842588,36.214347,77.685570,106.400081,1.081855,843.881624,3.959962,0.250000,
2008-07-25,174.359563,36.558619,78.428679,107.586492,1.075464,842.662833,3.955100,0.250000,
2008-07-28,173.132950,36.288538,78.270502,107.776796,1.072469,842.489020,3.956834,0.250000,
2008-07-29,171.789787,35.940238,78.237897,108.452323,1.076859,841.670498,3.954997,0.250000,
2008-07-30,170.407415,35.650817,77.691919,107.661184,1.070393,839.501648,3.958422,0.250000,
2008-07-31,171.884406,36.018147,78.242476,108.300030,1.065188,841.836132,3.958164,0.250000,
2008-08-01,174.667129,36.580298,79.176107,109.439590,1.061212,843.993295,3.948591,0.250000,206.120635
2008-08-04,174.400012,36.505516,78.614949,108.078718,1.063684,845.756215,3.944110,0.250000,
2008-08-05,173.580383,36.259189,78.276736,107.678633,1.062824,843.101491,3.938619,0.250000,
2008-08-06,175.739012,36.666056,78.952576,108.476244,1.058827,843.888206,3.925852,0.250000,
2008-08-07,175.184086,36.422903,78.261768,107.080942,1.065639,843.465257,3.916973,0.250000,
2008-08-08,174.836698,36.237942,77.309180,104.873062,1.066946,843.686187,3.910838,0.250000,
2008-08-11,173.246163,35.900767,77.291207,105.592964,1.067087,848.061134,3.915078,0.250000,
2008-08-12,172.406479,35.857620,76.770160,104.404820,1.065806,850.524772,3.928863,0.250000,
2008-08-13,174.575726,36.381839,78.774304,108.570435,1.059644,849.658024,3.928792,0.250000,
2008-08-14,173.947209,36.154601,80.271383,113.098843,1.056274,847.480468,3.920313,0.250000,
2008-08-15,171.734335,35.569938,77.986841,108.185061,1.064059,847.514959,3.915419,0.250000,
2008-08-18,173.644334,35.910235,77.836498,106.900308,1.065208,848.384908,3.904100,0.250000,
2008-08-19,174.640530,35.952877,77.916426,106.861138,1.065345,857.442689,3.887568,0.250000,
2008-08-20,174.800512,35.964670,77.823823,106.554366,1.063649,851.436623,3.885019,0.250000,
2008-08-21,172.640017,35.394390,76.136211,103.288636,1.071106,856.050818,3.879642,0.250000,
2008-08-22,173.848827,35.736740,76.760021,104.207144,1.068420,861.492358,3.886340,0.250000,
2008-08-25,172.630437,35.251937,75.563040,101.964437,1.076562,859.830742,3.868617,0.250000,
2008-08-26,173.492848,35.263609,75.486873,101.589274,1.076537,855.625048,3.853698,0.250000,
2008-08-27,172.430291,35.113545,76.183253,103.822237,1.069950,855.889419,3.860137,0.250000,
2008-08-28,175.182122,35.638031,76.067470,102.251867,1.070837,858.921923,3.847397,0.250000,
2008-08-29,177.954326,36.376633,77.935624,105.595954,1.060968,860.865663,3.853141,0.250000,
2008-09-01,178.600574,36.476874,77.745375,104.823277,1.063754,858.794999,3.848847,0.250000,206.932657
2008-09-02,175.859216,35.908230,77.684744,105.967210,1.062069,850.742506,3.854385,0.250000,
2008-09-03,177.707574,36.426651,78.824967,107.886199,1.058036,851.091703,3.859925,0.250000,
2008-09-04,178.201420,36.588283,79.807302,110.172695,1.057391,848.122320,3.860850,0.250000,
2008-09-05,179.025926,36.747062,79.966279,110.196138,1.062577,850.392449,3.858128,0.250000,
2008-09-08,180.699216,37.034247,80.593326,111.131738,1.058425,851.478237,3.848541,0.250000,
2008-09-09,181.079694,37.077415,80.282345,110.150581,1.058840,849.946567,3.842448,0.250000,
2008-09-10,179.437916,36.845685,79.857147,109.638573,1.056076,854.152813,3.855046,0.250000,
2008-09-11,177.794789,36.429469,79.749250,110.266277,1.055237,853.609125,3.853200,0.250000,
2008-09-12,181.718555,37.356575,82.618306,115.882374,1.049089,859.831623,3.849154,0.250000,
2008-09-15,177.023245,36.297759,82.884125,119.221936,1.047036,847.825025,3.852072,0.250000,
2008-09-16,178.047913,36.459280,82.713358,118.262374,1.047091,851.639916,3.843898,0.250000,
2008-09-17,174.919969,35.805141,79.492697,111.014672,1.060387,841.308012,3.851623,0.250000,
2008-09-18,173.147088,35.555908,79.784058,112.525513,1.056259,831.657974,3.861328,0.250000,
2008-09-19,175.844688,36.020424,78.843109,108.724169,1.059137,828.577599,3.845056,0.250000,
2008-09-22,170.906533,34.873631,78.186813,109.635245,1.059681,820.218271,3.844836,0.250000,
2008-09-23,170.244055,34.724671,74.383141,99.786740,1.071678,820.987249,3.846784,0.250000,
2008-09-24,166.842818,33.957116,73.642096,99.547645,1.076577,814.617670,3.847851,0.250000,
2008-09-25,164.404065,33.290031,71.566519,95.501232,1.085903,810.406098,3.840946,0.250000,
2008-09-26,163.576318,33.150599,71.055772,94.503856,1.090060,809.079560,3.842880,0.250000,
2008-09-29,166.686309,33.740940,71.174363,93.439191,1.085827,812.318421,3.827049,0.250000,
2008-09-30,167.459579,33.896334,70.864978,92.296004,1.084856,810.847590,3.825040,0.250000,
2008-10-01,164.662938,33.113871,69.252732,89.729102,1.092024,811.497686,3.816224,0.250000,207.151058
2008-10-02,172.540966,35.156199,72.560556,94.026730,1.079822,819.670883,3.831070,0.250000,
2008-10-03,166.362979,33.809496,71.448770,94.050621,1.083895,811.608039,3.838345,0.250000,
2008-10-06,169.028585,34.421667,74.437121,100.472854,1.072538,817.174795,3.834381,0.250000,
2008-10-07,167.171075,34.074489,71.584800,93.868631,1.080784,814.767098,3.840716,0.250000,
2008-10-08,166.856860,33.820144,72.709369,97.181227,1.075610,811.569550,3.824781,0.250000,
2008-10-09,163.194182,32.839337,71.309544,95.583387,1.083346,808.640229,3.812240,0.250000,
2008-10-10,167.942807,33.886038,72.514662,96.374570,1.080239,813.509094,3.807868,0.250000,
2008-10-13,165.832012,33.305106,74.028957,101.590755,1.068673,809.781297,3.800234,0.250000,
2008-10-14,166.067101,33.338410,75.144385,104.489871,1.062487,813.086513,3.797600,0.250000,
2008-10-15,165.299314,33.241399,75.142038,104.765844,1.064568,813.794212,3.803634,0.250000,
2008-10-16,164.419975,32.942649,75.359079,105.995696,1.061860,814.439601,3.794374,0.250000,
2008-10-17,170.493290,34.403899,76.232064,104.905763,1.060397,822.167469,3.797169,0.250000,
2008-10-20,168.730994,34.073152,73.848357,99.373762,1.068927,825.561000,3.802327,0.250000,
2008-10-21,163.658632,32.896507,72.561165,98.617559,1.072588,820.924597,3.803811,0.250000,
2008-10-22,164.790650,33.080381,70.623873,93.082454,1.082352,823.059369,3.793554,0.250000,
2008-10-23,162.801647,32.537997,69.862439,92.220474,1.085973,823.065211,3.788949,0.250000,
2008-10-24,159.561456,31.724611,69.074003,91.897720,1.090776,815.788461,3.784929,0.250000,
2008-10-27,165.803284,33.103218,70.667793,92.964790,1.086560,822.684290,3.777370,0.250000,
2008-10-28,162.112337,32.335670,71.749507,97.537352,1.078042,815.298419,3.784018,0.250000,
2008-10-29,159.814111,31.808884,71.965451,99.335420,1.073588,816.118636,3.784291,0.250000,
2008-10-30,160.964371,32.303105,73.964589,103.737477,1.062499,819.880170,3.805781,0.250000,
2008-10-31,162.732816,32.615837,75.185052,106.228850,1.057188,819.100111,3.794731,0.250000,
2008-11-03,162.882136,32.528024,74.655619,104.879013,1.060126,820.631593,3.783411,0.250000,
2008-11-04,166.762994,33.443804,74.918332,103.392268,1.058065,827.073683,3.786610,0.250000,
2008-11-05,172.373715,34.761168,75.948356,103.102639,1.053735,831.515337,3.786137,0.250000,
2008-11-06,169.182537,34.107215,75.476524,103.394094,1.054854,827.940158,3.793266,0.250000,
2008-11-07,170.392049,34.406183,74.042469,98.935662,1.058956,834.631304,3.792448,0.250000,
2008-11-10,163.685446,32.945939,73.334085,100.420436,1.058764,825.496443,3.801592,0.250000,
2008-11-11,158.878903,31.970297,71.703843,98.430628,1.064628,820.414924,3.815080,0.250000,
2008-11-12,152.459228,30.510330,70.105355,97.617965,1.066931,813.123943,3.819895,0.250000,
2008-11-13,156.310048,31.525088,71.117942,97.999692,1.064252,820.248516,3.829516,0.250000,
2008-11-14,156.067801,31.568634,72.239388,100.998101,1.060273,818.469454,3.839110,0.250000,
2008-11-17,161.324776,32.639867,74.283375,103.833803,1.054976,827.504973,3.822071,0.250000,
2008-11-18,159.842157,32.268663,73.439736,102.401473,1.056905,824.963163,3.818413,0.250000,
2008-11-19,157.823910,31.727009,73.092117,102.704504,1.057815,822.568508,3.812873,0.250000,
2008-11-20,157.529733,31.651572,72.595266,101.512329,1.057668,820.007134,3.812661,0.250000,
2008-11-21,152.512984,30.392677,71.217836,100.765759,1.061211,814.451916,3.802247,0.250000,
2008-11-24,148.201545,29.545084,70.423172,100.838504,1.063143,809.528953,3.816527,0.250000,
2008-11-25,144.280508,28.663256,69.282224,99.960019,1.067438,804.079643,3.817020,0.250000,
2008-11-26,141.127802,27.885541,66.805329,95.018436,1.077061,796.771820,3.810241,0.250000,
2008-11-27,140.424853,27.657012,67.865161,98.525734,1.072480,803.008626,3.803042,0.250000,
2008-11-28,137.629516,27.093315,65.036235,92.152963,1.086276,801.066440,3.809582,0.250000,
2008-12-01,138.521653,27.311750,63.751826,88.096179,1.092623,800.574665,3.809032,0.250000,207.201842
2008-12-02,136.363769,26.785651,60.988052,81.967006,1.105240,795.677132,3.804493,0.250000,
2008-12-03,135.206064,26.555923,60.500936,81.240312,1.107417,791.902320,3.807541,0.250000,
2008-12-04,133.134240,25.937025,59.740166,80.570798,1.104735,795.238687,3.792433,0.250000,
2008-12-05,134.849834,26.308807,59.963156,80.262592,1.110507,794.064941,3.787380,0.250000,
2008-12-08,134.191052,26.327699,59.637419,79.486012,1.108868,793.149951,3.807789,0.250000,
2008-12-09,136.572683,26.669195,60.709985,81.335500,1.104511,794.769168,3.784801,0.250000,
2008-12-10,136.173027,26.451492,60.525078,81.252310,1.106494,788.398998,3.769335,0.250000,
2008-12-11,132.167220,25.517885,59.288676,80.172027,1.111788,780.694987,3.767855,0.250000,
2008-12-12,131.193276,25.235321,59.080645,80.240797,1.112767,776.776686,3.760204,0.250000,
2008-12-15,127.485920,24.398845,56.449181,75.303931,1.128596,773.782079,3.759381,0.250000,
2008-12-16,128.682465,24.614597,55.577572,72.518960,1.131633,778.266676,3.753577,0.250000,
2008-12-17,132.395053,25.293039,57.941112,76.928522,1.120769,781.224684,3.736531,0.250000,
2008-12-18,132.549758,25.391913,57.740816,76.222402,1.123200,782.486716,3.745957,0.250000,
2008-12-19,140.914772,27.353147,61.107310,80.507564,1.107501,793.167879,3.750580,0.250000,
2008-12-22,141.961155,27.674458,61.245677,80.199724,1.104028,791.935092,3.757572,0.250000,
2008-12-23,136.558570,26.515328,60.775376,81.650367,1.106052,783.070905,3.765230,0.250000,
2008-12-24,132.104579,25.585164,58.476164,77.860044,1.119217,778.795231,3.773943,0.250000,
2008-12-25,129.330027,25.019529,59.041021,80.729894,1.112223,771.314300,3.781934,0.250000,
2008-12-26,127.446376,24.427210,56.875504,76.293396,1.121912,771.003187,3.762958,0.250000,
2008-12-29,125.881145,24.080733,55.651822,73.913930,1.128486,768.455951,3.761353,0.250000,
2008-12-30,122.924636,23.324028,53.477174,69.980251,1.138894,762.808594,3.749181,0.250000,
2008-12-31,123.495595,23.599299,53.593305,69.753192,1.138780,766.151388,3.768220,0.250000,
2009-01-01,123.772923,23.761209,54.625200,72.088433,1.131315,771.135532,3.778816,0.250000,207.545423
2009-01-02,122.179958,23.490317,54.170091,71.596267,1.135823,770.403085,3.787393,0.250000,
2009-01-05,122.900817,23.677830,52.648196,67.325895,1.148536,771.535694,3.789980,0.250000,
2009-01-06,120.763156,23.200569,50.871500,63.938579,1.160697,765.981826,3.788302,0.250000,
2009-01-07,120.708813,23.298704,51.269385,64.777500,1.158775,763.828397,3.803708,0.250000,
2009-01-08,120.632423,23.259467,50.970652,64.102245,1.163055,759.551201,3.799780,0.250000,
2009-01-09,118.683446,22.864256,49.892664,62.309480,1.169842,758.451683,3.802946,0.250000,
2009-01-12,116.917727,22.510409,50.463299,64.488297,1.166938,751.382735,3.808460,0.250000,
2009-01-13,115.279649,22.243402,50.398681,64.976635,1.163297,749.620747,3.823893,0.250000,
2009-01-14,118.013442,22.835748,52.080786,67.880625,1.156011,755.456993,3.818615,0.250000,
2009-01-15,118.668512,22.942584,52.024928,67.461052,1.156235,756.309776,3.812186,0.250000,
2009-01-16,116.860892,22.488153,51.732948,67.702258,1.159854,752.646502,3.807155,0.250000,
2009-01-19,120.144297,23.271632,53.453898,70.338413,1.151084,757.510402,3.810611,0.250000,
2009-01-20,120.568082,23.367568,52.682779,68.150530,1.158113,754.465209,3.807078,0.250000,
2009-01-21,121.569891,23.597095,53.453566,69.584667,1.156350,755.959610,3.806056,0.250000,
2009-01-22,124.302209,24.105304,53.969306,69.675330,1.151852,761.548175,3.790633,0.250000,
2009-01-23,125.161585,24.180345,54.231196,70.077409,1.151924,762.590056,3.773426,0.250000,
2009-01-26,129.873867,25.399218,56.813509,74.024069,1.137953,772.932891,3.788260,0.250000,
2009-01-27,132.983914,26.010648,58.567687,77.061603,1.129400,781.102677,3.775265,0.250000,
2009-01-28,135.102577,26.448300,58.657622,76.277424,1.124484,787.947729,3.769480,0.250000,
2009-01-29,139.057236,27.456535,60.158794,77.950617,1.118763,792.311521,3.780040,0.250000,
2009-01-30,140.154071,27.735999,60.001661,76.968395,1.123408,797.695553,3.781120,0.250000,
2009-02-02,140.862297,27.848138,61.487780,80.438607,1.117344,798.476827,3.776313,0.250000,
2009-02-03,145.422330,28.936339,62.518261,80.719678,1.114435,801.903300,3.779194,0.250000,
2009-02-04,144.435112,28.696366,62.190074,80.384199,1.112428,797.289870,3.779291,0.250000,
2009-02-05,142.939636,28.571667,61.934112,80.146770,1.115704,800.215882,3.803821,0.250000,
2009-02-06,139.503328,27.723302,61.412953,80.616393,1.120957,792.150383,3.795650,0.250000,
2009-02-09,143.621139,28.747913,62.500036,81.193702,1.117153,798.522392,3.801717,0.250000,
2009-02-10,142.856452,28.524268,61.936417,80.204514,1.117796,802.404850,3.796863,0.250000,
2009-02-11,144.633860,29.045548,62.261505,79.983724,1.108561,808.613752,3.804703,0.250000,
2009-02-12,146.301948,29.374316,61.850825,78.235286,1.107153,808.010872,3.794631,0.250000,
2009-02-13,143.081081,28.710462,60.095782,75.304982,1.112602,801.079025,3.804526,0.250000,
2009-02-16,152.932994,30.887796,63.170922,78.427548,1.101887,815.922815,3.790906,0.250000,
2009-02-17,160.463930,32.572352,64.370606,78.078427,1.096070,817.913729,3.782155,0.250000,
2009-02-18,160.187796,32.565270,63.335093,75.682697,1.103234,818.409899,3.787351,0.250000,
2009-02-19,162.584885,33.021042,63.099299,74.273587,1.103877,822.877452,3.778893,0.250000,
2009-02-20,160.597222,32.675316,61.432160,71.116023,1.112657,823.588948,3.788129,0.250000,
2009-02-23,158.035321,32.023316,62.354463,74.308546,1.104727,827.188460,3.783028,0.250000,
2009-02-24,158.302506,31.964290,60.608912,70.327743,1.115513,826.731304,3.770884,0.250000,
2009-02-25,149.715091,30.209486,56.766081,64.728833,1.136933,814.321584,3.795816,0.250000,
2009-02-26,145.948659,29.197328,55.989171,64.586168,1.143750,806.519546,3.783410,0.250000,
2009-02-27,147.900489,29.585802,56.483757,65.003632,1.144321,813.313763,3.775519,0.250000,
2009-03-02,146.133513,29.221282,56.564744,65.820063,1.137664,812.026329,3.778951,0.250000,
2009-03-03,146.818444,29.388624,56.390656,65.138323,1.139448,813.603939,3.780718,0.250000,
2009-03-04,146.615831,29.403360,55.234818,62.559365,1.143624,808.480440,3.789707,0.250000,
2009-03-05,141.429459,28.012076,52.198258,58.025437,1.158232,801.410915,3.772393,0.250000,
2009-03-06,141.320038,27.755044,52.123134,58.143210,1.162130,795.913591,3.745454,0.250000,
2009-03-09,144.441735,28.413136,51.943625,56.699104,1.164269,802.037989,3.737032,0.250000,
2009-03-10,144.003146,28.254920,51.923609,56.861752,1.163210,799.819332,3.731251,0.250000,
2009-03-11,142.945554,28.018611,51.548029,56.416364,1.163363,795.867473,3.730262,0.250000,
2009-03-12,142.080796,27.827568,51.367876,56.320375,1.163156,794.106017,3.731363,0.250000,
2009-03-13,142.712478,27.898724,51.811701,57.119045,1.165573,796.612268,3.721882,0.250000,
2009-03-16,143.743651,28.154776,51.893238,56.901736,1.167132,803.115471,3.723723,0.250000,
2009-03-17,142.574518,27.864631,51.452695,56.386357,1.167439,800.109828,3.721427,0.250000,
2009-03-18,142.929204,27.894684,51.238247,55.851105,1.171622,798.635960,3.711730,0.250000,
2009-03-19,141.084159,27.525761,50.513757,54.890394,1.175717,799.184044,3.718075,0.250000,
2009-03-20,143.180899,27.944214,50.858217,54.954182,1.176139,802.471017,3.712401,0.250000,
2009-03-23,146.184009,28.581966,51.524305,55.380533,1.171743,807.876557,3.706803,0.250000,
2009-03-24,145.351048,28.352044,52.462254,57.690424,1.162264,805.628315,3.699911,0.250000,
2009-03-25,144.646646,28.186806,52.209706,57.394332,1.164560,806.653183,3.701544,0.250000,
2009-03-26,145.475683,28.338761,51.865829,56.403382,1.164622,811.078214,3.696675,0.250000,
2009-03-27,143.642944,27.946677,51.012646,55.192588,1.171436,809.505231,3.701659,0.250000,
2009-03-30,144.254611,28.130427,51.410205,55.771747,1.166687,813.222900,3.707104,0.250000,
2009-03-31,144.698445,28.240926,51.118235,54.989166,1.168498,815.622124,3.709638,0.250000,
2009-04-01,142.552254,27.810202,50.379677,54.097565,1.171787,813.793944,3.715540,0.250000,208.911554
2009-04-02,143.084797,27.888637,50.737436,54.705170,1.170122,813.859195,3.711116,0.250000,
2009-04-03,142.612794,27.928563,50.590694,54.401454,1.175363,813.444792,3.727040,0.250000,
2009-04-06,144.144748,28.283692,51.378662,55.527144,1.166355,816.699361,3.727264,0.250000,
2009-04-07,143.902976,28.264801,51.458241,55.734029,1.165933,811.891597,3.728318,0.250000,
2009-04-08,142.632967,28.004718,50.571988,54.263712,1.174783,808.075300,3.731149,0.250000,
2009-04-09,141.322289,27.697153,51.120533,55.874016,1.171149,805.341220,3.729127,0.250000,
2009-04-10,139.934194,27.354050,51.070566,56.277691,1.171185,805.397818,3.725207,0.250000,
2009-04-13,140.814192,27.513558,51.284558,56.461063,1.168385,801.830979,3.722556,0.250000,
2009-04-14,140.328950,27.423778,51.083458,56.172540,1.165010,801.242522,3.725974,0.250000,
2009-04-15,141.545309,27.761023,51.510500,56.587922,1.161092,801.243295,3.732658,0.250000,
2009-04-16,142.969128,28.145583,52.908836,59.027231,1.153424,803.082804,3.737294,0.250000,
2009-04-17,143.414025,28.034287,53.948919,61.375432,1.149324,805.907038,3.715664,0.250000,
2009-04-20,142.761879,27.872960,53.940414,61.611477,1.147284,805.507814,3.714055,0.250000,
2009-04-21,141.337254,27.588134,53.239764,60.543435,1.150642,806.160855,3.717708,0.250000,
2009-04-22,138.462996,27.086039,51.930694,58.555615,1.159482,800.755517,3.735573,0.250000,
2009-04-23,140.264346,27.437123,51.746713,57.547517,1.158937,804.994862,3.729354,0.250000,
2009-04-24,142.527325,27.880593,52.246511,57.882958,1.157782,808.614924,3.720022,0.250000,
2009-04-27,144.204435,28.270181,52.610304,58.053137,1.154878,810.911733,3.721554,0.250000,
2009-04-28,144.888532,28.435168,53.157395,58.972739,1.156480,815.933076,3.722186,0.250000,
2009-04-29,147.348045,29.015552,53.577657,58.975114,1.148704,819.295878,3.723668,0.250000,
2009-04-30,149.654036,29.343016,53.660907,58.545958,1.149179,822.465541,3.702213,0.250000,
2009-05-01,149.700481,29.445724,53.279245,57.620277,1.152150,825.429560,3.711850,0.250000,209.324337
2009-05-04,148.353015,29.372371,53.267106,57.810591,1.151372,824.636285,3.733691,0.250000,
2009-05-05,149.701688,29.737752,54.563586,60.040909,1.146821,830.761552,3.737508,0.250000,
2009-05-06,152.117508,30.179569,55.685485,61.710601,1.141900,832.633729,3.725929,0.250000,
2009-05-07,152.941798,30.257727,56.280731,62.815631,1.141965,833.172605,3.712239,0.250000,
2009-05-08,155.638299,30.856760,57.608851,64.748707,1.137232,838.224628,3.709721,0.250000,
2009-05-11,154.146941,30.505661,57.292840,64.605093,1.138780,841.238239,3.709048,0.250000,
2009-05-12,151.466179,29.976041,56.754404,64.313208,1.140957,833.256466,3.715425,0.250000,
2009-05-13,151.169265,29.848087,56.586134,64.110475,1.144528,830.566139,3.709743,0.250000,
2009-05-14,151.865670,29.917692,56.034839,62.731846,1.148058,830.053596,3.696880,0.250000,
2009-05-15,150.959989,29.861053,56.023287,62.867313,1.150668,830.441138,3.712271,0.250000,
2009-05-18,151.637291,29.805069,56.294329,63.434348,1.146063,831.521902,3.690053,0.250000,
2009-05-19,152.845793,29.813408,57.109073,65.072807,1.142353,833.269102,3.663918,0.250000,
2009-05-20,152.522681,29.655299,57.255972,65.610421,1.140643,831.193623,3.654064,0.250000,
2009-05-21,150.357695,29.089411,57.109232,66.194465,1.144125,824.088255,3.646415,0.250000,
2009-05-22,152.044284,29.490224,58.131579,67.820765,1.137018,829.561605,3.646470,0.250000,
2009-05-25,149.286782,29.008709,57.756932,67.885648,1.133736,824.707243,3.659371,0.250000,
2009-05-26,151.244609,29.446515,57.926676,67.491369,1.133355,824.877030,3.655872,0.250000,
2009-05-27,154.532265,30.217384,58.236503,66.876598,1.130000,828.887472,3.656473,0.250000,
2009-05-28,152.127389,29.945884,58.127580,67.235094,1.127559,825.888641,3.685733,0.250000,
2009-05-29,151.990173,29.972042,57.761403,66.390184,1.126241,826.534474,3.691310,0.250000,
2009-06-01,152.018222,29.961112,57.501867,65.810066,1.129236,823.564582,3.686843,0.250000,209.894257
2009-06-02,151.245775,29.767110,56.884448,64.740107,1.135444,823.404600,3.685823,0.250000,
2009-06-03,149.411092,29.547300,56.738068,64.879275,1.132119,825.018370,3.705179,0.250000,
2009-06-04,149.706936,29.780890,56.507803,64.062168,1.131915,830.746956,3.718629,0.250000,
2009-06-05,150.022455,29.779716,56.598183,64.216927,1.134414,830.266987,3.709965,0.250000,
2009-06-08,149.058683,29.400546,56.121169,63.692052,1.136807,826.562910,3.692236,0.250000,
2009-06-09,148.655350,29.297691,56.466409,64.617073,1.135347,821.285065,3.690163,0.250000,
2009-06-10,148.565392,29.282519,56.709902,65.182414,1.131339,823.867373,3.687866,0.250000,
2009-06-11,147.293426,28.880081,56.018082,64.244088,1.135518,818.498711,3.674639,0.250000,
2009-06-12,146.855709,28.795185,56.059209,64.480442,1.134247,817.295109,3.676767,0.250000,
2009-06-15,147.690106,28.960379,57.335605,67.061183,1.123705,817.751687,3.672629,0.250000,
2009-06-16,144.609837,28.389315,57.110584,67.631460,1.124294,810.465314,3.686645,0.250000,
2009-06-17,142.212178,27.859002,56.157178,66.391930,1.130567,809.869545,3.690271,0.250000,
2009-06-18,140.963878,27.633761,55.755121,65.899144,1.131795,810.291356,3.698176,0.250000,
2009-06-19,141.797148,27.828299,56.230976,66.639118,1.129607,814.254886,3.697909,0.250000,
2009-06-22,139.519567,27.320602,55.549580,65.988125,1.129852,811.589349,3.700566,0.250000,
2009-06-23,141.677749,27.737927,56.839945,68.167957,1.121407,816.210751,3.691765,0.250000,
2009-06-24,141.877184,27.717780,56.821083,68.113441,1.124019,819.682587,3.683337,0.250000,
2009-06-25,141.197862,27.512178,56.276437,67.185516,1.127248,821.210586,3.675403,0.250000,
2009-06-26,139.306281,27.271464,55.566739,66.085118,1.129790,816.343781,3.693482,0.250000,
2009-06-29,140.255446,27.459100,55.327977,65.166828,1.128690,819.704003,3.691131,0.250000,
2009-06-30,139.467068,27.181121,54.834101,64.468358,1.129535,822.409041,3.677954,0.250000,
2009-07-01,137.409980,26.782244,54.753997,65.042880,1.126887,822.377325,3.686245,0.250000,210.380821
2009-07-02,136.689709,26.709853,53.972944,63.420178,1.133681,824.372364,3.697364,0.250000,
2009-07-03,137.197807,26.895951,54.738760,64.878603,1.132807,821.655577,3.706015,0.250000,
2009-07-06,138.617639,27.346644,55.074971,64.900359,1.134504,828.128618,3.718740,0.250000,
2009-07-07,139.958442,27.584783,55.776765,66.037687,1.130611,829.581811,3.707193,0.250000,
2009-07-08,139.937152,27.544609,56.611064,68.024252,1.125775,827.689586,3.703191,0.250000,
2009-07-09,139.635802,27.496834,56.516076,67.895663,1.122551,832.597128,3.704670,0.250000,
2009-07-10,138.638655,27.318349,56.273740,67.684708,1.124987,831.853880,3.710859,0.250000,
2009-07-13,138.856258,27.294468,57.142907,69.730974,1.116285,828.881105,3.701337,0.250000,
2009-07-14,139.590755,27.489845,58.191344,71.867236,1.112762,835.182594,3.701554,0.250000,
2009-07-15,137.677402,27.166536,57.328136,70.496510,1.115894,833.209681,3.713480,0.250000,
2009-07-16,137.058056,27.001129,57.696693,71.691504,1.115386,830.280031,3.709645,0.250000,
2009-07-17,135.674050,26.668449,57.011972,70.684706,1.117020,832.635517,3.707057,0.250000,
2009-07-20,136.533117,26.923990,57.858501,72.251718,1.112955,834.474136,3.710616,0.250000,
2009-07-21,138.274122,27.333766,58.045990,71.876945,1.116175,837.245510,3.708364,0.250000,
2009-07-22,137.852754,27.304473,58.620588,73.367057,1.110104,832.645052,3.712185,0.250000,
2009-07-23,138.207176,27.348565,58.054389,71.869318,1.113414,827.823962,3.707626,0.250000,
2009-07-24,137.034777,27.155727,57.144958,70.104748,1.115556,831.306408,3.715424,0.250000,
2009-07-27,136.545564,27.012484,56.482066,68.775077,1.124356,832.584426,3.712949,0.250000,
2009-07-28,134.428905,26.659590,55.696181,67.667402,1.127787,830.008098,3.726670,0.250000,
2009-07-29,133.484395,26.416423,54.899155,66.226679,1.134054,828.994914,3.722984,0.250000,
2009-07-30,131.502335,26.049031,53.885359,64.590514,1.141915,822.717598,3.732013,0.250000,
2009-07-31,130.743749,25.954010,53.352858,63.567210,1.147166,817.266689,3.741571,0.250000,
2009-08-03,129.728988,25.834174,53.321701,63.780033,1.147108,816.439005,3.755440,0.250000,
2009-08-04,129.137123,25.708266,53.290435,63.942917,1.146202,814.431897,3.755586,0.250000,
2009-08-05,127.771996,25.452877,53.202225,64.251515,1.145710,818.117213,3.762638,0.250000,
2009-08-06,129.626438,25.777777,53.883240,65.160837,1.139718,817.665936,3.748577,0.250000,
2009-08-07,128.693698,25.476079,53.219250,64.113751,1.143191,818.831192,3.737848,0.250000,
2009-08-10,129.529543,25.579016,54.001831,65.699708,1.138260,822.463692,3.726599,0.250000,
2009-08-11,129.874245,25.679770,54.386621,66.422987,1.131162,820.879151,3.727130,0.250000,
2009-08-12,131.836969,26.141831,55.383869,67.891824,1.126471,823.671236,3.725727,0.250000,
2009-08-13,132.408004,26.259686,55.606263,68.173948,1.126743,826.145915,3.724558,0.250000,
2009-08-14,132.650621,26.261915,55.876618,68.774658,1.127773,825.394426,3.719466,0.250000,
2009-08-17,134.099534,26.539910,55.495330,67.277866,1.133812,829.422198,3.711926,0.250000,
2009-08-18,134.138527,26.562245,55.133364,66.381802,1.134984,830.911244,3.711799,0.250000,
2009-08-19,131.769691,26.005386,54.295338,65.457434,1.138944,827.790595,3.711716,0.250000,
2009-08-20,131.480255,26.010929,54.300883,65.496309,1.140077,827.353828,3.718888,0.250000,
2009-08-21,132.657266,26.179719,54.711899,66.069692,1.143138,828.586109,3.703967,0.250000,
2009-08-24,133.214462,26.321414,55.543091,67.764098,1.140734,826.232678,3.707566,0.250000,
2009-08-25,132.347886,26.171620,55.800451,68.698572,1.138374,823.339866,3.712377,0.250000,
2009-08-26,133.473768,26.374637,56.341650,69.549801,1.136467,823.074539,3.702954,0.250000,
2009-08-27,133.906023,26.394377,56.540529,69.929365,1.130414,822.879316,3.693548,0.250000,
2009-08-28,132.697146,26.189980,55.048311,66.803971,1.141501,815.830421,3.701850,0.250000,
2009-08-31,134.242514,26.560000,55.244980,66.557969,1.139730,821.024572,3.703056,0.250000,
2009-09-01,133.003107,26.351736,54.947805,66.295605,1.142092,817.417326,3.714246,0.250000,211.045668
2009-09-02,132.973912,26.345467,55.375683,67.310738,1.138591,814.195138,3.715133,0.250000,
2009-09-03,132.646236,26.245250,55.329405,67.371986,1.140169,815.916727,3.714002,0.250000,
2009-09-04,131.003721,25.877035,54.989726,67.283564,1.143733,815.605429,3.716124,0.250000,
2009-09-07,131.152888,25.912203,55.556734,68.565156,1.139232,814.697714,3.715702,0.250000,
2009-09-08,132.753617,26.172575,56.612220,70.511387,1.131413,817.921929,3.702754,0.250000,
2009-09-09,131.848044,26.093724,56.528206,70.545629,1.129933,818.143112,3.715290,0.250000,
2009-09-10,133.754778,26.412451,56.934477,70.793161,1.124609,820.878735,3.705474,0.250000,
2009-09-11,134.276310,26.449191,56.714972,70.124630,1.119395,822.943083,3.696049,0.250000,
2009-09-14,134.275606,26.425737,55.738349,67.810382,1.125428,826.201535,3.691628,0.250000,
2009-09-15,134.596282,26.516985,56.068428,68.419483,1.122226,824.177464,3.691699,0.250000,
2009-09-16,133.760099,26.329357,56.647754,70.177203,1.115807,820.573201,3.692559,0.250000,
2009-09-17,134.351446,26.432395,56.699918,70.065192,1.113371,818.011614,3.688077,0.250000,
2009-09-18,136.662804,26.886605,57.251561,70.425647,1.110199,820.426900,3.676955,0.250000,
2009-09-21,134.991140,26.659975,56.826837,69.949539,1.115325,815.808468,3.696579,0.250000,
2009-09-22,135.632357,26.859485,57.266085,70.632161,1.113682,818.148812,3.704596,0.250000,
2009-09-23,134.661757,26.640309,55.951743,67.919426,1.120166,814.731043,3.703673,0.250000,
2009-09-24,134.257262,26.512391,55.620487,67.352941,1.121275,814.415368,3.699063,0.250000,
2009-09-25,133.355552,26.396390,55.998863,68.527277,1.113541,814.584279,3.710381,0.250000,
2009-09-28,131.101242,26.059892,55.902704,69.077149,1.111249,812.178703,3.730235,0.250000,
2009-09-29,131.058652,26.093033,55.719754,68.589731,1.114550,809.803692,3.733460,0.250000,
2009-09-30,129.442127,25.717696,54.931586,67.438700,1.119429,804.085708,3.734596,0.250000,
2009-10-01,130.968294,26.089607,55.341728,67.685773,1.114803,812.707045,3.735710,0.250000,211.320189
2009-10-02,132.547943,26.448174,55.958362,68.437899,1.109556,813.587164,3.733219,0.250000,
2009-10-05,132.158389,26.416746,55.470839,67.368733,1.113738,811.435916,3.737294,0.250000,
2009-10-06,131.655530,26.256139,54.910754,66.319299,1.119753,812.235420,3.731550,0.250000,
2009-10-07,132.701320,26.351770,55.223885,66.774522,1.119342,813.292772,3.714610,0.250000,
2009-10-08,130.965776,26.022795,54.960741,66.826520,1.123612,815.260073,3.723841,0.250000,
2009-10-09,130.978723,26.105067,55.198673,67.272597,1.120318,812.731742,3.731337,0.250000,
2009-10-12,129.958236,25.874123,54.870130,66.939245,1.121277,811.866559,3.728880,0.250000,
2009-10-13,129.329897,25.757581,54.208080,65.606948,1.124421,811.338452,3.730557,0.250000,
2009-10-14,128.859936,25.619306,54.009561,65.379393,1.125247,813.240163,3.724397,0.250000,
2009-10-15,129.239032,25.776613,53.748629,64.498740,1.123873,816.484447,3.729573,0.250000,
2009-10-16,129.212261,25.839400,53.979358,64.954538,1.122386,816.914656,3.735471,0.250000,
2009-10-19,129.639780,25.826383,55.365402,68.193438,1.115945,816.770854,3.721519,0.250000,
2009-10-20,129.611944,25.718868,54.959844,67.362299,1.117407,815.643312,3.712125,0.250000,
2009-10-21,130.813590,25.983026,55.492513,68.094002,1.118969,816.547073,3.712670,0.250000,
2009-10-22,131.737802,26.331879,55.467517,67.424943,1.116665,820.680189,3.723085,0.250000,
2009-10-23,130.419283,25.985110,54.975070,66.898892,1.120514,816.163699,3.717052,0.250000,
2009-10-26,130.181400,25.859997,55.061182,67.297024,1.117433,814.061503,3.709474,0.250000,
2009-10-27,127.830473,25.360591,54.010813,65.801744,1.120602,813.294141,3.711810,0.250000,
2009-10-28,129.568181,25.679860,55.844770,69.504001,1.109440,820.904724,3.701297,0.250000,
2009-10-29,129.233853,25.562344,55.273390,68.326000,1.114859,820.592573,3.696270,0.250000,
2009-10-30,129.591187,25.620972,55.789432,69.430860,1.109123,820.966295,3.692380,0.250000,
2009-11-02,129.418436,25.456304,54.785150,67.252892,1.114730,826.071672,3.676812,0.250000,
2009-11-03,128.874335,25.266922,55.238882,68.681066,1.108704,822.939294,3.670029,0.250000,
2009-11-04,130.292655,25.590897,55.751849,69.248778,1.106123,826.603907,3.667734,0.250000,
2009-11-05,128.707417,25.364190,55.304471,68.712751,1.110590,828.330095,3.681096,0.250000,
2009-11-06,130.622463,25.804271,56.574720,70.884581,1.102090,832.169324,3.678458,0.250000,
2009-11-09,131.522676,26.025875,56.450672,70.125422,1.102635,836.397637,3.681918,0.250000,
2009-11-10,131.873592,26.124570,57.122817,71.560889,1.096793,841.367528,3.681363,0.250000,
2009-11-11,131.258359,26.060899,57.350289,72.296101,1.096421,836.483208,3.691191,0.250000,
2009-11-12,130.091513,25.782913,56.081807,69.760714,1.101299,831.223265,3.690445,0.250000,
2009-11-13,129.303810,25.740014,55.726016,69.069986,1.103768,831.028329,3.704109,0.250000,
2009-11-16,130.463883,25.978547,56.234202,69.784591,1.097520,836.784352,3.699092,0.250000,
2009-11-17,128.871808,25.672586,55.843662,69.497591,1.099553,833.904830,3.706804,0.250000,
2009-11-18,130.012995,25.937886,56.329057,70.122807,1.098670,842.578789,3.705225,0.250000,
2009-11-19,129.258147,25.739080,56.109084,69.973044,1.098758,836.749838,3.700948,0.250000,
2009-11-20,128.846745,25.727622,56.078131,69.968771,1.100859,829.824216,3.708747,0.250000,
2009-11-23,130.771256,26.030671,56.715819,70.790791,1.101471,834.769791,3.692304,0.250000,
2009-11-24,129.457421,25.733039,56.633109,71.204545,1.100311,833.773538,3.690957,0.250000,
2009-11-25,130.061755,25.914801,57.264433,72.393235,1.095525,832.712860,3.694848,0.250000,
2009-11-26,128.533197,25.613105,56.518723,71.222801,1.098583,835.231816,3.702284,0.250000,
2009-11-27,128.010411,25.417624,56.078691,70.495065,1.100923,835.434338,3.695015,0.250000,
2009-11-30,127.402384,25.209916,55.552800,69.589561,1.100247,832.179649,3.687554,0.250000,
2009-12-01,128.717857,25.519922,55.862883,69.695128,1.100368,834.593803,3.686278,0.250000,211.641377
2009-12-02,128.648107,25.436463,55.756492,69.555580,1.102610,833.167019,3.676965,0.250000,
2009-12-03,128.781882,25.446994,54.996938,67.675790,1.105994,831.827463,3.677707,0.250000,
2009-12-04,128.640988,25.413226,55.340178,68.562096,1.104979,836.808445,3.672351,0.250000,
2009-12-07,127.492345,25.125507,54.765215,67.738579,1.107449,831.756082,3.669510,0.250000,
2009-12-08,127.989657,25.202581,55.505811,69.342207,1.103005,836.022584,3.662986,0.250000,
2009-12-09,127.504928,25.113591,54.552696,67.224427,1.105350,832.857855,3.666889,0.250000,
2009-12-10,126.011745,24.741589,54.366300,67.509963,1.106296,834.179991,3.664801,0.250000,
2009-12-11,125.552370,24.674201,54.846003,68.836788,1.107213,830.161204,3.668461,0.250000,
2009-12-14,125.486845,24.674544,55.248130,69.826258,1.107943,831.743350,3.670570,0.250000,
2009-12-15,127.866329,25.173664,55.780603,70.030764,1.098746,838.538058,3.663986,0.250000,
2009-12-16,129.700136,25.583557,56.080823,69.889026,1.094302,839.512653,3.659920,0.250000,
2009-12-17,130.343230,25.630501,56.676510,71.168107,1.092516,841.468526,3.648838,0.250000,
2009-12-18,133.487688,26.367641,57.767364,72.292831,1.085017,850.943680,3.648444,0.250000,
2009-12-21,134.867305,26.858659,58.947793,74.265259,1.081199,852.394935,3.665841,0.250000,
2009-12-22,133.772871,26.614610,58.564286,73.833003,1.079848,852.321124,3.666550,0.250000,
2009-12-23,134.461172,26.756879,58.729499,73.919015,1.079515,861.850096,3.664706,0.250000,
2009-12-24,133.492761,26.471383,59.383891,76.100089,1.081098,855.939062,3.657954,0.250000,
2009-12-25,134.710143,26.678034,60.304249,77.893378,1.078882,853.879461,3.649420,0.250000,
2009-12-28,134.408817,26.612838,60.279402,77.968962,1.080610,853.448566,3.648786,0.250000,
2009-12-29,134.640876,26.774957,60.535938,78.324195,1.077553,854.810202,3.662789,0.250000,
2009-12-30,133.414776,26.319629,60.060641,78.006107,1.080938,851.641601,3.642850,0.250000,
2009-12-31,132.469227,26.124722,60.151550,78.686303,1.080866,845.390461,3.641457,0.250000,
2010-01-01,132.066473,26.133742,59.078731,76.014400,1.088229,847.604412,3.652039,0.250000,212.079415
2010-01-04,131.902436,25.969497,58.853299,75.711987,1.087624,846.718692,3.637115,0.250000,
2010-01-05,133.192406,26.361891,60.003472,77.795500,1.083551,848.428940,3.644993,0.250000,
2010-01-06,132.678379,26.304406,58.569046,74.364227,1.092221,851.596670,3.650046,0.250000,
2010-01-07,132.459904,26.206906,58.765432,75.020633,1.089911,854.537573,3.642627,0.250000,
2010-01-08,129.887977,25.763543,57.998463,74.171721,1.090666,851.058129,3.658628,0.250000,
2010-01-11,130.514113,25.975486,58.447890,74.868461,1.086006,850.351742,3.666297,0.250000,
2010-01-12,131.308856,26.178354,59.334691,76.650439,1.083096,851.704549,3.667357,0.250000,
2010-01-13,131.574588,26.314954,60.875536,80.310526,1.074143,854.420981,3.671658,0.250000,
2010-01-14,131.668199,26.283590,61.319533,81.480702,1.071923,851.179241,3.666093,0.250000,
2010-01-15,133.698269,26.819588,62.372742,82.989721,1.064178,853.940895,3.672076,0.250000,
2010-01-18,134.610491,27.058422,62.516432,82.812572,1.061741,855.536475,3.673408,0.250000,
2010-01-19,136.668378,27.486951,63.924099,85.412045,1.052671,860.001548,3.666474,0.250000,
2010-01-20,138.003039,27.612070,65.065646,87.951675,1.048446,858.903967,3.645339,0.250000,
2010-01-21,138.487159,27.705999,65.135191,87.882490,1.048124,861.870407,3.642527,0.250000,
2010-01-22,137.782484,27.627520,65.104587,88.047444,1.047950,858.610389,3.651825,0.250000,
2010-01-25,139.118884,27.868618,65.234570,87.743401,1.048554,857.363048,3.642295,0.250000,
2010-01-26,136.582352,27.409994,65.049184,88.458306,1.051403,857.888444,3.657343,0.250000,
2010-01-27,134.083265,26.778742,62.791444,83.993541,1.059305,858.476779,3.652884,0.250000,
2010-01-28,134.319383,26.821722,62.744150,83.748478,1.060555,858.853478,3.650393,0.250000,
2010-01-29,132.484926,26.367029,61.848578,82.464278,1.065427,849.044986,3.645961,0.250000,
2010-02-01,131.684793,25.955505,61.798953,83.137506,1.060742,842.670893,3.622395,0.250000,212.513311
2010-02-02,131.281761,25.883130,61.697966,83.054124,1.059617,840.344315,3.625442,0.250000,
2010-02-03,131.337454,25.798219,61.210525,81.896838,1.059479,837.708156,3.610669,0.250000,
2010-02-04,131.898148,26.116295,62.448793,84.512144,1.055592,839.213505,3.632179,0.250000,
2010-02-05,133.414128,26.394951,63.017893,85.263661,1.050590,839.528608,3.621201,0.250000,
2010-02-08,133.492390,26.366440,62.281714,83.352947,1.054073,834.487038,3.616044,0.250000,
2010-02-09,133.325582,26.403712,62.363238,83.524740,1.054090,837.707043,3.624589,0.250000,
2010-02-10,133.428584,26.365039,62.053889,82.752055,1.055978,837.791698,3.618844,0.250000,
2010-02-11,132.293810,26.281564,62.155633,83.345330,1.053136,836.248296,3.638504,0.250000,
2010-02-12,131.642815,26.214878,61.634753,82.200703,1.056859,831.480856,3.648321,0.250000,
2010-02-15,132.539928,26.357576,62.512152,84.090011,1.052315,832.996687,3.636759,0.250000,
2010-02-16,134.904903,26.871958,63.547419,85.525925,1.049693,840.242912,3.629558,0.250000,
2010-02-17,134.876978,26.697317,63.238097,84.994534,1.053322,841.333341,3.609561,0.250000,
2010-02-18,134.203956,26.615696,63.109710,84.902320,1.057689,843.639860,3.616924,0.250000,
2010-02-19,132.689285,26.224596,62.479413,84.153990,1.062136,842.482580,3.609708,0.250000,
2010-02-22,133.699422,26.563985,62.593548,83.705535,1.063478,847.223384,3.621121,0.250000,
2010-02-23,136.080945,27.108017,63.912498,85.832515,1.064706,854.408521,3.616622,0.250000,
2010-02-24,135.527184,27.024773,63.601598,85.242979,1.067552,853.955932,3.620584,0.250000,
2010-02-25,135.978629,27.085381,63.715287,85.350299,1.068299,856.844159,3.615536,0.250000,
2010-02-26,137.144518,27.203847,63.443128,84.234396,1.070718,861.933288,3.600396,0.250000,
2010-03-01,137.420331,27.267379,63.826071,85.067709,1.073330,861.556309,3.600655,0.250000,212.770096
2010-03-02,138.872384,27.566743,64.674326,86.527775,1.070805,865.230555,3.592645,0.250000,
2010-03-03,138.436143,27.443966,63.803878,84.529133,1.075972,864.801606,3.588779,0.250000,
2010-03-04,140.125168,27.829965,64.112569,84.414675,1.076078,868.899871,3.588544,0.250000,
2010-03-05,140.594388,27.965619,64.366480,84.764210,1.077497,875.000846,3.591381,0.250000,
2010-03-08,139.592198,27.692251,62.905043,81.616570,1.080129,876.212859,3.585416,0.250000,
2010-03-09,141.576245,28.232975,63.434385,81.800284,1.078073,884.416319,3.594036,0.250000,
2010-03-10,141.070735,28.013514,63.825661,83.195271,1.077449,888.038646,3.585011,0.250000,
2010-03-11,138.832271,27.546318,64.047625,84.864850,1.074607,884.012128,3.592571,0.250000,
2010-03-12,136.176690,27.113153,63.431745,84.415587,1.077046,880.308975,3.611312,0.250000,
2010-03-15,137.702429,27.466202,63.822275,84.585842,1.078675,882.052584,3.609573,0.250000,
2010-03-16,138.106740,27.625137,64.317262,85.533852,1.079450,886.528818,3.615695,0.250000,
2010-03-17,139.158722,28.046069,64.792506,85.901994,1.079820,891.819001,3.633971,0.250000,
2010-03-18,140.097347,28.296166,64.949136,85.738963,1.083916,889.807391,3.635776,0.250000,
2010-03-19,138.582199,28.154869,64.857688,85.980063,1.083496,885.509772,3.657282,0.250000,
2010-03-22,137.405730,27.929212,64.195099,84.819853,1.084321,883.207369,3.661828,0.250000,
2010-03-23,136.340261,27.613053,63.704186,84.226197,1.086867,880.247913,3.653552,0.250000,
2010-03-24,136.339357,27.487287,62.964634,82.512266,1.092948,880.071678,3.639567,0.250000,
2010-03-25,134.714234,27.147368,62.612506,82.409930,1.096108,875.755076,3.644067,0.250000,
2010-03-26,135.354983,27.117631,62.189903,81.253606,1.097629,875.721323,3.625477,0.250000,
2010-03-29,133.930515,26.881279,62.535389,82.746836,1.097162,871.441304,3.635066,0.250000,
2010-03-30,135.209463,27.222777,62.351402,81.508254,1.097784,873.973689,3.638125,0.250000,
2010-03-31,135.998243,27.435697,63.345566,83.577724,1.090424,877.492473,3.639325,0.250000,
2010-04-01,135.457163,27.198224,62.579088,82.064801,1.096649,877.777775,3.628078,0.250000,213.194197
2010-04-02,135.026461,27.082331,62.614425,82.400590,1.098237,877.545368,3.626643,0.250000,
2010-04-05,135.171546,27.201728,62.899353,82.910195,1.098327,879.350178,3.635137,0.250000,
2010-04-06,132.862749,26.634740,62.009179,81.906475,1.102935,877.927195,3.632893,0.250000,
2010-04-07,132.261077,26.493490,60.840369,79.230068,1.109303,874.525171,3.631006,0.250000,
2010-04-08,132.014921,26.449630,60.517403,78.510359,1.110984,873.569793,3.632540,0.250000,
2010-04-09,133.162322,26.709821,61.499847,80.400549,1.106284,877.262837,3.630462,0.250000,
2010-04-12,133.398655,26.783795,60.682429,78.167926,1.108802,878.607439,3.630884,0.250000,
2010-04-13,132.458067,26.705976,60.348239,77.593060,1.108181,877.699763,3.647814,0.250000,
2010-04-14,132.653804,26.692198,59.288989,74.936775,1.112850,876.977066,3.643682,0.250000,
2010-04-15,132.256085,26.611907,58.547095,73.285138,1.113343,876.181764,3.644550,0.250000,
2010-04-16,132.799098,26.746953,58.638670,73.222970,1.114754,875.891563,3.641970,0.250000,
2010-04-19,132.384928,26.646878,58.278481,72.543255,1.116302,876.861506,3.640154,0.250000,
2010-04-20,132.806281,26.687507,58.684744,73.399868,1.109771,879.307085,3.631818,0.250000,
2010-04-21,133.120213,26.768582,58.532397,72.856465,1.109312,881.890814,3.632388,0.250000,
2010-04-22,134.620584,27.088854,59.157596,73.683492,1.107630,887.095655,3.629660,0.250000,
2010-04-23,133.004919,26.670511,57.583911,70.703894,1.118010,882.231021,3.626446,0.250000,
2010-04-26,135.001961,27.116638,58.526249,72.042695,1.113299,890.269612,3.622589,0.250000,
2010-04-27,133.682127,26.890632,57.956076,71.175168,1.116665,885.921357,3.633039,0.250000,
2010-04-28,135.270929,27.217754,58.342269,71.406161,1.117513,889.326029,3.628141,0.250000,
2010-04-29,134.639703,27.063786,57.604617,69.943405,1.122465,887.207510,3.624969,0.250000,
2010-04-30,135.970362,27.370420,57.427304,68.919734,1.127753,894.943579,3.623889,0.250000,
2010-05-03,135.785301,27.496068,57.285287,68.444320,1.132406,888.301253,3.641255,0.250000,
2010-05-04,137.262032,27.723152,57.125282,67.566889,1.136672,893.783926,3.624456,0.250000,
2010-05-05,140.169109,28.257830,57.878474,68.220124,1.130468,897.669424,3.607989,0.250000,
2010-05-06,140.623078,28.234899,58.463546,69.528320,1.123792,899.336222,3.592598,0.250000,
2010-05-07,141.882674,28.459957,58.177586,68.402642,1.122232,899.640197,3.583821,0.250000,
2010-05-10,140.152794,28.071402,56.770360,65.896488,1.128843,899.611979,3.582523,0.250000,
2010-05-11,142.144841,28.441141,58.051573,68.084173,1.124253,904.355713,3.571824,0.250000,
2010-05-12,142.556743,28.498353,57.512438,66.723302,1.127139,904.258588,3.565759,0.250000,
2010-05-13,142.610712,28.648225,57.876421,67.352108,1.123892,904.690188,3.579049,0.250000,
2010-05-14,141.465718,28.462841,57.916891,67.817215,1.121620,903.024906,3.589412,0.250000,
2010-05-17,142.760731,28.686690,58.105106,67.788319,1.121488,905.883393,3.583401,0.250000,
2010-05-18,142.447834,28.615458,58.657508,69.174602,1.118150,903.414806,3.583411,0.250000,
2010-05-19,142.523601,28.603897,58.955043,69.856127,1.113888,902.737565,3.581305,0.250000,
2010-05-20,142.572033,28.537275,59.280105,70.678734,1.113502,898.808015,3.573025,0.250000,
2010-05-21,144.060538,29.018323,59.532345,70.438541,1.113212,899.111161,3.583220,0.250000,
2010-05-24,143.585093,28.920293,59.771331,71.173355,1.107281,895.356986,3.582848,0.250000,
2010-05-25,143.658649,28.911188,60.159428,72.070030,1.105532,896.211204,3.578496,0.250000,
2010-05-26,142.829393,28.751685,59.674749,71.252482,1.107398,900.316095,3.584121,0.250000,
2010-05-27,141.431125,28.340332,59.043193,70.496800,1.108773,897.097123,3.576083,0.250000,
2010-05-28,141.919755,28.460037,59.695839,71.789611,1.103411,894.376784,3.577439,0.250000,
2010-05-31,142.143722,28.565795,60.260941,72.940311,1.100865,893.338890,3.585212,0.250000,
2010-06-01,141.827776,28.560540,59.723747,71.720425,1.102868,892.506806,3.591144,0.250000,213.742938
2010-06-02,140.148274,28.220159,59.632769,72.186041,1.103188,885.857480,3.594643,0.250000,
2010-06-03,140.423590,28.259198,60.241278,73.527583,1.099295,882.813591,3.590704,0.250000,
2010-06-04,141.511769,28.456039,60.849302,74.541501,1.096706,884.305650,3.585460,0.250000,
2010-06-07,143.191390,28.904666,61.282455,74.713132,1.094080,889.300896,3.588077,0.250000,
2010-06-08,144.422300,29.197299,61.270298,74.107607,1.092258,892.021934,3.587652,0.250000,
2010-06-09,145.002633,29.365832,61.548085,74.449008,1.095175,898.886845,3.590750,0.250000,
2010-06-10,146.082452,29.554730,61.024836,72.814384,1.100451,898.396191,3.582709,0.250000,
2010-06-11,145.834560,29.536359,60.348886,71.297467,1.108434,902.407112,3.585568,0.250000,
2010-06-14,146.047008,29.576620,60.656891,71.919921,1.106447,901.772956,3.582865,0.250000,
2010-06-15,144.771977,29.285412,60.309061,71.650641,1.114128,898.082954,3.582418,0.250000,
2010-06-16,146.416124,29.672539,61.591475,73.902968,1.105921,902.411307,3.579337,0.250000,
2010-06-17,146.862097,29.740903,62.155457,75.065561,1.102981,903.215000,3.575651,0.250000,
2010-06-18,147.819129,29.926810,62.567137,75.645505,1.100166,905.487148,3.568812,0.250000,
2010-06-21,145.574643,29.488677,62.473243,76.321928,1.100016,901.450105,3.576601,0.250000,
2010-06-22,143.394650,29.067879,61.372027,74.577451,1.107786,895.140035,3.587090,0.250000,
2010-06-23,144.478712,29.251983,61.643816,74.808902,1.108242,896.190471,3.582347,0.250000,
2010-06-24,146.930539,29.760183,62.257331,75.223963,1.107733,899.938485,3.576479,0.250000,
2010-06-25,146.161322,29.452706,62.662205,76.694876,1.107570,900.364805,3.564726,0.250000,
2010-06-28,147.813185,29.817693,63.443341,77.815343,1.103436,907.756292,3.562181,0.250000,
2010-06-29,149.161209,30.231439,63.708923,77.686704,1.101896,910.003368,3.569790,0.250000,
2010-06-30,148.474125,30.139247,63.288222,76.901261,1.104641,914.291331,3.574659,0.250000,
2010-07-01,147.177102,29.954400,61.967865,74.212370,1.114308,910.229352,3.586103,0.250000,214.387509
2010-07-02,146.104443,29.725265,60.978466,72.344597,1.117238,906.240687,3.587524,0.250000,
2010-07-05,147.074818,29.832883,60.912339,71.912451,1.115664,905.275498,3.576398,0.250000,
2010-07-06,146.917083,29.816513,61.365748,72.994528,1.117731,903.622024,3.577475,0.250000,
2010-07-07,145.348475,29.476017,61.039240,72.880764,1.119585,896.605605,3.582147,0.250000,
2010-07-08,146.278465,29.766136,60.650921,71.477875,1.123081,902.245360,3.590349,0.250000,
2010-07-09,146.042630,29.666424,61.064366,72.581236,1.121553,902.442555,3.586848,0.250000,
2010-07-12,142.208152,28.852876,59.197962,69.819738,1.130544,900.518185,3.597179,0.250000,
2010-07-13,143.525671,29.276187,59.768740,70.413856,1.126564,905.682787,3.609008,0.250000,
2010-07-14,144.950760,29.727650,59.966723,70.107171,1.128179,910.949563,3.621715,0.250000,
2010-07-15,145.077578,29.778303,60.264045,70.698608,1.127618,915.346088,3.622688,0.250000,
2010-07-16,146.892206,30.090533,61.167586,72.126613,1.122733,916.256488,3.611425,0.250000,
2010-07-19,144.650667,29.624659,60.344980,71.115031,1.129491,911.252996,3.617744,0.250000,
2010-07-20,144.876809,29.774752,60.415491,71.051687,1.127163,914.111832,3.626639,0.250000,
2010-07-21,143.787474,29.456753,60.353470,71.447163,1.127498,912.840064,3.621153,0.250000,
2010-07-22,144.644463,29.513711,60.795545,72.268093,1.129902,912.628009,3.603468,0.250000,
2010-07-23,144.340937,29.330546,61.000310,73.011817,1.127088,914.339858,3.592267,0.250000,
2010-07-26,145.283663,29.478704,61.575980,74.022809,1.124748,914.397606,3.583767,0.250000,
2010-07-27,147.036318,29.826714,61.389273,72.883435,1.126709,918.067443,3.574903,0.250000,
2010-07-28,148.478394,30.067652,60.926174,71.309932,1.130705,920.162494,3.562762,0.250000,
2010-07-29,149.776553,30.458535,61.293474,71.486530,1.127613,924.209277,3.570987,0.250000,
2010-07-30,151.232705,30.875637,62.625059,73.814937,1.119547,928.852226,3.577759,0.250000,
2010-08-02,148.680509,30.331626,62.459219,74.460478,1.116906,925.097307,3.583300,0.250000,
2010-08-03,150.352037,30.548174,62.776279,74.676919,1.114323,929.918511,3.564352,0.250000,
2010-08-04,149.963015,30.500458,61.699398,72.300345,1.119186,926.981008,3.565299,0.250000,
2010-08-05,150.599750,30.583933,62.023012,72.842229,1.115659,929.888806,3.559732,0.250000,
2010-08-06,149.380285,30.292089,61.707949,72.638053,1.116559,927.670621,3.558436,0.250000,
2010-08-09,147.561970,29.716762,61.588757,73.328799,1.118778,924.047407,3.544991,0.250000,
2010-08-10,147.577484,29.701145,62.437580,75.322420,1.112481,928.761941,3.541644,0.250000,
2010-08-11,149.000746,29.972576,61.804544,73.284469,1.120935,934.273554,3.536905,0.250000,
2010-08-12,151.130834,30.473122,62.729522,74.487896,1.115665,934.606444,3.537859,0.250000,
2010-08-13,154.014823,31.149254,64.540972,77.429846,1.107928,944.688675,3.538087,0.250000,
2010-08-16,153.230239,30.884412,63.821345,76.189274,1.113429,942.058500,3.527560,0.250000,
2010-08-17,154.852138,31.366659,63.811120,75.324604,1.115876,947.301667,3.533465,0.250000,
2010-08-18,156.317345,31.777971,64.004412,75.052895,1.118962,950.327258,3.540664,0.250000,
2010-08-19,154.877052,31.471623,64.373238,76.470686,1.115163,952.236678,3.545479,0.250000,
2010-08-20,155.929565,31.609070,64.790736,77.109061,1.109039,957.322581,3.534288,0.250000,
2010-08-23,157.776175,31.982537,66.401057,80.125559,1.101519,962.658616,3.527070,0.250000,
2010-08-24,155.739699,31.610524,65.691119,79.219765,1.105327,959.355350,3.536600,0.250000,
2010-08-25,156.331993,31.674829,65.635546,78.910988,1.104694,960.715971,3.529984,0.250000,
2010-08-26,156.463201,31.821836,65.383112,78.105172,1.108994,963.394791,3.539152,0.250000,
2010-08-27,158.782204,32.250468,66.057881,78.797466,1.106559,962.538625,3.526980,0.250000,
2010-08-30,159.852865,32.343987,66.383301,79.276039,1.107018,959.229464,3.510789,0.250000,
2010-08-31,157.796613,31.875051,65.083573,77.125962,1.112337,958.445142,3.512815,0.250000,
2010-09-01,160.149390,32.311819,65.841085,77.996723,1.102925,960.732691,3.498440,0.250000,215.719841
2010-09-02,158.885140,32.013868,65.510442,77.769411,1.101555,956.455439,3.500895,0.250000,
2010-09-03,158.802937,31.984013,65.517561,77.825075,1.100864,960.464876,3.499770,0.250000,
2010-09-06,158.093732,31.840310,65.568927,78.215160,1.102321,961.104096,3.501612,0.250000,
2010-09-07,158.898975,32.066516,65.961955,78.720820,1.104289,965.853379,3.504811,0.250000,
2010-09-08,161.698624,32.627902,67.032957,80.101451,1.101340,970.335480,3.496912,0.250000,
2010-09-09,163.973862,33.127585,67.121312,79.354958,1.101030,976.310282,3.495285,0.250000,
2010-09-10,164.460210,33.250055,66.800570,78.391564,1.103542,977.924537,3.495171,0.250000,
2010-09-13,166.943480,33.569061,67.404161,79.039738,1.100596,979.390414,3.470389,0.250000,
2010-09-14,169.275557,33.994092,67.945828,79.440585,1.096456,985.529041,3.459282,0.250000,
2010-09-15,171.046157,34.424840,69.625967,82.524751,1.090535,989.447611,3.460234,0.250000,
2010-09-16,170.983045,34.525754,69.316675,81.686362,1.093324,987.143577,3.469730,0.250000,
2010-09-17,171.305015,34.627907,68.863524,80.471902,1.094983,992.838696,3.472729,0.250000,
2010-09-20,170.941316,34.539883,67.879781,78.384421,1.100026,990.270637,3.473669,0.250000,
2010-09-21,171.557285,34.859000,68.862187,80.140427,1.097992,992.238264,3.486734,0.250000,
2010-09-22,172.724141,35.063830,69.049038,80.157507,1.096957,995.142900,3.480114,0.250000,
2010-09-23,171.610416,34.901547,68.363612,78.936015,1.095083,994.012863,3.489426,0.250000,
2010-09-24,172.776900,35.179122,68.398820,78.532170,1.093952,994.164695,3.487606,0.250000,
2010-09-27,175.170572,35.564050,68.849496,78.780871,1.096349,1000.545234,3.471020,0.250000,
2010-09-28,175.432127,35.682006,69.181275,79.344319,1.097736,1006.455106,3.477210,0.250000,
2010-09-29,174.447114,35.549103,68.247280,77.531040,1.103653,1011.861579,3.486207,0.250000,
2010-09-30,173.802983,35.309526,68.513082,78.466638,1.096473,1010.820461,3.479850,0.250000,
2010-10-01,174.998856,35.549386,69.112417,79.368595,1.094218,1011.127445,3.474881,0.250000,216.432121
2010-10-04,173.637832,35.223371,69.122559,79.936620,1.096321,1005.971599,3.472802,0.250000,
2010-10-05,174.529726,35.397726,68.407654,78.008728,1.099794,1007.137019,3.470981,0.250000,
2010-10-06,175.477876,35.520585,69.144197,79.381311,1.094968,1004.077431,3.463057,0.250000,
2010-10-07,176.087181,35.675484,69.405259,79.699524,1.092203,1000.894567,3.460190,0.250000,
2010-10-08,173.320299,35.118176,67.631184,76.725838,1.099818,991.457079,3.470577,0.250000,
2010-10-11,173.202212,34.994461,67.411468,76.384112,1.098901,984.458256,3.463741,0.250000,
2010-10-12,173.445313,34.795867,68.359583,78.683121,1.093364,979.499007,3.441239,0.250000,
2010-10-13,175.160973,35.164203,67.775964,76.734114,1.093045,983.752504,3.439502,0.250000,
2010-10-14,177.102731,35.512353,68.432141,77.540879,1.087293,991.595068,3.431545,0.250000,
2010-10-15,176.085168,35.287778,68.670093,78.442286,1.087549,993.369523,3.432003,0.250000,
2010-10-18,177.422394,35.493922,68.761731,78.232383,1.089356,993.877726,3.424019,0.250000,
2010-10-19,178.631721,35.960390,69.500283,79.182021,1.086966,995.090974,3.438144,0.250000,
2010-10-20,177.967265,35.974696,69.392549,79.000826,1.086923,987.399479,3.452569,0.250000,
2010-10-21,177.281005,35.753990,69.153743,78.797128,1.090703,988.241299,3.445693,0.250000,
2010-10-22,178.224123,35.876079,69.748046,79.852417,1.085719,986.955510,3.438354,0.250000,
2010-10-25,177.043385,35.542139,69.657805,80.177156,1.083849,981.265625,3.433860,0.250000,
2010-10-26,178.945463,36.038633,70.338536,80.874789,1.078997,983.686298,3.437709,0.250000,
2010-10-27,179.500983,36.165918,71.031940,82.205330,1.074822,985.242190,3.436354,0.250000,
2010-10-28,179.112329,36.143846,71.795539,84.006406,1.072204,985.994830,3.442831,0.250000,
2010-10-29,179.935056,36.483870,71.975545,83.891951,1.075385,994.063772,3.454892,0.250000,
2010-11-01,178.425850,36.409690,72.342736,85.011614,1.072785,991.560842,3.477477,0.250000,216.804055
2010-11-02,181.467558,37.069370,73.816594,87.178013,1.068339,996.466568,3.473060,0.250000,
2010-11-03,181.290430,37.098923,72.675054,84.545229,1.069665,998.329720,3.477669,0.250000,
2010-11-04,183.526247,37.612911,73.771521,86.125226,1.063332,1002.828327,3.474883,0.250000,
2010-11-05,181.597293,37.191880,71.972791,82.791177,1.070801,998.222736,3.478479,0.250000,
2010-11-08,186.393106,38.459540,73.946379,85.139955,1.064417,1005.430649,3.486091,0.250000,
2010-11-09,182.969821,37.617256,72.708504,83.756775,1.071463,999.740563,3.484155,0.250000,
2010-11-10,184.999654,37.969743,74.513258,87.154739,1.064966,1005.679348,3.471888,0.250000,
2010-11-11,184.709826,37.929789,74.742245,87.754004,1.062352,1005.654743,3.476734,0.250000,
2010-11-12,185.101886,38.025996,75.475023,89.258918,1.059382,999.645934,3.475897,0.250000,
2010-11-15,184.338903,37.832010,75.754873,90.237865,1.058167,1002.780009,3.476115,0.250000,
2010-11-16,184.772714,37.953924,76.420113,91.565853,1.056090,1007.649045,3.476301,0.250000,
2010-11-17,183.130592,37.530678,75.452898,90.053060,1.059425,1005.518757,3.474207,0.250000,
2010-11-18,180.748009,36.910137,75.668459,91.666573,1.056387,1004.698506,3.469950,0.250000,
2010-11-19,177.966263,36.390781,75.438785,92.187241,1.058450,1004.962795,3.485047,0.250000,
2010-11-22,175.422165,35.934674,74.211073,90.222823,1.063638,1000.214699,3.496248,0.250000,
2010-11-23,173.544156,35.460285,73.336647,89.027086,1.067819,998.072893,3.494080,0.250000,
2010-11-24,175.211897,35.770324,73.980018,89.895664,1.060077,996.530482,3.485743,0.250000,
2010-11-25,174.804471,35.688553,72.867809,87.427555,1.065134,994.305336,3.485399,0.250000,
2010-11-26,176.836243,36.164866,73.511288,88.033806,1.063750,992.634441,3.482932,0.250000,
2010-11-29,175.877037,35.952791,73.920608,89.390110,1.057500,991.651866,3.482414,0.250000,
2010-11-30,178.778057,36.606464,75.815492,92.603959,1.057198,991.468480,3.479883,0.250000,
2010-12-01,176.277054,36.154943,75.200391,92.085831,1.057491,990.963942,3.492754,0.250000,217.363592
2010-12-02,177.915314,36.411977,75.286187,91.701176,1.056751,988.062426,3.481304,0.250000,
2010-12-03,177.603550,36.347058,75.433129,92.169984,1.056635,985.481475,3.483943,0.250000,
2010-12-06,178.746003,36.525609,74.806239,90.276258,1.064124,989.930588,3.475602,0.250000,
2010-12-07,178.222399,36.548833,74.238004,88.977486,1.063612,986.743977,3.489480,0.250000,
2010-12-08,178.385467,36.716244,74.829489,90.119093,1.060822,981.840177,3.497818,0.250000,
2010-12-09,179.689376,37.044216,75.699332,91.551718,1.058399,980.093135,3.499496,0.250000,
2010-12-10,178.317471,36.839500,75.889119,92.453475,1.060683,975.155576,3.509182,0.250000,
2010-12-13,179.753741,36.984690,76.036607,92.393317,1.062220,973.433937,3.494293,0.250000,
2010-12-14,177.223348,36.375415,75.340911,91.889741,1.064387,967.944421,3.494070,0.250000,
2010-12-15,178.977953,36.955498,75.589493,91.463557,1.061949,971.813539,3.506233,0.250000,
2010-12-16,178.406429,37.129706,76.925530,94.490367,1.056628,975.353045,3.530267,0.250000,
2010-12-17,178.382636,36.896471,75.678862,91.814647,1.064767,973.841622,3.510106,0.250000,
2010-12-20,180.121345,37.254149,76.995353,94.213691,1.058929,974.452437,3.505793,0.250000,
2010-12-21,180.951103,37.412325,77.283865,94.561163,1.055593,981.285731,3.503308,0.250000,
2010-12-22,181.758382,37.375854,77.903111,95.959330,1.051908,979.018321,3.485076,0.250000,
2010-12-23,181.529358,37.363470,77.521676,95.083337,1.054440,979.769059,3.486972,0.250000,
2010-12-24,181.009350,37.217906,76.453366,92.793857,1.057456,976.192023,3.485952,0.250000,
2010-12-27,179.537900,37.018928,75.120162,90.108961,1.057444,969.790560,3.496276,0.250000,
2010-12-28,179.142008,36.806966,75.079322,90.325362,1.055033,966.596829,3.486209,0.250000,
2010-12-29,174.707778,35.926918,72.773144,86.663023,1.065326,963.485980,3.498401,0.250000,
2010-12-30,173.524599,35.710510,72.184721,85.722115,1.060467,964.654074,3.507756,0.250000,
2010-12-31,172.124155,35.411237,71.246513,84.108142,1.066020,958.696611,3.511846,0.250000,
2011-01-03,171.650695,35.179640,70.201025,82.047315,1.066038,956.704446,3.500483,0.250000,
2011-01-04,172.136278,35.197646,69.517109,80.398788,1.065595,955.314737,3.494106,0.250000,
2011-01-05,169.590670,34.572148,67.904157,77.831606,1.075933,945.905237,3.491751,0.250000,
2011-01-06,170.575096,34.972318,68.686553,78.980763,1.072766,948.585372,3.503224,0.250000,
2011-01-07,172.313652,35.250181,69.353251,79.914754,1.070462,948.260681,3.490834,0.250000,
2011-01-10,170.892641,35.148610,69.853400,81.345648,1.061336,942.281712,3.508098,0.250000,
2011-01-11,169.415517,34.794748,69.283434,80.663113,1.067553,937.489311,3.506475,0.250000,
2011-01-12,168.284282,34.525251,68.965242,80.405980,1.064250,941.182308,3.505811,0.250000,
2011-01-13,168.033404,34.288197,68.967486,80.720902,1.068062,938.121242,3.488411,0.250000,
2011-01-14,167.416630,34.151504,67.985014,78.726719,1.072544,939.082292,3.490664,0.250000,
2011-01-17,168.100839,34.373108,69.172644,81.057448,1.064909,941.412227,3.492919,0.250000,
2011-01-18,168.959953,34.646744,69.726918,81.865034,1.061813,947.210839,3.498784,0.250000,
2011-01-19,170.843989,35.158882,69.579780,80.649360,1.060938,954.116221,3.503958,0.250000,
2011-01-20,172.471370,35.457722,70.272509,81.634744,1.059433,956.394844,3.496716,0.250000,
2011-01-21,172.450820,35.478987,69.833545,80.610566,1.060611,951.683958,3.498552,0.250000,
2011-01-24,172.075177,35.462295,70.331179,81.795782,1.060333,949.024277,3.501762,0.250000,
2011-01-25,172.799271,35.756888,70.881574,82.587408,1.057779,949.517642,3.511878,0.250000,
2011-01-26,172.338966,35.668955,71.025113,83.072093,1.056619,943.943354,3.515392,0.250000,
2011-01-27,172.852960,35.895261,70.275938,81.027622,1.059412,944.693214,3.523061,0.250000,
2011-01-28,172.775018,35.861212,70.368334,81.275656,1.057099,946.895509,3.521384,0.250000,
2011-01-31,173.141968,35.879224,69.955528,80.268528,1.060180,949.139105,3.516155,0.250000,
2011-02-01,174.785788,36.262993,70.437795,80.679702,1.063172,952.388522,3.512935,0.250000,218.254085
2011-02-02,173.909169,36.085177,70.812424,81.832767,1.064400,950.675503,3.514026,0.250000,
2011-02-03,173.824007,36.016230,70.849729,81.998812,1.064675,946.766635,3.509020,0.250000,
2011-02-04,175.487590,36.517026,71.356453,82.323997,1.061860,946.605085,3.517669,0.250000,
2011-02-07,175.488844,36.471067,71.432498,82.538298,1.062565,947.181899,3.515127,0.250000,
2011-02-08,177.295988,36.995840,71.788915,82.481580,1.063022,949.672291,3.523537,0.250000,
2011-02-09,178.544400,37.371014,72.078899,82.526752,1.059966,951.272278,3.529397,0.250000,
2011-02-10,178.682513,37.492066,71.305780,80.646247,1.064086,952.011449,3.532964,0.250000,
2011-02-11,174.473392,36.557567,69.448733,78.120381,1.074165,944.346912,3.540785,0.250000,
2011-02-14,171.805102,36.188443,68.577130,76.946180,1.078624,945.478994,3.561411,0.250000,
2011-02-15,170.409314,35.995104,68.869823,77.974207,1.079155,944.139196,3.572840,0.250000,
2011-02-16,172.864313,36.536671,69.429397,78.278766,1.082480,944.063718,3.568936,0.250000,
2011-02-17,170.802275,35.981212,68.565619,77.248868,1.086921,939.973361,3.564382,0.250000,
2011-02-18,170.277270,35.919185,68.431249,77.080275,1.083855,938.713305,3.567625,0.250000,
2011-02-21,170.303059,35.992638,68.624080,77.410299,1.078611,937.119657,3.573030,0.250000,
2011-02-22,168.067672,35.506811,68.720919,78.453942,1.077084,931.033911,3.578747,0.250000,
2011-02-23,168.547294,35.596490,68.325523,77.402330,1.077764,932.697270,3.574698,0.250000,
2011-02-24,170.764438,36.057964,69.662944,79.547847,1.070268,940.393512,3.568676,0.250000,
2011-02-25,171.898357,36.355637,70.174319,80.188982,1.068722,943.396978,3.569547,0.250000,
2011-02-28,171.473058,36.234208,69.488185,78.847713,1.074695,943.049952,3.567976,0.250000,
2011-03-01,172.210789,36.508591,70.555076,80.803323,1.069749,941.552900,3.577825,0.250000,218.720294
2011-03-02,172.101829,36.519276,69.206223,77.809234,1.075742,938.675224,3.581494,0.250000,
2011-03-03,173.082418,36.899697,68.103132,74.875848,1.080869,941.445446,3.593357,0.250000,
2011-03-04,172.102632,36.550523,67.371812,73.784804,1.087224,943.530414,3.584051,0.250000,
2011-03-07,172.546080,36.865362,67.825012,74.363393,1.083104,943.141293,3.600709,0.250000,
2011-03-08,173.041460,36.920386,67.497432,73.538316,1.088730,946.973515,3.597523,0.250000,
2011-03-09,172.929819,36.988180,66.655024,71.694758,1.096925,946.418088,3.605532,0.250000,
2011-03-10,174.880870,37.451069,66.956212,71.628171,1.095684,955.348177,3.603900,0.250000,
2011-03-11,177.114091,38.163380,68.166980,73.186955,1.089650,954.952813,3.611702,0.250000,
2011-03-14,176.544864,37.976996,68.405115,73.931219,1.086683,952.479101,3.607717,0.250000,
2011-03-15,178.000758,38.316673,68.906034,74.464398,1.086046,953.969491,3.605705,0.250000,
2011-03-16,179.263617,38.686767,68.866392,73.855492,1.085219,961.155106,3.608596,0.250000,
2011-03-17,179.738348,38.776131,69.074950,74.139174,1.082984,962.989266,3.609698,0.250000,
2011-03-18,181.131784,39.213555,70.263244,76.029797,1.076231,968.745840,3.613081,0.250000,
2011-03-21,182.966315,39.332241,70.941008,77.115087,1.074296,973.005751,3.586741,0.250000,
2011-03-22,184.426091,39.596410,71.441232,77.724595,1.073853,975.927385,3.577745,0.250000,
2011-03-23,182.540299,39.092783,71.000877,77.517464,1.074857,968.457015,3.575297,0.250000,
2011-03-24,180.528893,38.511472,69.827894,75.849062,1.082617,967.569330,3.568461,0.250000,
2011-03-25,182.989862,38.963556,70.027651,75.514456,1.083464,973.017844,3.555525,0.250000,
2011-03-28,182.567603,38.928106,69.741928,74.989685,1.083705,968.970580,3.562574,0.250000,
2011-03-29,186.030202,39.731621,70.824500,76.051106,1.079623,976.512085,3.556386,0.250000,
2011-03-30,184.712509,39.546227,70.991448,76.731465,1.075098,974.227957,3.565107,0.250000,
2011-03-31,188.071613,40.432690,71.927919,77.417113,1.074068,976.658084,3.566946,0.250000,
2011-04-01,186.774840,40.197256,71.083865,76.022674,1.077425,968.851655,3.572966,0.250000,218.902457
2011-04-04,188.947745,40.638634,71.155789,75.486918,1.078898,976.250263,3.563374,0.250000,
2011-04-05,184.996180,39.757648,70.677939,75.792423,1.080087,973.859319,3.570793,0.250000,
2011-04-06,184.454011,39.671114,70.341045,75.227015,1.076171,973.882648,3.571752,0.250000,
2011-04-07,186.182047,40.270957,70.984200,75.774610,1.073182,977.470940,3.583643,0.250000,
2011-04-08,188.451290,40.851853,71.619724,76.264192,1.064645,974.522686,3.583550,0.250000,
2011-04-11,193.500374,41.987819,72.529794,76.482095,1.059032,987.813611,3.571095,0.250000,
2011-04-12,193.073267,41.704716,71.877331,75.445540,1.060234,982.031264,3.557895,0.250000,
2011-04-13,191.535892,41.176915,72.094693,76.555288,1.063284,977.218436,3.546642,0.250000,
2011-04-14,192.308329,41.253536,72.966881,78.198209,1.061566,978.940240,3.537426,0.250000,
2011-04-15,191.779090,41.008582,72.913727,78.378602,1.061442,979.363002,3.530284,0.250000,
2011-04-18,192.974689,41.134376,74.505053,81.467376,1.057788,974.569634,3.518954,0.250000,
2011-04-19,191.532744,40.854487,73.887244,80.598943,1.060745,974.322146,3.525336,0.250000,
2011-04-20,192.330764,41.047944,73.988262,80.512269,1.059984,976.718575,3.524845,0.250000,
2011-04-21,192.309275,40.893689,74.478572,81.707145,1.056259,980.317180,3.513781,0.250000,
2011-04-22,193.323873,40.778010,75.096724,83.021402,1.054332,978.392967,3.485953,0.250000,
2011-04-25,193.532512,40.765785,76.284065,85.578087,1.052252,976.068648,3.478679,0.250000,
2011-04-26,194.682265,40.888528,77.664914,88.329167,1.044573,977.404983,3.466644,0.250000,
2011-04-27,192.710041,40.563718,77.091973,87.663850,1.047740,972.991470,3.479742,0.250000,
2011-04-28,192.437199,40.439449,77.412621,88.541122,1.044090,977.548897,3.476149,0.250000,
2011-04-29,190.140591,39.980347,77.559042,89.687612,1.041832,971.642116,3.480926,0.250000,
2011-05-02,190.460826,39.895083,77.952199,90.621513,1.038311,971.817685,3.468465,0.250000,
2011-05-03,190.704081,40.051201,78.272030,91.120551,1.039384,974.893218,3.475011,0.250000,
2011-05-04,194.148982,40.420704,79.261556,92.456080,1.039282,979.359115,3.440847,0.250000,
2011-05-05,192.561740,40.042673,78.370857,91.079863,1.042023,977.362529,3.441264,0.250000,
2011-05-06,193.514941,40.150418,77.911451,89.778726,1.041804,982.735632,3.432457,0.250000,
2011-05-09,195.684237,40.729470,78.475248,90.084061,1.040454,983.548076,3.437404,0.250000,
2011-05-10,195.513220,40.496705,78.876177,91.264315,1.042381,978.673747,3.423955,0.250000,
2011-05-11,194.368873,40.221253,78.135369,90.054096,1.048823,977.073058,3.425672,0.250000,
2011-05-12,196.505829,40.712481,78.931458,90.985348,1.045674,983.180641,3.421524,0.250000,
2011-05-13,198.436036,41.204859,80.161479,92.922967,1.039379,987.418705,3.424013,0.250000,
2011-05-16,198.930278,41.254918,80.304920,93.111697,1.040328,984.848383,3.418137,0.250000,
2011-05-17,197.837545,40.904997,79.355058,91.506805,1.043582,980.740210,3.411719,0.250000,
2011-05-18,194.700378,40.325639,78.406467,90.443719,1.048300,977.213116,3.426725,0.250000,
2011-05-19,195.912061,40.731711,78.810041,90.712524,1.051093,976.265907,3.435923,0.250000,
2011-05-20,197.317513,41.202396,79.262802,90.994338,1.049891,980.237227,3.442554,0.250000,
2011-05-23,195.466140,40.765344,78.638471,90.325619,1.052594,983.512227,3.442657,0.250000,
2011-05-24,194.516283,40.569869,77.837338,88.870546,1.060746,979.750908,3.443935,0.250000,
2011-05-25,193.056252,40.252256,78.264313,90.371198,1.055632,977.356591,3.447798,0.250000,
2011-05-26,193.574254,40.302358,78.267757,90.240821,1.059766,973.268836,3.441420,0.250000,
2011-05-27,194.642641,40.459444,79.168939,91.938739,1.052641,976.107021,3.436944,0.250000,
2011-05-30,193.344246,40.076133,77.824716,89.513707,1.059348,968.873550,3.429826,0.250000,
2011-05-31,193.966391,40.145808,78.426163,90.692780,1.056649,969.886620,3.424395,0.250000,
2011-06-01,194.827709,40.375768,79.113368,91.851483,1.056282,963.191874,3.422908,0.250000,219.368681
2011-06-02,196.737954,40.919856,79.911107,92.754221,1.054137,960.765887,3.428775,0.250000,
2011-06-03,196.597397,40.842904,80.002666,93.059179,1.053718,962.486468,3.424153,0.250000,
2011-06-06,195.574919,40.595373,79.828285,93.081000,1.054495,958.187114,3.423476,0.250000,
2011-06-07,196.628175,40.768763,79.558656,92.113140,1.056425,960.074503,3.417186,0.250000,
2011-06-08,199.381770,41.471696,81.174011,94.570771,1.049792,956.651559,3.421357,0.250000,
2011-06-09,198.145409,41.172718,79.778448,91.916921,1.054315,956.123055,3.422013,0.250000,
2011-06-10,196.991667,40.716418,79.899932,92.863446,1.052431,952.576080,3.408811,0.250000,
2011-06-13,195.782210,40.465411,78.793452,90.806962,1.058867,955.227403,3.409881,0.250000,
2011-06-14,199.129899,41.218405,79.707752,91.541843,1.054955,960.436051,3.408463,0.250000,
2011-06-15,200.113750,41.346127,79.557802,90.921667,1.053762,969.443385,3.402605,0.250000,
2011-06-16,200.230294,41.442366,78.883581,89.291452,1.058763,969.911632,3.410448,0.250000,
2011-06-17,197.631605,40.682769,78.756453,90.186626,1.059052,970.577673,3.402356,0.250000,
2011-06-20,198.358861,40.889365,79.770688,92.117957,1.060872,972.570392,3.404460,0.250000,
2011-06-21,195.637736,40.448214,78.327334,89.733406,1.070153,972.922834,3.418608,0.250000,
2011-06-22,195.570114,40.482221,78.670799,90.461364,1.069403,974.592626,3.423072,0.250000,
2011-06-23,196.653625,40.731701,79.853308,92.681695,1.068412,972.648514,3.419397,0.250000,
2011-06-24,195.534503,40.360343,79.107567,91.567838,1.068582,968.281844,3.412143,0.250000,
2011-06-27,193.140619,39.659473,78.035234,90.274462,1.074125,962.844938,3.401656,0.250000,
2011-06-28,190.296226,38.902234,76.314455,87.652136,1.081271,963.683858,3.393239,0.250000,
2011-06-29,189.577844,38.697505,74.794359,84.587614,1.080976,963.915690,3.392233,0.250000,
2011-06-30,189.803103,38.778654,74.867193,84.617923,1.081064,963.931061,3.395183,0.250000,
2011-07-01,188.358760,38.369887,73.359266,81.937206,1.089436,960.163251,3.393770,0.250000,219.702365
2011-07-04,191.010587,38.915788,74.619239,83.746734,1.082835,965.833777,3.385911,0.250000,
2011-07-05,189.858968,38.641415,74.814770,84.617914,1.081480,961.749446,3.383862,0.250000,
2011-07-06,190.628543,38.766340,75.565330,86.028919,1.079100,961.976461,3.378296,0.250000,
2011-07-07,192.647948,39.167403,76.322959,86.983698,1.076778,970.303094,3.373025,0.250000,
2011-07-08,193.511576,39.147013,75.958290,86.076900,1.080041,977.012430,3.355564,0.250000,
2011-07-11,192.911403,39.152894,75.610027,85.367068,1.081219,978.725347,3.366855,0.250000,
2011-07-12,196.823816,39.908200,77.278382,87.694430,1.077391,977.978831,3.352169,0.250000,
2011-07-13,196.576366,40.054457,78.290246,89.800918,1.074136,982.722922,3.365331,0.250000,
2011-07-14,198.021260,40.025554,77.828570,88.606869,1.076837,981.802696,3.338318,0.250000,
2011-07-15,196.830597,39.558303,77.302934,88.113415,1.081082,981.195273,3.327232,0.250000,
2011-07-18,199.176377,40.120317,78.463736,89.742309,1.075691,982.814216,3.330059,0.250000,
2011-07-19,195.967376,39.130242,77.436456,88.996335,1.078108,978.087901,3.312775,0.250000,
2011-07-20,195.698217,39.118582,78.052929,90.422139,1.074354,976.271019,3.320216,0.250000,
2011-07-21,198.964920,39.865842,78.317054,89.702141,1.076905,978.896600,3.320120,0.250000,
2011-07-22,196.714895,39.401733,77.856183,89.489949,1.076206,972.769920,3.328044,0.250000,
2011-07-25,196.876204,39.334887,77.631817,89.033262,1.079814,968.904821,3.321702,0.250000,
2011-07-26,196.162008,39.143504,77.333050,88.668870,1.080215,967.443366,3.322223,0.250000,
2011-07-27,198.759264,39.871233,77.565151,88.005564,1.082787,971.839177,3.332098,0.250000,
2011-07-28,201.299537,40.369598,79.581287,91.590570,1.073337,978.405982,3.326824,0.250000,
2011-07-29,200.898575,40.178618,79.455084,91.571113,1.067816,975.619846,3.321169,0.250000,
2011-08-01,201.052014,40.100679,80.352775,93.662097,1.065515,972.830911,3.312754,0.250000,220.155935
2011-08-02,200.617368,39.919167,79.279943,91.495861,1.067634,966.097819,3.306983,0.250000,
2011-08-03,200.192217,39.756411,78.858904,90.784332,1.072134,966.974980,3.302656,0.250000,
2011-08-04,198.958185,39.549286,78.248240,89.805581,1.076592,965.395200,3.307452,0.250000,
2011-08-05,198.792682,39.633415,77.034691,87.022727,1.083145,966.291789,3.316393,0.250000,
2011-08-08,200.427266,39.951807,78.400490,89.468048,1.074772,975.399066,3.311132,0.250000,
2011-08-09,200.519274,40.093335,78.574310,89.669325,1.071467,980.897011,3.321249,0.250000,
2011-08-10,200.443032,39.926233,79.374290,91.654538,1.062701,981.216269,3.309493,0.250000,
2011-08-11,202.810559,40.426512,79.521907,91.082747,1.060560,986.555594,3.306431,0.250000,
2011-08-12,200.078180,39.991391,79.805157,92.575370,1.059465,979.216421,3.322302,0.250000,
2011-08-15,202.400062,40.340618,80.990431,94.528098,1.053804,985.397929,3.308656,0.250000,
2011-08-16,203.932163,40.646653,81.462157,95.017694,1.053024,991.575900,3.303847,0.250000,
2011-08-17,203.078917,40.246209,81.310225,95.257741,1.055463,986.998944,3.289259,0.250000,
2011-08-18,206.119617,40.852575,83.517587,99.165387,1.048709,993.421969,3.282096,0.250000,
2011-08-19,205.545053,40.597512,84.983974,102.991390,1.042449,987.203374,3.274911,0.250000,
2011-08-22,205.977433,40.642115,85.685961,104.523021,1.038630,983.345679,3.271684,0.250000,
2011-08-23,203.261890,39.888095,85.530898,105.548669,1.039249,976.593068,3.263385,0.250000,
2011-08-24,202.540004,39.720388,85.247230,105.188013,1.041343,971.220169,3.262384,0.250000,
2011-08-25,206.853183,40.569144,86.786369,107.087406,1.034598,980.996436,3.251110,0.250000,
2011-08-26,208.024722,40.868454,87.647621,108.569995,1.034159,982.646756,3.252148,0.250000,
2011-08-29,206.630093,40.237091,85.259702,103.886870,1.041314,982.654049,3.231933,0.250000,
2011-08-30,206.323725,40.422565,84.984626,103.020867,1.044248,988.419299,3.250047,0.250000,
2011-08-31,207.829583,40.829086,85.769982,104.118727,1.043703,993.477045,3.258497,0.250000,
2011-09-01,208.498673,40.887100,86.735136,106.228572,1.040660,992.536237,3.253130,0.250000,220.821428
2011-09-02,206.553521,40.579925,87.352019,108.402799,1.035972,989.544559,3.263431,0.250000,
2011-09-05,206.584047,40.627774,86.831721,107.063759,1.038285,1000.785358,3.265600,0.250000,
2011-09-06,204.381023,40.249610,85.003777,103.508990,1.041972,999.104611,3.276128,0.250000,
2011-09-07,206.788975,40.770059,86.045017,104.934461,1.039166,998.397361,3.276891,0.250000,
2011-09-08,206.351836,40.762147,86.233572,105.444773,1.035228,992.155750,3.283708,0.250000,
2011-09-09,205.170029,40.490545,86.652236,106.974746,1.033200,990.176464,3.284758,0.250000,
2011-09-12,206.366676,40.801468,88.179832,110.054003,1.030561,991.931636,3.288818,0.250000,
2011-09-13,209.024352,41.146117,88.472089,109.872545,1.032346,994.084025,3.267619,0.250000,
2011-09-14,208.198133,40.925500,87.818996,108.704837,1.035988,998.788169,3.266067,0.250000,
2011-09-15,208.708395,41.151111,88.369048,109.636299,1.036427,1003.239734,3.274745,0.250000,
2011-09-16,206.546822,40.695611,87.065816,107.420754,1.043245,997.362902,3.276951,0.250000,
2011-09-19,209.252550,41.256902,88.526991,109.764808,1.037069,995.505528,3.271355,0.250000,
2011-09-20,210.458901,41.507401,89.949943,112.682467,1.033012,998.976190,3.269459,0.250000,
2011-09-21,207.995897,40.995155,89.652822,113.040236,1.032895,996.848364,3.272692,0.250000,
2011-09-22,207.374337,40.722922,90.478086,115.558910,1.029320,996.257229,3.263473,0.250000,
2011-09-23,210.132008,41.328981,92.758526,119.923448,1.023460,1003.370299,3.262182,0.250000,
2011-09-26,209.589101,41.382848,93.548723,121.918213,1.023311,999.245295,3.273196,0.250000,
2011-09-27,208.213314,41.088436,92.185859,119.121569,1.029285,995.633541,3.274765,0.250000,
2011-09-28,207.272610,40.819501,92.023871,119.254493,1.032288,993.915138,3.272290,0.250000,
2011-09-29,207.941525,40.950015,91.321656,117.170104,1.034380,993.527384,3.267550,0.250000,
2011-09-30,207.254606,40.991665,91.799652,118.405076,1.037669,993.307994,3.284478,0.250000,
2011-10-03,205.676486,40.714879,92.285339,120.295590,1.037272,988.030741,3.290634,0.250000,
2011-10-04,206.266882,40.832553,92.400919,120.297359,1.034382,985.719266,3.286836,0.250000,
2011-10-05,205.526001,40.815812,92.366119,120.343059,1.035974,988.283958,3.295329,0.250000,
2011-10-06,205.221744,40.930044,92.492275,120.526711,1.035413,990.891753,3.308350,0.250000,
2011-10-07,205.239925,41.049389,92.412290,120.125416,1.036434,990.733257,3.316879,0.250000,
2011-10-10,205.129408,41.043170,91.213200,117.115463,1.043569,992.954080,3.318401,0.250000,
2011-10-11,207.123675,41.578738,90.708093,114.751488,1.044572,997.863607,3.323744,0.250000,
2011-10-12,210.470872,42.200688,91.324873,114.852713,1.043689,1006.045583,3.311238,0.250000,
2011-10-13,212.638586,42.578852,93.706254,119.849670,1.032979,1012.359975,3.301905,0.250000,
2011-10-14,217.572177,43.872263,95.065126,120.573833,1.026957,1015.815957,3.308962,0.250000,
2011-10-17,216.806180,43.622709,95.199910,121.370042,1.027202,1015.015518,3.305246,0.250000,
2011-10-18,217.715340,43.739788,95.802844,122.543309,1.027156,1015.138236,3.297741,0.250000,
2011-10-19,214.362236,43.084004,94.908553,121.783484,1.030718,1013.483838,3.306267,0.250000,
2011-10-20,216.671123,43.649288,95.205651,121.322693,1.030707,1016.687902,3.305807,0.250000,
2011-10-21,213.559301,42.771936,92.952144,117.467922,1.035616,1007.653909,3.295837,0.250000,
2011-10-24,213.136525,42.482550,92.038200,115.678946,1.040264,999.768928,3.282858,0.250000,
2011-10-25,214.816235,42.919921,93.523265,118.441111,1.038127,1002.781583,3.284987,0.250000,
2011-10-26,216.073443,43.328878,94.575691,120.251055,1.037213,1001.153313,3.291326,0.250000,
2011-10-27,217.794969,43.747759,94.173521,118.383209,1.041919,1003.173007,3.291801,0.250000,
2011-10-28,214.741864,43.194683,92.509599,115.537620,1.046635,1003.236009,3.304419,0.250000,
2011-10-31,213.392393,42.894653,91.706491,114.187841,1.050371,1001.299770,3.306413,0.250000,
2011-11-01,216.997716,43.613794,93.598729,117.241226,1.045629,1005.905489,3.302707,0.250000,221.728766
2011-11-02,216.064299,43.221440,93.311093,117.211881,1.046908,1003.619564,3.291811,0.250000,
2011-11-03,220.084994,44.190808,95.435962,120.435958,1.043147,1016.562522,3.293436,0.250000,
2011-11-04,222.506365,44.729409,96.749074,122.523283,1.038202,1014.941599,3.291504,0.250000,
2011-11-07,221.115389,44.466559,96.897097,123.468104,1.039267,1013.132698,3.298866,0.250000,
2011-11-08,222.695949,44.664536,96.711895,122.462614,1.036591,1012.669877,3.287772,0.250000,
2011-11-09,224.175780,45.151593,96.217217,120.326051,1.041707,1015.395825,3.296180,0.250000,
2011-11-10,224.240175,45.354778,96.895043,121.679108,1.035299,1017.042892,3.306860,0.250000,
2011-11-11,222.645525,44.978193,95.792094,119.731583,1.039604,1007.815232,3.305432,0.250000,
2011-11-14,224.934980,45.316301,95.931798,119.247012,1.038386,1011.647517,3.293810,0.250000,
2011-11-15,227.314869,45.928749,96.571278,119.596678,1.038430,1016.942677,3.294688,0.250000,
2011-11-16,230.628616,46.780587,98.609147,122.874187,1.033924,1020.225693,3.296689,0.250000,
2011-11-17,234.122196,47.514641,101.394262,128.134411,1.025876,1021.529346,3.289653,0.250000,
2011-11-18,234.412966,47.222634,101.462448,128.648406,1.024465,1018.562576,3.268619,0.250000,
2011-11-21,236.611176,47.586802,102.142322,129.460018,1.021464,1020.599078,3.260281,0.250000,
2011-11-22,235.691393,47.415455,102.365465,130.382702,1.022862,1019.111884,3.264620,0.250000,
2011-11-23,236.241304,47.471265,101.846613,128.916350,1.022297,1016.216794,3.261579,0.250000,
2011-11-24,234.834412,47.105019,101.005899,127.556056,1.021608,1007.026015,3.260633,0.250000,
2011-11-25,234.053192,46.883733,100.414544,126.513404,1.025117,1008.471189,3.259343,0.250000,
2011-11-28,232.326049,46.591453,99.614184,125.203693,1.028080,1007.734187,3.264603,0.250000,
2011-11-29,230.375332,46.172270,99.212626,125.085007,1.031849,1007.039309,3.268352,0.250000,
2011-11-30,232.767273,46.710180,99.605905,124.920848,1.036054,1019.056427,3.265492,0.250000,
2011-12-01,231.977075,46.443895,99.452365,125.018033,1.040277,1022.450881,3.262649,0.250000,222.206280
2011-12-02,234.077564,47.005539,101.376321,128.632943,1.032449,1026.345613,3.267065,0.250000,
2011-12-05,234.222672,46.907178,98.886339,122.635336,1.039780,1021.451886,3.260695,0.250000,
2011-12-06,234.728007,47.112920,99.129995,122.857631,1.040549,1023.431895,3.264153,0.250000,
2011-12-07,239.954518,48.390363,101.414925,125.878251,1.034240,1032.960507,3.266894,0.250000,
2011-12-08,236.518904,47.914831,100.934502,125.854344,1.035685,1028.679388,3.288214,0.250000,
2011-12-09,237.434352,48.016395,101.894744,127.904448,1.034106,1034.806440,3.279685,0.250000,
2011-12-12,235.994813,47.756568,101.037198,126.367771,1.037928,1036.062517,3.283985,0.250000,
2011-12-13,236.299775,48.023773,101.176050,126.281474,1.039205,1038.082491,3.298320,0.250000,
2011-12-14,232.919711,47.363593,100.785878,126.733401,1.038630,1035.081023,3.308169,0.250000,
2011-12-15,231.511185,46.892080,100.540678,126.987331,1.039094,1035.837376,3.300434,0.250000,
2011-12-16,235.900718,47.674149,101.306645,127.090385,1.037461,1040.057700,3.283449,0.250000,
2011-12-19,235.802074,47.574010,101.086349,126.688029,1.041728,1043.283550,3.280131,0.250000,
2011-12-20,233.495920,47.086964,100.721635,126.805105,1.040420,1036.989641,3.282187,0.250000,
2011-12-21,234.536989,47.452786,102.096991,129.507583,1.035750,1034.981379,3.291221,0.250000,
2011-12-22,237.867430,48.446744,103.726922,131.608191,1.033956,1037.593623,3.303280,0.250000,
2011-12-23,232.245250,47.456690,101.504916,128.368624,1.039511,1025.484949,3.324949,0.250000,
2011-12-26,231.834775,47.352597,101.187765,127.780053,1.041886,1022.105487,3.326818,0.250000,
2011-12-27,231.781889,47.166899,100.893407,127.305264,1.040907,1023.946521,3.316144,0.250000,
2011-12-28,228.540261,46.504503,99.804952,126.039754,1.044383,1021.691923,3.324556,0.250000,
2011-12-29,226.437541,45.727127,97.720650,122.315495,1.049462,1019.791501,3.306570,0.250000,
2011-12-30,227.681543,46.176428,98.329986,122.979096,1.048905,1026.796946,3.314495,0.250000,
2012-01-02,234.729678,47.824875,100.810764,125.682167,1.043002,1037.024967,3.313093,0.250000,
2012-01-03,232.802793,47.452587,99.891282,124.229162,1.044168,1037.268362,3.319986,0.250000,
2012-01-04,232.097045,47.294086,100.126521,125.108529,1.040862,1038.165996,3.317427,0.250000,
2012-01-05,233.327831,47.703796,101.060303,126.624087,1.040159,1039.006007,3.322081,0.250000,
2012-01-06,232.787979,47.584452,101.505369,127.947868,1.036089,1039.692897,3.323636,0.250000,
2012-01-09,229.129837,46.691322,99.023968,123.652725,1.045573,1034.097650,3.321119,0.250000,
2012-01-10,231.533097,47.030748,100.706197,126.914726,1.039431,1039.961059,3.307289,0.250000,
2012-01-11,231.474049,46.938687,101.082759,127.964671,1.034826,1040.053894,3.302925,0.250000,
2012-01-12,233.006216,47.136662,101.681572,128.908807,1.035020,1047.014797,3.292640,0.250000,
2012-01-13,235.739129,47.869481,102.396600,129.203423,1.031720,1056.313408,3.298708,0.250000,
2012-01-16,236.071674,47.983624,104.466947,134.114539,1.025855,1062.035834,3.301164,0.250000,
2012-01-17,234.834100,47.890329,104.839623,135.371267,1.027777,1063.960360,3.314059,0.250000,
2012-01-18,230.957076,46.919180,103.119840,133.075543,1.036355,1057.777448,3.311084,0.250000,
2012-01-19,229.579064,46.608836,103.218860,133.993127,1.033347,1051.072452,3.310299,0.250000,
2012-01-20,228.404849,46.533570,102.987034,133.696635,1.035054,1050.513891,3.325020,0.250000,
2012-01-23,228.902235,46.514277,102.694490,132.885830,1.033339,1053.200487,3.315936,0.250000,
2012-01-24,228.251719,46.614804,102.308487,131.857395,1.037836,1046.641332,3.329643,0.250000,
2012-01-25,228.678306,46.936515,102.745569,132.402199,1.038834,1051.830444,3.341362,0.250000,
2012-01-26,230.596140,47.236978,102.860848,131.925842,1.038945,1050.151553,3.333068,0.250000,
2012-01-27,228.904243,46.821312,102.044421,130.740775,1.042108,1041.729688,3.335345,0.250000,
2012-01-30,227.926440,46.603486,100.368174,127.026482,1.049899,1038.867294,3.338498,0.250000,
2012-01-31,227.451967,46.582234,99.810095,125.740682,1.050239,1038.466694,3.344325,0.250000,
2012-02-01,229.188216,47.247688,100.104144,125.257241,1.047483,1047.138965,3.361120,0.250000,223.221838
2012-02-02,228.721499,46.989310,100.088438,125.630097,1.046134,1043.192277,3.352153,0.250000,
2012-02-03,230.638371,47.467189,100.282863,125.137811,1.047404,1047.571601,3.353290,0.250000,
2012-02-06,229.469419,47.081871,99.357828,123.575595,1.047712,1042.584344,3.346373,0.250000,
2012-02-07,227.804594,46.638797,97.783285,120.602893,1.051830,1040.419924,3.345358,0.250000,
2012-02-08,224.757259,45.826291,96.719632,119.572728,1.053958,1034.516774,3.339424,0.250000,
2012-02-09,224.889807,45.760846,96.682654,119.536409,1.056357,1036.289318,3.332802,0.250000,
2012-02-10,223.123243,45.238481,95.157797,116.820111,1.063949,1026.743654,3.325020,0.250000,
2012-02-13,223.254233,45.275984,97.213207,121.706789,1.055147,1022.155402,3.324262,0.250000,
2012-02-14,225.895510,45.876776,99.219692,125.363013,1.048797,1025.926542,3.325406,0.250000,
2012-02-15,223.249494,45.156553,96.227531,119.443786,1.060256,1019.873073,3.317966,0.250000,
2012-02-16,223.985347,45.305825,96.294180,119.275397,1.058863,1017.290914,3.316607,0.250000,
2012-02-17,226.952895,45.977891,97.824282,121.600116,1.058650,1022.759595,3.314823,0.250000,
2012-02-20,225.034553,45.624813,97.030648,120.434894,1.056711,1017.350895,3.321959,0.250000,
2012-02-21,228.240152,46.316987,97.419568,119.941611,1.057617,1024.554845,3.314517,0.250000,
2012-02-22,231.021451,46.940899,97.621242,119.172686,1.054789,1028.369072,3.310141,0.250000,
2012-02-23,229.621664,46.620307,96.504159,117.126420,1.059798,1029.358036,3.312697,0.250000,
2012-02-24,232.797801,47.248379,97.827628,118.973349,1.055908,1034.476026,3.304513,0.250000,
2012-02-27,234.341373,47.879340,100.741620,124.877914,1.046726,1038.998024,3.320553,0.250000,
2012-02-28,237.161700,48.408092,100.483029,123.116448,1.043518,1047.059094,3.309603,0.250000,
2012-02-29,241.689267,49.356823,101.457274,123.525569,1.042369,1046.814939,3.301141,0.250000,
2012-03-01,241.193688,49.039290,100.853510,122.557907,1.040386,1042.663964,3.287860,0.250000,223.515954
2012-03-02,241.613063,49.307690,100.258043,120.735376,1.044458,1043.485662,3.300551,0.250000,
2012-03-05,240.007577,48.798886,99.482714,119.769428,1.042167,1043.615328,3.293606,0.250000,
2012-03-06,246.187499,50.224313,102.082896,123.188604,1.033113,1055.875907,3.292315,0.250000,
2012-03-07,250.916519,50.943161,102.373013,122.288674,1.034079,1061.992124,3.270718,0.250000,
2012-03-08,250.384525,51.106816,101.606524,120.367902,1.036464,1057.821393,3.287525,0.250000,
2012-03-09,245.096935,49.974695,98.647439,115.628098,1.044431,1052.185355,3.291262,0.250000,
2012-03-12,243.050595,49.462683,97.781969,114.520343,1.050260,1048.687169,3.289715,0.250000,
2012-03-13,247.192547,50.190514,99.555183,117.138207,1.044579,1054.596921,3.276807,0.250000,
2012-03-14,246.460088,50.034088,98.258005,114.444801,1.048399,1053.864841,3.276424,0.250000,
2012-03-15,246.056177,49.971408,98.174225,114.367543,1.050252,1054.444850,3.277906,0.250000,
2012-03-16,244.083642,49.549099,97.844039,114.363756,1.054087,1051.958019,3.280562,0.250000,
2012-03-19,243.273864,49.497341,97.932783,114.722476,1.054495,1051.775934,3.288739,0.250000,
2012-03-20,242.144392,49.260423,97.288646,113.671509,1.055716,1050.988054,3.290347,0.250000,
2012-03-21,241.710418,49.371631,97.655633,114.421362,1.054443,1054.454190,3.303136,0.250000,
2012-03-22,243.630743,49.847852,98.379080,115.234267,1.054278,1055.754028,3.304710,0.250000,
2012-03-23,247.206789,50.585957,98.539204,114.239054,1.047417,1057.184537,3.296261,0.250000,
2012-03-26,244.282486,49.905392,96.508748,110.820230,1.049772,1053.119345,3.298590,0.250000,
2012-03-27,246.291823,50.540912,96.869514,110.632827,1.048024,1055.766963,3.308589,0.250000,
2012-03-28,240.823444,49.099903,95.377784,109.629174,1.047923,1048.992221,3.301200,0.250000,
2012-03-29,243.696840,49.769243,97.075133,112.285560,1.044993,1057.357171,3.300685,0.250000,
2012-03-30,246.018591,50.402013,98.881166,115.316667,1.042962,1064.976081,3.305849,0.250000,
2012-04-02,247.018301,50.769021,98.972019,114.945677,1.044044,1064.154496,3.313520,0.250000,
2012-04-03,250.092856,51.516020,100.293955,116.650018,1.041526,1068.968369,3.315039,0.250000,
2012-04-04,251.187501,52.157892,101.327149,118.088644,1.039414,1082.531999,3.333877,0.250000,
2012-04-05,248.951871,51.711830,101.791781,119.966181,1.036608,1078.248060,3.341550,0.250000,
2012-04-06,248.888867,51.970949,102.000453,120.131046,1.037450,1074.138864,3.356536,0.250000,
2012-04-09,250.912027,52.679771,102.777798,120.782639,1.037422,1082.476897,3.368594,0.250000,
2012-04-10,248.758284,52.188979,101.856259,119.530468,1.041909,1084.599965,3.371533,0.250000,
2012-04-11,244.577121,51.086243,101.439808,120.455428,1.043357,1077.306048,3.366320,0.250000,
2012-04-12,243.408434,50.913094,101.757693,121.556032,1.037535,1080.225250,3.373597,0.250000,
2012-04-13,240.935747,50.224487,99.825046,118.244766,1.040526,1074.267840,3.365902,0.250000,
2012-04-16,242.132940,50.320719,100.440139,119.368792,1.038246,1076.763003,3.354335,0.250000,
2012-04-17,242.889323,50.385133,101.123850,120.757178,1.038235,1083.745152,3.347516,0.250000,
2012-04-18,246.506611,51.087413,101.950789,121.292606,1.035294,1084.668426,3.337142,0.250000,
2012-04-19,250.812103,51.823387,103.036746,122.296938,1.033193,1089.736621,3.321725,0.250000,
2012-04-20,252.773114,52.227396,103.268645,122.057853,1.033547,1095.596955,3.316205,0.250000,
2012-04-23,251.277601,52.045659,103.111021,122.104675,1.031131,1089.083512,3.327629,0.250000,
2012-04-24,248.625159,51.484410,102.158050,120.934057,1.032487,1078.486178,3.333306,0.250000,
2012-04-25,250.354383,51.851378,103.792348,124.021639,1.035274,1078.858040,3.332132,0.250000,
2012-04-26,252.049416,51.927092,104.925593,126.322999,1.034299,1084.457416,3.314001,0.250000,
2012-04-27,249.717012,51.340666,104.690511,126.828896,1.035078,1082.497191,3.309695,0.250000,
2012-04-30,249.438100,51.237536,104.079173,125.542034,1.035875,1080.693920,3.309121,0.250000,
2012-05-01,247.679810,50.812603,103.828796,125.728039,1.040383,1080.993066,3.311179,0.250000,224.265354
2012-05-02,249.318221,51.178203,104.596767,126.824597,1.040767,1083.360514,3.308014,0.250000,
2012-05-03,248.234892,50.785058,105.387251,129.357756,1.039371,1084.688271,3.300113,0.250000,
2012-05-04,250.269215,51.072401,105.550400,129.055459,1.038146,1088.190084,3.285992,0.250000,
2012-05-07,249.324954,50.984886,105.646631,129.522972,1.037720,1085.261556,3.295181,0.250000,
2012-05-08,248.526381,50.553049,105.127269,128.948024,1.033999,1086.524140,3.281233,0.250000,
2012-05-09,246.881879,50.403875,105.361046,129.935245,1.031435,1084.413864,3.294487,0.250000,
2012-05-10,246.893317,50.476513,104.393233,127.504544,1.033410,1078.504855,3.299751,0.250000,
2012-05-11,245.658643,50.192766,103.101614,124.969185,1.034472,1074.538604,3.298499,0.250000,
2012-05-14,245.287670,50.004196,103.476150,126.139185,1.032639,1072.277251,3.293091,0.250000,
2012-05-15,243.970890,49.879756,102.383325,123.886341,1.033408,1073.180421,3.305989,0.250000,
2012-05-16,244.503553,50.038477,102.466577,123.787847,1.034161,1071.819216,3.308735,0.250000,
2012-05-17,244.378530,50.339277,103.070293,124.832297,1.032749,1074.833021,3.326520,0.250000,
2012-05-18,241.643173,49.644155,102.427238,124.586817,1.035124,1070.600180,3.322656,0.250000,
2012-05-21,240.334726,49.471222,101.394885,122.542597,1.035220,1071.743210,3.331431,0.250000,
2012-05-22,239.331223,49.208228,101.061744,122.223329,1.034997,1065.192159,3.329841,0.250000,
2012-05-23,240.317494,49.557980,102.033532,123.913164,1.030865,1072.217605,3.339009,0.250000,
2012-05-24,238.126343,49.486540,101.567839,123.209958,1.031097,1070.531664,3.365772,0.250000,
2012-05-25,236.244546,49.128290,101.623214,124.068379,1.031577,1071.355363,3.371307,0.250000,
2012-05-28,237.606091,49.375684,101.492463,123.219977,1.029923,1071.139316,3.367250,0.250000,
2012-05-29,240.377844,50.000918,102.380445,124.096437,1.026375,1081.335902,3.364145,0.250000,
2012-05-30,241.590489,50.376851,103.745327,126.657351,1.022410,1087.355212,3.370190,0.250000,
2012-05-31,240.699477,49.806791,102.123876,123.659671,1.028264,1083.132088,3.347935,0.250000,
2012-06-01,242.961669,50.423094,103.243295,125.171272,1.026854,1089.952428,3.351961,0.250000,224.572025
2012-06-04,248.474128,51.657603,105.378018,127.822385,1.023491,1097.076782,3.344631,0.250000,
2012-06-05,248.066963,51.664955,106.033680,129.413892,1.019919,1096.056358,3.352298,0.250000,
2012-06-06,249.553271,51.923377,107.441434,132.204967,1.018139,1096.899916,3.345785,0.250000,
2012-06-07,248.562408,51.681659,107.336593,132.404407,1.020654,1089.890855,3.345801,0.250000,
2012-06-08,245.964223,51.005086,104.487835,126.853206,1.031596,1087.493614,3.341280,0.250000,
2012-06-11,244.904013,50.813469,105.311750,129.205213,1.028660,1088.581158,3.344745,0.250000,
2012-06-12,243.804284,50.584298,105.090827,129.126283,1.029459,1087.528459,3.347004,0.250000,
2012-06-13,241.467530,50.097088,103.385057,126.023091,1.034190,1083.813315,3.350967,0.250000,
2012-06-14,241.569925,50.211217,104.173150,127.723401,1.035459,1083.992161,3.358618,0.250000,
2012-06-15,237.489010,49.219003,101.364783,122.922169,1.043509,1077.764139,3.359864,0.250000,
2012-06-18,237.233583,49.395382,101.277795,122.513313,1.041827,1079.195338,3.375593,0.250000,
2012-06-19,235.567547,49.229207,100.341108,120.748768,1.044140,1075.565996,3.389768,0.250000,
2012-06-20,234.463213,48.750195,99.491160,119.505324,1.048722,1079.587823,3.377336,0.250000,
2012-06-21,236.308645,49.501339,100.892255,121.561366,1.047565,1079.345169,3.394655,0.250000,
2012-06-22,238.765861,50.086668,102.385845,123.961041,1.047864,1084.747873,3.393230,0.250000,
2012-06-25,237.259305,49.579638,100.708954,120.863591,1.050260,1077.071511,3.386637,0.250000,
2012-06-26,238.644394,49.811079,101.302899,121.748051,1.053159,1082.881263,3.382226,0.250000,
2012-06-27,237.314845,49.441227,100.609581,120.766480,1.051841,1079.849319,3.379428,0.250000,
2012-06-28,235.993975,49.273515,100.322847,120.482922,1.051821,1076.780920,3.386825,0.250000,
2012-06-29,234.432834,49.008140,100.102376,120.513870,1.049746,1077.309387,3.393348,0.250000,
2012-07-02,234.850266,49.020110,101.259632,123.153906,1.043515,1079.906343,3.386732,0.250000,
2012-07-03,235.776165,48.916390,100.111131,120.423929,1.044388,1079.510370,3.366789,0.250000,
2012-07-04,238.682299,49.501794,101.443453,122.372762,1.039615,1081.998264,3.358062,0.250000,
2012-07-05,240.952754,49.948800,101.874476,122.473183,1.036987,1081.991964,3.354135,0.250000,
2012-07-06,237.754354,49.057186,99.352363,118.147640,1.043846,1080.845822,3.347819,0.250000,
2012-07-09,236.955370,49.015123,101.096042,122.383744,1.041502,1080.594452,3.357433,0.250000,
2012-07-10,234.699349,48.479826,99.805824,120.344207,1.046221,1078.110449,3.359307,0.250000,
2012-07-11,234.790504,48.192526,98.987744,118.761619,1.047457,1072.948602,3.338396,0.250000,
2012-07-12,236.069762,48.362238,98.612068,117.473673,1.046623,1076.599789,3.328639,0.250000,
2012-07-13,235.855994,48.131192,97.571925,115.367349,1.052937,1076.836245,3.316231,0.250000,
2012-07-16,238.752403,48.584118,99.196398,118.144797,1.046979,1083.488509,3.303748,0.250000,
2012-07-17,239.128712,48.900475,100.374834,120.426819,1.040490,1087.384141,3.319363,0.250000,
2012-07-18,243.189445,49.897707,101.466516,121.125965,1.037203,1090.934682,3.319896,0.250000,
2012-07-19,245.048217,50.477452,101.586990,120.410353,1.036581,1094.037253,3.327365,0.250000,
2012-07-20,244.077707,50.456827,101.420508,120.172120,1.036243,1094.040473,3.337837,0.250000,
2012-07-23,244.951499,50.755452,99.569743,115.446741,1.043032,1091.781687,3.342337,0.250000,
2012-07-24,241.997325,49.988044,98.288815,113.831907,1.046150,1086.342449,3.341581,0.250000,
2012-07-25,239.725711,49.420698,96.022145,109.687924,1.054135,1079.223108,3.343914,0.250000,
2012-07-26,242.386438,50.031018,97.107779,111.050565,1.051532,1084.958496,3.344369,0.250000,
2012-07-27,242.389654,50.111781,97.636071,112.125017,1.052957,1082.783153,3.348998,0.250000,
2012-07-30,241.681637,49.867512,97.535369,112.260900,1.051261,1081.989081,3.342387,0.250000,
2012-07-31,243.532532,50.369948,98.126779,112.748676,1.052599,1084.078667,3.346349,0.250000,
2012-08-01,244.810969,50.835541,98.342120,112.514962,1.055033,1081.659109,3.353654,0.250000,225.854290
2012-08-02,244.216922,50.873468,98.514499,112.921151,1.054205,1081.889797,3.363103,0.250000,
2012-08-03,244.623582,50.652721,98.016239,111.992610,1.052304,1083.652485,3.342933,0.250000,
2012-08-06,245.449685,50.787849,98.354097,112.470326,1.052979,1089.958053,3.339465,0.250000,
2012-08-07,243.346000,50.569246,96.399431,108.643785,1.057037,1090.696909,3.353636,0.250000,
2012-08-08,242.915602,50.539123,97.059611,110.176066,1.059018,1092.347049,3.358192,0.250000,
2012-08-09,241.157202,50.185312,97.376434,111.497622,1.054429,1093.700269,3.362489,0.250000,
2012-08-10,240.866095,49.915812,96.998712,110.986658,1.055702,1091.775835,3.350845,0.250000,
2012-08-13,245.067896,50.881829,98.705912,113.129074,1.050766,1101.861072,3.349349,0.250000,
2012-08-14,245.928610,51.346590,99.901918,115.149079,1.047321,1112.850286,3.366467,0.250000,
2012-08-15,245.526874,51.346262,99.615849,114.546232,1.044935,1108.810378,3.372752,0.250000,
2012-08-16,245.770887,51.519335,100.086116,115.356746,1.045363,1104.150924,3.378014,0.250000,
2012-08-17,245.044402,51.202188,101.012174,117.907185,1.044653,1110.282707,3.368727,0.250000,
2012-08-20,248.037522,51.888951,102.022095,118.969089,1.039520,1113.572228,3.366587,0.250000,
2012-08-21,244.550508,51.188134,101.103695,118.171155,1.042179,1104.856159,3.376045,0.250000,
2012-08-22,244.475636,51.349129,102.476380,121.121693,1.035935,1111.255751,3.386149,0.250000,
2012-08-23,246.024499,51.630869,102.547628,120.712183,1.034798,1117.429737,3.383823,0.250000,
2012-08-24,246.222766,51.389635,102.787157,121.512312,1.032163,1115.032796,3.369702,0.250000,
2012-08-27,245.565389,51.215654,102.836152,121.915631,1.030953,1112.260611,3.368223,0.250000,
2012-08-28,247.320271,51.703877,104.461993,124.823212,1.025337,1115.302300,3.372367,0.250000,
2012-08-29,248.344367,51.914062,103.613143,122.435800,1.028824,1119.061519,3.372519,0.250000,
2012-08-30,250.980951,52.619809,103.487905,120.921389,1.030948,1127.489444,3.374323,0.250000,
2012-08-31,254.071021,53.234795,105.022988,123.257398,1.029061,1130.660557,3.367574,0.250000,
2012-09-03,250.229429,52.421148,103.235745,120.654883,1.032642,1125.531537,3.375190,0.250000,
2012-09-04,246.480672,51.265802,102.753152,121.442651,1.030662,1119.231049,3.361502,0.250000,
2012-09-05,243.896468,50.651137,102.322951,121.552547,1.034596,1117.447175,3.362205,0.250000,
2012-09-06,242.731204,50.289530,102.519062,122.610394,1.029476,1116.514432,3.357633,0.250000,
2012-09-07,242.403253,50.215949,103.048301,123.974253,1.029859,1113.962963,3.356893,0.250000,
2012-09-10,239.969411,49.566848,101.934915,122.526540,1.036706,1110.386520,3.353166,0.250000,
2012-09-11,239.589086,49.591943,103.333855,125.837636,1.033018,1111.165016,3.359801,0.250000,
2012-09-12,239.010085,49.362206,102.199760,123.521417,1.037076,1112.487117,3.356729,0.250000,
2012-09-13,234.791235,48.842285,100.893309,121.719685,1.042720,1107.742882,3.387441,0.250000,
2012-09-14,233.907892,48.538227,98.899723,117.559479,1.050901,1106.407605,3.381743,0.250000,
2012-09-17,235.110116,49.062553,98.397397,115.572003,1.051849,1100.009917,3.395146,0.250000,
2012-09-18,232.684866,48.405132,97.673009,115.036852,1.056524,1095.211214,3.389212,0.250000,
2012-09-19,235.350326,49.047493,97.850806,114.278940,1.057794,1091.695821,3.390380,0.250000,
2012-09-20,230.955911,48.052036,96.859277,113.815237,1.063657,1087.058395,3.396289,0.250000,
2012-09-21,226.190696,47.045759,95.076567,111.614015,1.069485,1081.640913,3.406329,0.250000,
2012-09-24,225.696179,47.032850,95.625040,112.946320,1.069143,1078.858488,3.414263,0.250000,
2012-09-25,225.256444,47.076797,96.389268,114.708870,1.067564,1076.655314,3.422603,0.250000,
2012-09-26,225.209686,47.218291,95.632433,112.776481,1.074326,1076.622553,3.433176,0.250000,
2012-09-27,227.283724,47.712418,96.547555,113.965181,1.071985,1079.754265,3.433682,0.250000,
2012-09-28,228.773078,48.074684,97.986586,116.615298,1.066674,1080.535308,3.431518,0.250000,
2012-10-01,225.983252,47.572226,97.025602,115.403530,1.070952,1080.901961,3.443899,0.250000,225.784050
2012-10-02,225.530145,47.375029,97.400648,116.576568,1.069584,1078.701090,3.436117,0.250000,
2012-10-03,223.533884,46.813786,97.173082,117.041610,1.071171,1081.072593,3.429563,0.250000,
2012-10-04,223.140748,46.698809,96.601418,115.892165,1.072964,1076.584037,3.428528,0.250000,
2012-10-05,221.281082,46.107437,96.762008,117.298581,1.074106,1074.351429,3.419953,0.250000,
2012-10-08,223.192469,46.473275,98.520551,120.689274,1.070896,1068.657632,3.413054,0.250000,
2012-10-09,221.603448,46.255383,99.010462,122.392403,1.067560,1072.256557,3.425979,0.250000,
2012-10-10,222.324645,46.658960,99.081134,121.888189,1.067126,1075.844327,3.440764,0.250000,
2012-10-11,224.710749,47.284001,100.346542,123.698598,1.064216,1079.221968,3.442510,0.250000,
2012-10-12,228.659249,47.906630,101.731002,125.556415,1.058808,1085.755006,3.419505,0.250000,
2012-10-15,225.985229,47.328565,100.815369,124.535908,1.059905,1081.113199,3.424414,0.250000,
2012-10-16,227.180552,47.638906,101.292294,125.062050,1.062101,1091.232992,3.426201,0.250000,
2012-10-17,227.413128,47.612935,101.103231,124.590023,1.059244,1090.583841,3.420660,0.250000,
2012-10-18,225.692614,47.335060,100.683140,124.208325,1.060005,1093.425517,3.431156,0.250000,
2012-10-19,219.666906,46.097951,99.011855,122.796355,1.065959,1089.619511,3.444063,0.250000,
2012-10-22,217.528909,45.715855,99.035379,123.710224,1.068118,1082.857528,3.455283,0.250000,
2012-10-23,215.450932,45.461459,98.094705,122.096075,1.070091,1084.146045,3.471276,0.250000,
2012-10-24,218.553284,46.260344,99.587744,124.103315,1.066633,1091.506885,3.472376,0.250000,
2012-10-25,214.902646,45.470523,98.803251,123.869486,1.067707,1086.644708,3.475370,0.250000,
2012-10-26,214.631442,45.557242,99.130362,124.578301,1.066645,1090.339859,3.485468,0.250000,
2012-10-29,212.385128,44.969804,98.233496,123.563786,1.070543,1091.559065,3.482989,0.250000,
2012-10-30,212.413023,44.848452,98.633334,124.700067,1.072370,1088.719573,3.474813,0.250000,
2012-10-31,213.483218,44.998538,98.777865,124.647540,1.069454,1099.834714,3.464835,0.250000,
2012-11-01,213.921738,45.004937,99.040321,125.196437,1.068825,1099.921743,3.457983,0.250000,225.990286
2012-11-02,215.380588,45.516756,100.565947,127.974316,1.062317,1099.347698,3.466707,0.250000,
2012-11-05,213.439221,44.756396,97.864891,122.711116,1.070400,1100.513048,3.447773,0.250000,
2012-11-06,217.825919,45.684625,99.627289,124.981336,1.071302,1103.104627,3.436924,0.250000,
2012-11-07,218.529104,45.609609,100.277060,126.551465,1.072020,1103.878105,3.421511,0.250000,
2012-11-08,219.596952,45.943517,100.719327,126.972101,1.071012,1107.044170,3.426744,0.250000,
2012-11-09,218.472047,45.818729,101.965278,130.412034,1.069976,1107.208614,3.438120,0.250000,
2012-11-12,217.698256,45.674863,101.107849,128.602809,1.072135,1105.819332,3.443633,0.250000,
2012-11-13,219.890167,46.360405,102.090722,129.665278,1.065473,1113.206175,3.452881,0.250000,
2012-11-14,217.247665,45.726183,102.335056,131.635305,1.064842,1106.913501,3.450397,0.250000,
2012-11-15,215.655969,45.626238,100.922613,128.511566,1.069612,1102.471690,3.470758,0.250000,
2012-11-16,215.793104,45.547808,101.205309,129.289730,1.070248,1099.184702,3.461476,0.250000,
2012-11-19,216.211660,45.695502,101.871431,130.648905,1.069300,1093.995767,3.463345,0.250000,
2012-11-20,217.332861,45.902825,101.082557,128.177332,1.075317,1100.402705,3.461018,0.250000,
2012-11-21,217.456416,45.860718,101.037052,128.088508,1.078889,1095.182317,3.457856,0.250000,
2012-11-22,213.994710,45.201193,99.395055,125.544677,1.082749,1087.805866,3.472612,0.250000,
2012-11-23,212.705508,44.987165,99.476892,126.255912,1.086565,1086.637269,3.480516,0.250000,
2012-11-26,215.976451,45.603015,101.655905,130.205379,1.080623,1091.941476,3.468148,0.250000,
2012-11-27,215.691127,45.829662,102.716428,132.564243,1.075173,1093.103315,3.486185,0.250000,
2012-11-28,216.669539,46.011900,102.434319,131.399541,1.072481,1102.164448,3.483986,0.250000,
2012-11-29,216.051730,46.116252,103.643042,134.378274,1.071543,1104.794469,3.497599,0.250000,
2012-11-30,216.001882,46.226578,104.631687,136.714649,1.067247,1104.237226,3.507176,0.250000,
2012-12-03,217.140895,46.628472,103.231073,132.359441,1.072602,1102.404801,3.516398,0.250000,
2012-12-04,217.193650,46.619824,102.388159,130.246042,1.074121,1102.232043,3.515273,0.250000,
2012-12-05,223.622455,48.141630,105.287679,134.146814,1.065232,1111.235005,3.507595,0.250000,
2012-12-06,224.442396,48.228965,104.539182,132.014507,1.070230,1113.850727,3.499832,0.250000,
2012-12-07,223.243457,48.192223,103.787498,130.402930,1.071226,1115.062748,3.516273,0.250000,
2012-12-10,219.248344,47.395559,103.672575,131.904175,1.066759,1110.501582,3.528641,0.250000,
2012-12-11,218.779876,47.165039,103.894801,132.853661,1.065198,1100.842055,3.522759,0.250000,
2012-12-12,218.993627,47.210449,103.745466,132.362376,1.061960,1095.850622,3.524000,0.250000,
2012-12-13,219.475889,47.288016,103.040737,130.405236,1.063603,1096.692010,3.520544,0.250000,
2012-12-14,214.975017,46.338270,102.450438,131.061576,1.067491,1093.207042,3.532429,0.250000,
2012-12-17,216.586131,46.790666,101.818295,128.552343,1.068630,1099.482149,3.532581,0.250000,
2012-12-18,219.500711,47.333798,103.320920,130.979734,1.064155,1102.502872,3.521431,0.250000,
2012-12-19,219.084438,47.231727,102.575264,129.339175,1.067072,1096.204258,3.521524,0.250000,
2012-12-20,219.337310,47.368142,102.979588,130.083584,1.064667,1096.826396,3.524815,0.250000,
2012-12-21,219.864120,47.450288,102.947201,129.782848,1.061629,1100.542551,3.520838,0.250000,
2012-12-24,219.831508,47.356519,101.914992,127.374983,1.064652,1104.954721,3.515927,0.250000,
2012-12-25,220.651423,47.706473,102.502354,128.172103,1.062963,1107.156294,3.525189,0.250000,
2012-12-26,222.428362,47.966930,103.863459,130.829765,1.058453,1109.156577,3.509706,0.250000,
2012-12-27,218.991238,47.008458,102.431060,129.218712,1.064857,1102.584876,3.505351,0.250000,
2012-12-28,220.307687,47.352460,103.214457,130.423398,1.060745,1106.164732,3.505213,0.250000,
2012-12-31,218.493418,47.124790,102.045187,128.159125,1.064215,1102.236719,3.520191,0.250000,
2013-01-01,219.205432,47.093410,102.394399,128.924553,1.060288,1107.917168,3.511685,0.250000,226.592105
2013-01-02,217.851613,46.773093,101.625980,127.700187,1.060885,1108.295138,3.511578,0.250000,
2013-01-03,215.689902,46.168003,100.167695,125.324364,1.064587,1104.615979,3.507742,0.250000,
2013-01-04,219.328268,47.189189,101.665650,126.939815,1.058880,1106.760249,3.514277,0.250000,
2013-01-07,219.670081,47.383261,103.240953,130.455908,1.057917,1108.287886,3.517682,0.250000,
2013-01-08,221.198808,47.762276,104.939375,133.843404,1.054192,1104.667182,3.519699,0.250000,
2013-01-09,220.039271,47.535335,103.964422,131.931746,1.057799,1101.798014,3.523405,0.250000,
2013-01-10,222.513730,48.081480,102.705965,127.654451,1.062279,1104.501197,3.517598,0.250000,
2013-01-11,225.476161,48.741532,104.163483,129.788621,1.060902,1105.161647,3.513049,0.250000,
2013-01-14,226.867451,49.202652,104.853712,130.590893,1.063474,1102.884381,3.521646,0.250000,
2013-01-15,226.045476,48.909249,104.865832,131.142425,1.064420,1103.541694,3.517232,0.250000,
2013-01-16,227.015831,49.240174,104.535651,129.711714,1.062931,1101.400579,3.520379,0.250000,
2013-01-17,223.646257,48.572825,103.937278,129.707236,1.063538,1095.887190,3.531034,0.250000,
2013-01-18,225.725376,49.019670,104.536193,130.192379,1.062256,1096.911075,3.526183,0.250000,
2013-01-21,223.012966,48.447112,103.405227,128.658371,1.063462,1095.172557,3.534677,0.250000,
2013-01-22,224.400427,48.734804,104.445140,130.548398,1.060212,1093.196545,3.527249,0.250000,
2013-01-23,226.923939,49.325439,105.580814,132.069845,1.052821,1096.870889,3.522372,0.250000,
2013-01-24,229.684725,49.974925,108.138408,136.965172,1.044468,1099.492048,3.519563,0.250000,
2013-01-25,225.458360,49.213196,106.051029,133.590097,1.050784,1095.733599,3.539614,0.250000,
2013-01-28,227.021545,49.572998,106.884123,134.854898,1.046037,1101.641931,3.539546,0.250000,
2013-01-29,230.225865,50.217324,108.033339,136.223421,1.044136,1114.547761,3.526890,0.250000,
2013-01-30,229.377558,50.040086,105.905940,131.398985,1.052034,1108.691751,3.527580,0.250000,
2013-01-31,231.546483,50.719439,106.844149,132.383016,1.049225,1115.433312,3.533348,0.250000,
2013-02-01,230.921900,50.397103,107.277501,133.957671,1.047713,1115.271049,3.527015,0.250000,227.163124
2013-02-04,228.698565,49.808413,106.654941,133.600033,1.048835,1106.859355,3.526135,0.250000,
2013-02-05,233.049300,50.762410,107.773091,134.280917,1.048926,1109.987724,3.515159,0.250000,
2013-02-06,234.325521,50.663725,107.350580,133.164555,1.050680,1114.181563,3.491560,0.250000,
2013-02-07,233.899434,50.603696,106.838786,132.061337,1.055327,1113.591629,3.492961,0.250000,
2013-02-08,235.660449,51.050633,107.091490,131.773747,1.056985,1119.974727,3.491878,0.250000,
2013-02-11,236.322540,51.329675,108.242640,134.050851,1.056180,1127.648815,3.500439,0.250000,
2013-02-12,238.937454,52.059637,109.210768,134.971362,1.055477,1133.737328,3.502881,0.250000,
2013-02-13,237.294790,51.506383,108.713150,134.759727,1.055643,1130.094245,3.496159,0.250000,
2013-02-14,242.397304,52.942143,110.884769,137.241605,1.050782,1134.975194,3.500443,0.250000,
2013-02-15,244.180809,53.298681,111.989961,139.132083,1.049562,1135.911125,3.491407,0.250000,
2013-02-18,244.424932,53.598407,111.708637,137.995652,1.050830,1135.667260,3.504032,0.250000,
2013-02-19,247.686918,54.316268,111.976908,137.159952,1.052212,1137.694430,3.497556,0.250000,
2013-02-20,243.933859,53.262496,109.202909,132.491138,1.059361,1135.329379,3.492375,0.250000,
2013-02-21,241.059600,52.800786,107.433678,129.332256,1.063093,1138.780700,3.508985,0.250000,
2013-02-22,242.821225,53.216195,109.700547,133.873103,1.056316,1144.759021,3.503479,0.250000,
2013-02-25,241.791784,52.947692,110.877702,137.195894,1.058300,1138.915655,3.502077,0.250000,
2013-02-26,242.548422,53.223644,112.091110,139.624526,1.055715,1134.072034,3.507740,0.250000,
2013-02-27,247.475294,54.329554,113.685261,141.184074,1.051634,1136.225416,3.500566,0.250000,
2013-02-28,246.789358,54.268090,114.575073,143.527727,1.047130,1132.553202,3.505813,0.250000,
2013-03-01,248.373805,54.566406,115.311485,144.641323,1.045445,1144.736347,3.499044,0.250000,227.634637
2013-03-04,248.426794,54.343764,115.695408,145.861903,1.047077,1146.233541,3.488038,0.250000,
2013-03-05,244.166371,53.453694,112.891581,140.907352,1.054709,1137.326583,3.497014,0.250000,
2013-03-06,245.257172,53.636107,113.024564,140.787238,1.052700,1139.887781,3.490871,0.250000,
2013-03-07,245.354949,53.920960,112.891350,140.048166,1.052251,1135.984438,3.506940,0.250000,
2013-03-08,242.390356,52.810721,110.912051,137.211285,1.056507,1131.585552,3.488582,0.250000,
2013-03-11,245.349577,53.513117,111.472250,137.134996,1.056316,1128.859983,3.485601,0.250000,
2013-03-12,247.387265,53.781588,112.303108,138.434058,1.056727,1135.720119,3.470043,0.250000,
2013-03-13,248.382097,53.993646,113.287939,140.349500,1.052292,1139.616867,3.468937,0.250000,
2013-03-14,249.265214,54.194823,113.964362,141.556720,1.051190,1141.542950,3.469874,0.250000,
2013-03-15,246.088491,53.284657,112.866503,140.620375,1.049279,1138.151051,3.466918,0.250000,
2013-03-18,246.913232,53.791583,113.753298,141.937217,1.044681,1138.171883,3.481554,0.250000,
2013-03-19,246.030481,53.641605,112.464770,139.141520,1.047937,1132.675249,3.486808,0.250000,
2013-03-20,249.809437,54.362047,114.120367,141.551719,1.042157,1136.853747,3.473350,0.250000,
2013-03-21,247.423012,53.829280,114.695559,144.049746,1.044016,1124.907298,3.478576,0.250000,
2013-03-22,249.099370,54.292926,115.429182,144.913214,1.040466,1127.416965,3.480021,0.250000,
2013-03-25,251.184992,54.833016,116.064698,145.365458,1.037678,1137.212507,3.479755,0.250000,
2013-03-26,252.585151,55.171265,118.054228,149.536297,1.031711,1145.422927,3.477975,0.250000,
2013-03-27,257.377836,56.161844,120.131970,152.464927,1.034006,1145.202730,3.467419,0.250000,
2013-03-28,258.280141,56.555844,121.887885,156.104967,1.034565,1140.815288,3.477143,0.250000,
2013-03-29,257.477126,56.443439,122.144228,157.026827,1.033063,1144.645298,3.483004,0.250000,
2013-04-01,258.003905,56.495414,122.682779,158.193568,1.027915,1145.233000,3.477667,0.250000,228.116804
2013-04-02,255.412748,55.843468,121.638546,156.940937,1.032493,1142.732049,3.474996,0.250000,
2013-04-03,259.747826,56.870107,123.104276,158.370731,1.026123,1148.918113,3.467269,0.250000,
2013-04-04,260.803433,57.006035,122.604165,156.723776,1.029610,1155.276839,3.461159,0.250000,
2013-04-05,257.987571,56.197994,121.883389,156.538150,1.032178,1155.117551,3.457077,0.250000,
2013-04-08,258.265866,56.384231,122.231291,157.075650,1.034403,1153.989983,3.463812,0.250000,
2013-04-09,256.938373,55.920701,119.411622,150.924943,1.042751,1151.761383,3.458071,0.250000,
2013-04-10,261.393849,57.181037,122.085318,155.010153,1.037837,1161.531191,3.463596,0.250000,
2013-04-11,261.258780,57.231523,123.815052,159.255769,1.035248,1161.572607,3.470671,0.250000,
2013-04-12,261.541612,57.319856,123.198503,157.518735,1.033860,1157.103051,3.473707,0.250000,
2013-04-15,263.257373,57.843489,124.091168,158.691489,1.031352,1164.625162,3.478384,0.250000,
2013-04-16,262.260044,57.793372,125.460758,162.355057,1.026105,1167.542669,3.489183,0.250000,
2013-04-17,263.058867,57.962492,125.204930,161.306591,1.028966,1172.583029,3.488273,0.250000,
2013-04-18,260.120330,57.490448,123.861599,159.102728,1.028919,1171.802222,3.502096,0.250000,
2013-04-19,260.424499,57.526654,124.955880,161.730425,1.029071,1177.030769,3.499205,0.250000,
2013-04-22,258.614370,57.397052,125.019208,162.381455,1.027722,1176.566826,3.516249,0.250000,
2013-04-23,255.307254,56.532052,123.173850,159.540106,1.031560,1167.752379,3.514436,0.250000,
2013-04-24,255.779090,56.081969,124.168459,162.625030,1.029330,1172.854004,3.484686,0.250000,
2013-04-25,259.830930,56.917731,125.734909,164.627603,1.023446,1179.209141,3.474157,0.250000,
2013-04-26,259.641234,56.966499,125.987407,165.214466,1.021741,1176.035783,3.480596,0.250000,
2013-04-29,259.512416,56.878497,126.701816,167.183200,1.019208,1174.665829,3.476731,0.250000,
2013-04-30,257.826011,56.531273,125.774698,165.612029,1.021907,1169.448690,3.480668,0.250000,
2013-05-01,256.828266,56.088331,124.701027,163.685864,1.021671,1165.056928,3.472191,0.250000,228.370513
2013-05-02,254.092446,55.327434,123.387877,161.944495,1.024579,1155.399827,3.471102,0.250000,
2013-05-03,252.721251,55.014663,123.997713,164.220689,1.019839,1141.757036,3.472711,0.250000,
2013-05-06,249.408140,54.131809,122.064358,161.178913,1.021806,1132.278947,3.470834,0.250000,
2013-05-07,253.885168,55.178460,123.228849,161.739083,1.022664,1135.810276,3.466288,0.250000,
2013-05-08,257.728758,56.036050,125.794563,166.308380,1.017923,1141.669719,3.460867,0.250000,
2013-05-09,259.908385,56.762909,127.760335,169.854241,1.011715,1145.286391,3.469803,0.250000,
2013-05-10,257.006708,56.247998,125.132836,164.377254,1.018908,1134.353359,3.480748,0.250000,
2013-05-13,256.033785,56.086881,124.514553,163.193069,1.023991,1127.691224,3.487710,0.250000,
2013-05-14,257.077882,56.225990,125.349938,164.913355,1.019346,1123.158063,3.482540,0.250000,
2013-05-15,256.366174,56.416811,123.917727,161.083557,1.023340,1124.892821,3.501658,0.250000,
2013-05-16,257.408238,56.664204,125.543615,164.650409,1.020506,1125.219579,3.498522,0.250000,
2013-05-17,255.094956,56.367565,124.586833,163.049152,1.021408,1122.669077,3.512687,0.250000,
2013-05-20,253.102746,55.934199,123.766808,161.944182,1.021540,1118.211633,3.517861,0.250000,
2013-05-21,253.505777,55.868630,121.414808,155.997398,1.031984,1115.544481,3.509510,0.250000,
2013-05-22,255.904399,56.497728,123.555542,160.031200,1.023224,1121.434236,3.510124,0.250000,
2013-05-23,257.429477,56.964358,122.940681,157.524691,1.021493,1126.658887,3.512535,0.250000,
2013-05-24,256.840172,56.894373,122.815393,157.394534,1.020860,1119.943663,3.517247,0.250000,
2013-05-27,260.173435,57.686405,125.099236,161.384215,1.011464,1124.738092,3.516098,0.250000,
2013-05-28,257.955212,57.226868,125.016436,162.216485,1.010161,1122.556981,3.521368,0.250000,
2013-05-29,256.333328,56.757939,124.918083,162.927567,1.010213,1120.666861,3.515615,0.250000,
2013-05-30,257.169517,56.792681,126.307519,166.254444,1.007058,1124.625079,3.505041,0.250000,
2013-05-31,257.882055,56.867079,127.276592,168.484643,1.004075,1122.532676,3.497431,0.250000,
2013-06-03,259.731960,57.158157,126.961703,166.870639,1.005957,1123.453116,3.490034,0.250000,
2013-06-04,265.635517,58.372126,129.645441,170.831817,0.999983,1129.739606,3.472955,0.250000,
2013-06-05,270.086289,59.186880,132.503295,176.130175,0.995067,1130.251550,3.455257,0.250000,
2013-06-06,266.025324,58.286495,131.852938,176.568918,0.996625,1120.959692,3.463513,0.250000,
2013-06-07,263.981402,57.810553,134.042483,183.486926,0.989960,1107.867320,3.466078,0.250000,
2013-06-10,263.899654,57.799361,134.264004,184.090821,0.988934,1110.319836,3.465633,0.250000,
2013-06-11,262.495892,57.506805,133.285424,182.210979,0.989568,1112.147946,3.469889,0.250000,
2013-06-12,263.530768,57.601625,134.146507,184.128644,0.990559,1112.999080,3.462026,0.250000,
2013-06-13,264.356837,57.832705,135.357815,186.810933,0.988623,1109.557285,3.463023,0.250000,
2013-06-14,268.311881,58.441886,137.677256,191.233043,0.981650,1117.804377,3.444692,0.250000,
2013-06-17,265.190267,57.656152,138.021690,194.134113,0.978092,1107.177612,3.445217,0.250000,
2013-06-18,265.193060,57.619875,138.977171,196.803712,0.977196,1111.583413,3.442943,0.250000,
2013-06-19,260.160087,56.366748,136.576892,193.421548,0.983167,1105.138392,3.445561,0.250000,
2013-06-20,254.884922,55.059708,132.656694,186.017592,0.991306,1100.051868,3.447820,0.250000,
2013-06-21,254.107109,54.602198,132.823572,187.416742,0.991592,1090.868349,3.433044,0.250000,
2013-06-24,254.172698,54.586676,131.670217,184.244899,0.995746,1091.426111,3.433866,0.250000,
2013-06-25,253.698864,54.330860,131.835710,185.219497,0.995218,1090.369050,3.426943,0.250000,
2013-06-26,250.655020,53.390400,130.299586,183.273203,0.996177,1087.261441,3.416311,0.250000,
2013-06-27,253.933758,54.206764,131.446536,184.276316,0.995674,1093.610928,3.416533,0.250000,
2013-06-28,252.647783,53.952075,130.546605,182.505483,0.993256,1092.552739,3.421938,0.250000,
2013-07-01,250.180737,53.412995,128.732791,178.988954,0.994569,1096.641152,3.425283,0.250000,228.935929
2013-07-02,248.525402,53.058175,128.387319,178.981272,0.996106,1092.567087,3.425667,0.250000,
2013-07-03,253.725832,54.032386,130.138527,180.967429,0.995094,1097.593369,3.409006,0.250000,
2013-07-04,256.366094,54.561621,131.096320,182.095266,0.995982,1097.021919,3.399776,0.250000,
2013-07-05,251.905674,53.655103,129.566371,180.391953,0.996523,1101.063248,3.409232,0.250000,
2013-07-08,251.699824,53.687505,130.652884,183.318508,0.995173,1095.862395,3.415003,0.250000,
2013-07-09,251.727286,53.814939,131.824368,186.283150,0.992978,1098.611703,3.421962,0.250000,
2013-07-10,250.789996,53.716268,132.931091,189.704251,0.994023,1097.033616,3.428537,0.250000,
2013-07-11,254.067061,54.442820,133.696647,189.791842,0.993139,1105.112320,3.423560,0.250000,
2013-07-12,253.580277,54.320874,134.195700,191.478351,0.991285,1101.825593,3.424553,0.250000,
2013-07-15,249.595001,53.417239,133.163013,191.087354,0.992342,1094.095332,3.429672,0.250000,
2013-07-16,249.575378,53.465487,134.426223,194.530118,0.989531,1098.095504,3.432163,0.250000,
2013-07-17,253.035843,54.271108,136.570447,198.286849,0.984380,1107.243677,3.429021,0.250000,
2013-07-18,253.551963,54.574159,135.481087,194.516696,0.988503,1113.512903,3.438040,0.250000,
2013-07-19,257.514613,55.433317,135.500395,192.136746,0.984190,1119.163419,3.430394,0.250000,
2013-07-22,264.470474,57.168173,139.136117,197.607608,0.975637,1122.067154,3.428251,0.250000,
2013-07-23,266.674750,57.719477,141.804791,203.552137,0.969556,1125.236087,3.429841,0.250000,
2013-07-24,265.004177,57.373164,141.752958,204.378821,0.973066,1121.351783,3.432351,0.250000,
2013-07-25,265.921227,57.277107,139.698229,198.588648,0.976682,1116.955672,3.417478,0.250000,
2013-07-26,267.615374,57.730987,140.779317,200.392763,0.973376,1121.167901,3.417683,0.250000,
2013-07-29,269.747502,58.003380,141.117738,200.367192,0.974792,1123.580394,3.405655,0.250000,
2013-07-30,273.470588,58.962235,142.790194,202.485288,0.973251,1131.339911,3.407269,0.250000,
2013-07-31,273.165609,58.608743,141.555405,199.738256,0.969916,1129.897862,3.393204,0.250000,
2013-08-01,276.558246,59.430115,142.799852,200.994553,0.970999,1134.820295,3.389833,0.250000,229.626849
2013-08-02,279.248823,60.055449,144.626878,204.345076,0.965995,1134.283870,3.389498,0.250000,
2013-08-05,280.671288,60.403440,145.701852,206.378503,0.964388,1133.399573,3.390095,0.250000,
2013-08-06,277.695387,59.929328,145.608339,207.562678,0.960717,1131.571783,3.404630,0.250000,
2013-08-07,281.374343,60.713658,146.322228,207.349216,0.959773,1132.827430,3.397132,0.250000,
2013-08-08,284.939345,61.744689,147.581808,208.251610,0.959342,1142.200502,3.405783,0.250000,
2013-08-09,282.004231,60.959577,146.371941,206.872138,0.961586,1139.547948,3.404925,0.250000,
2013-08-12,281.991200,61.241574,149.281386,214.437928,0.954571,1141.626424,3.417773,0.250000,
2013-08-13,284.556605,61.832055,150.741494,216.884593,0.952191,1142.971082,3.416493,0.250000,
2013-08-14,284.940664,61.626678,150.797897,217.303908,0.954081,1145.167807,3.403280,0.250000,
2013-08-15,288.793887,62.783997,152.848121,220.107411,0.952767,1154.991597,3.411357,0.250000,
2013-08-16,290.617767,63.323529,156.021416,227.667568,0.947754,1160.983290,3.417094,0.250000,
2013-08-19,290.292630,63.111083,156.098106,228.324845,0.949362,1159.961836,3.410495,0.250000,
2013-08-20,286.181085,62.298015,154.012509,224.784965,0.952521,1156.970693,3.421505,0.250000,
2013-08-21,289.331968,62.738180,154.015194,223.252709,0.955346,1165.730507,3.403884,0.250000,
2013-08-22,291.062090,63.147062,153.562483,220.829706,0.957938,1173.091303,3.401536,0.250000,
2013-08-23,291.184053,63.187991,155.824289,227.089543,0.957393,1173.249924,3.400811,0.250000,
2013-08-26,289.707092,62.692455,153.799594,222.561423,0.959520,1175.138245,3.395625,0.250000,
2013-08-27,287.354680,62.289364,154.396207,225.491029,0.953713,1169.542400,3.407375,0.250000,
2013-08-28,288.583294,62.824424,155.662196,227.800936,0.950295,1174.772504,3.416981,0.250000,
2013-08-29,292.110262,63.466763,154.995884,223.916951,0.952945,1181.007791,3.404996,0.250000,
2013-08-30,290.641826,63.075176,154.883876,224.609532,0.952779,1187.477948,3.403310,0.250000,
2013-09-02,286.386323,62.064647,153.401865,223.184750,0.952586,1186.212921,3.406486,0.250000,
2013-09-03,283.722273,61.639848,152.344381,221.535058,0.953132,1182.841967,3.419252,0.250000,
2013-09-04,287.165031,62.269606,153.542150,222.975873,0.948697,1181.766062,3.409098,0.250000,
2013-09-05,289.646258,62.762756,155.739202,227.726760,0.946472,1187.095560,3.400578,0.250000,
2013-09-06,290.213363,62.938697,157.362892,231.889552,0.944509,1188.786968,3.403951,0.250000,
2013-09-09,290.886287,62.833693,156.371001,229.062783,0.946176,1186.010397,3.391296,0.250000,
2013-09-10,287.804132,62.140394,153.860460,223.864451,0.950202,1181.106534,3.392971,0.250000,
2013-09-11,290.896976,63.067852,156.418602,228.701580,0.946827,1187.188702,3.397058,0.250000,
2013-09-12,294.169549,63.905994,158.736264,232.992610,0.939305,1190.975275,3.397151,0.250000,
2013-09-13,291.961384,63.085870,154.091475,221.790136,0.948139,1192.184791,3.382423,0.250000,
2013-09-16,297.779849,64.343782,156.756024,225.713643,0.944555,1193.067684,3.374080,0.250000,
2013-09-17,294.285704,63.931508,155.974996,224.994335,0.942582,1197.213416,3.395916,0.250000,
2013-09-18,297.506102,64.470594,158.775355,231.190942,0.937662,1200.436287,3.381588,0.250000,
2013-09-19,301.660722,65.477490,163.495953,241.858683,0.928064,1205.190480,3.379093,0.250000,
2013-09-20,299.028654,64.611295,162.876808,242.300649,0.928790,1205.371597,3.370227,0.250000,
2013-09-23,296.284395,64.216609,164.574927,248.657977,0.928912,1203.987486,3.382256,0.250000,
2013-09-24,293.836689,63.531824,161.642960,241.957752,0.930135,1202.136501,3.380632,0.250000,
2013-09-25,299.144692,64.752140,164.485878,246.597516,0.929380,1216.930332,3.375448,0.250000,
2013-09-26,299.205311,64.776343,166.888983,253.581152,0.924173,1222.012047,3.373635,0.250000,
2013-09-27,302.638671,65.706959,168.657454,256.090561,0.921387,1226.855579,3.376813,0.250000,
2013-09-30,300.405190,65.281167,170.240460,262.196864,0.917947,1229.257370,3.381078,0.250000,
2013-10-01,299.073921,64.815848,170.421872,264.012810,0.919788,1224.904234,3.374516,0.250000,230.252422
2013-10-02,298.271384,64.855261,170.591022,264.611895,0.919557,1220.169352,3.387134,0.250000,
2013-10-03,294.509990,63.486945,167.774863,259.888559,0.924435,1218.371861,3.371243,0.250000,
2013-10-04,293.480203,62.874840,164.379855,251.193444,0.929433,1211.889263,3.355763,0.250000,
2013-10-07,296.980424,63.769397,164.806370,249.760405,0.928000,1216.639044,3.355757,0.250000,
2013-10-08,301.079326,64.720396,165.581971,249.138561,0.927161,1218.573443,3.353036,0.250000,
2013-10-09,304.414958,65.460108,168.211066,254.583774,0.924417,1223.278659,3.347732,0.250000,
2013-10-10,304.470465,65.652517,168.958795,256.364039,0.921005,1229.466353,3.354831,0.250000,
2013-10-11,304.205933,65.904579,170.447800,260.309739,0.920980,1232.750691,3.369734,0.250000,
2013-10-14,305.747514,66.070588,169.335168,256.269889,0.924443,1231.574334,3.361683,0.250000,
2013-10-15,304.618152,65.923589,167.811132,252.312684,0.928948,1228.074660,3.368598,0.250000,
2013-10-16,302.344189,65.553046,166.196461,248.817410,0.932717,1224.211304,3.378300,0.250000,
2013-10-17,295.433426,63.991427,162.430190,242.469412,0.938142,1219.943446,3.387100,0.250000,
2013-10-18,293.276146,63.189406,162.381529,244.385621,0.935010,1215.894468,3.374002,0.250000,
2013-10-21,293.332897,62.986464,163.367813,247.655315,0.933676,1215.835739,3.364944,0.250000,
2013-10-22,295.923927,63.362001,163.284502,246.004147,0.937293,1209.595318,3.353106,0.250000,
2013-10-23,297.575485,63.702364,165.128866,250.333727,0.930723,1215.442775,3.348951,0.250000,
2013-10-24,301.759589,64.533712,165.778969,249.555036,0.931559,1222.288016,3.339521,0.250000,
2013-10-25,301.486621,64.509564,166.409830,251.493584,0.931108,1221.803593,3.341521,0.250000,
2013-10-28,304.761448,65.507032,167.565294,252.097604,0.928121,1222.567119,3.350836,0.250000,
2013-10-29,307.512710,66.182707,170.643216,259.138434,0.925630,1216.922150,3.346793,0.250000,
2013-10-30,308.019736,65.965653,173.506699,267.984137,0.924692,1212.602325,3.333168,0.250000,
2013-10-31,311.434053,66.804103,175.510468,271.391610,0.925326,1223.313893,3.330175,0.250000,
2013-11-01,312.811105,67.344988,178.522341,279.005312,0.922279,1226.454256,3.338100,0.250000,230.507097
2013-11-04,307.913411,66.226682,175.932450,274.709238,0.920806,1223.078200,3.344477,0.250000,
2013-11-05,310.219653,66.701746,179.082566,282.706384,0.915532,1229.890560,3.340487,0.250000,
2013-11-06,310.106972,66.543583,178.145486,280.163260,0.919992,1227.459049,3.335910,0.250000,
2013-11-07,307.180131,65.922305,176.106543,275.977928,0.923976,1225.198362,3.336929,0.250000,
2013-11-08,304.988189,65.227719,174.881642,274.258602,0.926368,1224.427888,3.331091,0.250000,
2013-11-11,301.042964,64.358439,172.992728,271.341338,0.928615,1220.429202,3.336132,0.250000,
2013-11-12,304.019718,64.520837,174.842277,275.860840,0.928356,1228.434668,3.307657,0.250000,
2013-11-13,307.511381,64.926301,176.280175,278.458416,0.926956,1237.049733,3.285957,0.250000,
2013-11-14,303.338722,64.029347,173.462782,272.807253,0.927475,1227.260547,3.292559,0.250000,
2013-11-15,304.388807,64.063840,172.225630,268.650364,0.929780,1227.297682,3.282671,0.250000,
2013-11-18,303.225512,63.861946,171.951939,268.513379,0.928194,1227.110944,3.283927,0.250000,
2013-11-19,301.611663,63.627146,171.827998,269.020825,0.929425,1223.084714,3.291708,0.250000,
2013-11-20,304.441688,64.383261,172.211875,267.809181,0.928437,1216.314032,3.295098,0.250000,
2013-11-21,309.267553,65.432070,173.557597,268.415061,0.927839,1217.312165,3.290621,0.250000,
2013-11-22,309.032707,65.360985,173.875263,269.550160,0.927597,1220.027174,3.288210,0.250000,
2013-11-25,311.145577,66.421409,175.087534,270.416425,0.927554,1216.148955,3.309482,0.250000,
2013-11-26,313.125153,66.572517,174.300362,267.218284,0.928266,1215.584733,3.295150,0.250000,
2013-11-27,314.274432,66.759540,174.045897,265.762043,0.927931,1221.057581,3.292945,0.250000,
2013-11-28,316.061874,67.069694,175.157293,267.974817,0.927434,1223.878069,3.288142,0.250000,
2013-11-29,313.925274,66.514301,175.560335,270.823719,0.928867,1224.169996,3.286756,0.250000,
2013-12-02,313.656611,66.526322,174.367040,267.250855,0.929717,1219.555595,3.292159,0.250000,
2013-12-03,313.603099,66.103337,175.791842,272.400098,0.929745,1207.382324,3.274549,0.250000,
2013-12-04,314.296125,66.213636,173.660920,265.565802,0.930877,1204.622565,3.270888,0.250000,
2013-12-05,316.039008,66.914140,173.972770,264.607244,0.931007,1208.531916,3.283686,0.250000,
2013-12-06,318.488861,67.546345,174.978336,265.688712,0.928505,1210.472791,3.285282,0.250000,
2013-12-09,316.248721,67.029744,172.918740,261.141732,0.936465,1211.967491,3.285625,0.250000,
2013-12-10,311.940540,66.303317,170.525865,256.536898,0.940189,1208.488883,3.303027,0.250000,
2013-12-11,313.743670,66.503283,173.356010,264.032036,0.939015,1201.589720,3.294303,0.250000,
2013-12-12,309.805846,65.486436,171.087153,260.284113,0.943978,1200.293438,3.293191,0.250000,
2013-12-13,309.212476,65.646185,170.920163,259.573223,0.944718,1194.564757,3.303495,0.250000,
2013-12-16,309.417101,65.984764,171.720621,261.176519,0.942492,1194.588246,3.315807,0.250000,
2013-12-17,305.863744,65.468439,171.020593,260.979601,0.944436,1186.131586,3.331262,0.250000,
2013-12-18,308.544618,65.864304,170.599746,258.247043,0.945151,1190.071951,3.317873,0.250000,
2013-12-19,312.892955,66.865375,172.621833,261.132302,0.942686,1191.368285,3.315001,0.250000,
2013-12-20,313.051175,67.020158,172.089254,259.184481,0.944550,1191.052511,3.319578,0.250000,
2013-12-23,312.959981,66.813820,171.624033,258.217683,0.942561,1188.005464,3.309803,0.250000,
2013-12-24,312.999710,66.563374,172.870497,262.353792,0.938228,1182.824636,3.299683,0.250000,
2013-12-25,310.088454,65.964694,172.896935,264.326420,0.936890,1182.315696,3.306939,0.250000,
2013-12-26,311.907443,66.579756,175.141465,269.288606,0.930936,1191.376513,3.312754,0.250000,
2013-12-27,311.860343,66.636060,174.227260,266.415260,0.930942,1190.299224,3.314890,0.250000,
2013-12-30,307.664214,66.014660,169.840664,255.664329,0.939310,1190.978173,3.332740,0.250000,
2013-12-31,310.428485,66.827283,170.632341,255.690375,0.940442,1197.731729,3.334835,0.250000,
2014-01-01,309.638525,66.507475,170.357966,255.672707,0.941460,1200.462659,3.331323,0.250000,230.980806
2014-01-02,312.115099,67.185541,171.236083,256.290758,0.938976,1199.592047,3.335077,0.250000,
2014-01-03,316.865672,68.518495,175.770896,265.806812,0.928123,1208.723861,3.339784,0.250000,
2014-01-06,312.736823,67.852116,175.825331,268.277974,0.929123,1208.107125,3.359045,0.250000,
2014-01-07,315.021914,68.215562,176.889213,270.113615,0.926578,1212.197777,3.349687,0.250000,
2014-01-08,312.646000,67.933992,175.009187,265.644713,0.928677,1206.729841,3.366625,0.250000,
2014-01-09,313.527385,68.241812,175.597404,266.521049,0.928065,1205.632511,3.373696,0.250000,
2014-01-10,315.726786,69.117812,178.025286,271.392265,0.926402,1212.525212,3.389603,0.250000,
2014-01-13,315.521051,68.837701,178.577031,273.623694,0.926816,1208.288087,3.380385,0.250000,
2014-01-14,316.108213,68.936974,179.658071,276.478635,0.929559,1210.907000,3.378285,0.250000,
2014-01-15,315.318128,68.724416,176.999099,269.136414,0.934885,1213.411869,3.377815,0.250000,
2014-01-16,314.492356,68.759243,178.225102,272.885305,0.934617,1210.506530,3.389036,0.250000,
2014-01-17,316.120966,69.001265,178.679512,273.311736,0.935047,1207.894930,3.379493,0.250000,
2014-01-20,317.636676,69.236856,180.603217,278.178815,0.932803,1209.993516,3.375429,0.250000,
2014-01-21,319.826209,69.776565,183.031568,283.792819,0.930098,1206.886036,3.375202,0.250000,
2014-01-22,322.376922,70.146388,184.045364,285.405132,0.926961,1213.555756,3.361030,0.250000,
2014-01-23,324.406451,70.406981,184.579983,285.929411,0.928942,1210.042509,3.348842,0.250000,
2014-01-24,322.334005,69.849249,182.037633,279.913299,0.936340,1210.010941,3.350597,0.250000,
2014-01-27,325.838215,70.685131,183.380657,281.319450,0.937132,1217.135059,3.345544,0.250000,
2014-01-28,324.523528,70.230807,180.015263,272.515853,0.939986,1213.799511,3.341287,0.250000,
2014-01-29,330.355566,71.365950,181.739681,273.920923,0.938812,1216.831714,3.328163,0.250000,
2014-01-30,330.753082,71.423521,179.908660,268.324951,0.938904,1218.538140,3.324752,0.250000,
2014-01-31,330.180395,71.774083,182.074992,274.076268,0.934114,1225.895806,3.341381,0.250000,
2014-02-03,330.550697,72.174229,181.195170,270.602533,0.934551,1228.374794,3.355262,0.250000,
2014-02-04,331.407337,72.530425,180.564396,267.856389,0.935259,1225.129216,3.362316,0.250000,
2014-02-05,333.756437,72.985952,181.965848,270.473621,0.932270,1225.057018,3.356069,0.250000,
2014-02-06,333.824340,73.333806,183.584289,274.465258,0.933581,1225.817657,3.369112,0.250000,
2014-02-07,335.627003,74.152576,183.359594,271.798693,0.932312,1229.333363,3.384187,0.250000,
2014-02-10,339.817700,74.990402,184.318833,271.997998,0.933279,1229.319422,3.375426,0.250000,
2014-02-11,336.979014,74.230812,185.990189,278.917713,0.931356,1217.168123,3.374165,0.250000,
2014-02-12,340.098710,74.806247,186.311700,277.982487,0.930877,1224.619720,3.367748,0.250000,
2014-02-13,340.914828,75.221494,185.272627,273.962038,0.934227,1230.149026,3.376092,0.250000,
2014-02-14,341.474246,75.275415,188.216843,282.249625,0.923694,1232.694107,3.376619,0.250000,
2014-02-17,345.461312,76.298242,191.960664,290.278380,0.919673,1240.113043,3.376193,0.250000,
2014-02-18,348.642339,77.082243,193.243855,291.733095,0.916312,1235.366127,3.375910,0.250000,
2014-02-19,343.827972,75.978647,190.481526,286.864997,0.918389,1228.005031,3.381172,0.250000,
2014-02-20,343.857228,75.979725,190.449409,286.725945,0.918850,1224.516452,3.380367,0.250000,
2014-02-21,346.628940,76.429137,192.772980,291.995208,0.916715,1226.395645,3.370439,0.250000,
2014-02-24,344.658011,75.917149,191.248208,288.935768,0.917466,1228.463329,3.370250,0.250000,
2014-02-25,340.549439,75.157033,187.375222,279.992318,0.921689,1225.620183,3.381601,0.250000,
2014-02-26,345.302268,76.447223,190.706583,286.091031,0.919105,1232.676586,3.385258,0.250000,
2014-02-27,344.455378,76.315533,192.056219,290.479904,0.915311,1240.515716,3.388437,0.250000,
2014-02-28,348.891921,77.298301,193.233238,290.933405,0.911257,1236.779066,3.379866,0.250000,
2014-03-03,355.711350,78.673208,196.436667,296.027972,0.905230,1240.810542,3.363554,0.250000,
2014-03-04,353.700364,78.108619,196.302723,297.175496,0.906643,1242.606620,3.361822,0.250000,
2014-03-05,356.269020,78.928136,196.460818,295.401068,0.907036,1255.048994,3.365996,0.250000,
2014-03-06,356.755607,78.847145,198.848420,302.450667,0.904760,1252.099587,3.355379,0.250000,
2014-03-07,358.888485,79.432672,200.250307,304.902959,0.903839,1251.051679,3.353951,0.250000,
2014-03-10,358.133149,79.307306,200.704119,306.648018,0.903880,1249.589373,3.355681,0.250000,
2014-03-11,354.470854,78.414587,199.243847,304.931403,0.904365,1245.046477,3.358182,0.250000,
2014-03-12,355.068880,78.826074,201.629009,311.067109,0.899280,1242.659533,3.368409,0.250000,
2014-03-13,352.756351,78.062206,202.816427,316.782971,0.892676,1244.622053,3.361755,0.250000,
2014-03-14,358.564985,79.157505,206.389284,323.867309,0.888393,1252.277394,3.346138,0.250000,
2014-03-17,367.032132,81.185733,210.794212,330.873287,0.882757,1259.399423,3.339644,0.250000,
2014-03-18,363.262079,80.900921,210.766321,332.324058,0.883864,1261.760302,3.362492,0.250000,
2014-03-19,361.947124,80.554630,210.235185,331.724683,0.887549,1255.590659,3.362987,0.250000,
2014-03-20,361.893574,80.200073,209.694533,330.784722,0.884773,1256.423409,3.350046,0.250000,
2014-03-21,367.439341,81.525932,211.898498,333.274450,0.884753,1258.718142,3.346539,0.250000,
2014-03-24,364.424906,80.793769,211.796441,335.256375,0.885122,1253.381405,3.348067,0.250000,
2014-03-25,364.027357,80.470557,214.152714,343.343901,0.885063,1244.800405,3.339666,0.250000,
2014-03-26,368.435005,81.366231,217.255750,349.864772,0.882303,1252.829819,3.332068,0.250000,
2014-03-27,365.491188,80.268274,215.070515,346.186094,0.883500,1249.844570,3.323902,0.250000,
2014-03-28,362.143160,79.164439,211.912201,339.589389,0.889023,1248.060935,3.316443,0.250000,
2014-03-31,362.551779,79.639533,212.368985,339.819595,0.891128,1246.023216,3.331795,0.250000,
2014-04-01,366.183082,80.640201,214.653739,343.745326,0.887123,1253.876040,3.334008,0.250000,231.799967
2014-04-02,367.797174,81.002046,215.567694,345.332546,0.885463,1257.378654,3.332893,0.250000,
2014-04-03,370.801200,81.808325,216.461759,345.516838,0.883744,1254.863968,3.331509,0.250000,
2014-04-04,366.046193,80.499084,216.455502,349.619650,0.881837,1245.335733,3.331491,0.250000,
2014-04-07,360.995632,79.273032,215.614698,351.071791,0.882306,1240.555645,3.334682,0.250000,
2014-04-08,361.033389,79.424551,215.399421,349.990294,0.882686,1236.106554,3.341001,0.250000,
2014-04-09,362.876465,79.625123,214.545157,346.289567,0.884417,1238.467452,3.331722,0.250000,
2014-04-10,367.462159,80.559247,217.674743,352.771856,0.884352,1251.080788,3.320089,0.250000,
2014-04-11,366.235509,80.522962,218.694303,356.381697,0.887065,1249.404773,3.333290,0.250000,
2014-04-14,368.371085,80.978093,220.813963,361.455497,0.885593,1249.521762,3.330433,0.250000,
2014-04-15,369.124469,81.063255,222.043902,364.938387,0.882609,1246.236527,3.326616,0.250000,
2014-04-16,373.566023,82.486625,225.260260,370.663914,0.880305,1249.396401,3.337162,0.250000,
2014-04-17,374.265857,82.243602,225.872037,372.950733,0.877199,1248.873590,3.321708,0.250000,
2014-04-18,373.553606,82.020174,227.713680,379.597012,0.876879,1246.500715,3.319181,0.250000,
2014-04-21,376.764059,82.844350,229.059027,381.035558,0.877744,1250.841794,3.318573,0.250000,
2014-04-22,372.485915,82.171416,230.236100,387.698215,0.875571,1249.674853,3.336663,0.250000,
2014-04-23,375.019246,82.958878,232.930642,393.847760,0.874443,1240.427042,3.342391,0.250000,
2014-04-24,378.766553,83.715207,236.907513,403.979481,0.871211,1246.662193,3.334268,0.250000,
2014-04-25,380.498651,83.675492,237.824030,406.553019,0.867488,1249.833516,3.318719,0.250000,
2014-04-28,383.033088,84.075864,238.533635,407.097029,0.868564,1249.087242,3.310539,0.250000,
2014-04-29,381.202012,83.833082,237.088069,403.397733,0.870766,1247.639507,3.317624,0.250000,
2014-04-30,379.649958,83.528697,233.462592,392.590590,0.874246,1242.886736,3.322148,0.250000,
2014-05-01,381.757431,84.049121,236.177397,399.584678,0.870194,1244.455183,3.320204,0.250000,232.745539
2014-05-02,385.721232,84.965403,236.862720,398.388371,0.868877,1245.381452,3.318445,0.250000,
2014-05-05,387.710516,85.563146,239.246013,404.140546,0.866328,1246.177395,3.320929,0.250000,
2014-05-06,390.593944,86.489165,240.816000,406.160212,0.865281,1254.124022,3.328022,0.250000,
2014-05-07,391.574270,86.939591,239.093112,399.105517,0.868314,1254.773345,3.331483,0.250000,
2014-05-08,392.261222,87.242669,242.408576,408.986589,0.866511,1251.277125,3.337876,0.250000,
2014-05-09,394.946930,87.553722,242.930812,409.107200,0.866185,1257.944372,3.323447,0.250000,
2014-05-12,391.089500,87.000226,238.568523,397.248782,0.871700,1249.684943,3.337301,0.250000,
2014-05-13,388.369846,86.242925,238.479112,399.493458,0.867635,1248.733002,3.335557,0.250000,
2014-05-14,392.928256,87.674877,243.436184,410.925723,0.868047,1247.966956,3.344869,0.250000,
2014-05-15,392.761037,87.511809,241.742752,405.753771,0.869222,1244.399078,3.341933,0.250000,
2014-05-16,391.860116,87.215035,239.436471,399.143537,0.872456,1240.655908,3.339986,0.250000,
2014-05-19,391.212466,86.863058,238.461978,396.942623,0.875080,1242.222490,3.334110,0.250000,
2014-05-20,391.028190,86.638358,239.736757,401.632468,0.874472,1240.881768,3.328771,0.250000,
2014-05-21,387.844779,85.781959,237.015030,395.669409,0.876496,1235.786335,3.328969,0.250000,
2014-05-22,388.370185,86.036146,234.503193,386.741810,0.878303,1242.687323,3.332917,0.250000,
2014-05-23,383.987123,84.656488,229.154168,373.966920,0.883211,1232.808707,3.325244,0.250000,
2014-05-26,382.903919,84.515872,227.066541,367.913515,0.888281,1238.986864,3.331272,0.250000,
2014-05-27,384.853767,85.078154,225.931630,362.521994,0.889961,1239.586281,3.334425,0.250000,
2014-05-28,387.367793,85.765786,227.070798,363.861741,0.888768,1240.603223,3.335255,0.250000,
2014-05-29,385.651484,85.326809,225.417412,360.069879,0.889500,1236.894418,3.335485,0.250000,
2014-05-30,380.931866,84.332074,222.241181,353.553235,0.892097,1233.775259,3.343715,0.250000,
2014-06-02,379.413785,83.961702,220.244374,348.522858,0.891389,1235.510693,3.344969,0.250000,
2014-06-03,377.172695,83.258995,217.425087,341.878893,0.893230,1228.025560,3.342126,0.250000,
2014-06-04,373.037788,82.192523,214.645278,336.636895,0.894216,1221.042210,3.343655,0.250000,
2014-06-05,371.551678,81.757578,214.614391,337.805145,0.896431,1217.067004,3.342929,0.250000,
2014-06-06,377.247455,82.843439,215.580122,336.962926,0.897475,1219.545081,3.329328,0.250000,
2014-06-09,372.677375,81.573169,213.084137,333.137490,0.899292,1208.844375,3.328255,0.250000,
2014-06-10,373.260006,81.476991,211.926929,329.628413,0.902220,1216.403434,3.320334,0.250000,
2014-06-11,368.509700,80.205991,208.841335,324.073225,0.906889,1209.931436,3.318276,0.250000,
2014-06-12,369.492206,80.135759,208.036298,321.500468,0.908663,1208.697273,3.307881,0.250000,
2014-06-13,367.952737,79.874253,206.036462,316.366436,0.911912,1212.179535,3.312319,0.250000,
2014-06-16,374.749197,81.807585,211.379508,326.752250,0.908991,1214.957616,3.320851,0.250000,
2014-06-17,376.124850,81.703511,212.521748,330.035852,0.906654,1219.831768,3.304943,0.250000,
2014-06-18,380.230555,82.732430,213.353674,329.363476,0.908952,1218.531313,3.305755,0.250000,
2014-06-19,382.806572,83.129619,212.601039,325.626140,0.913562,1225.405918,3.295988,0.250000,
2014-06-20,380.635012,82.843243,208.644505,314.936603,0.920181,1230.349275,3.303957,0.250000,
2014-06-23,378.703232,82.344044,208.996564,317.379766,0.920924,1224.116822,3.304415,0.250000,
2014-06-24,383.262991,84.151143,214.098340,327.814930,0.915764,1225.500824,3.327095,0.250000,
2014-06-25,381.678661,83.193127,214.149972,330.255876,0.913986,1221.801198,3.307729,0.250000,
2014-06-26,383.670719,83.318423,215.300795,332.932497,0.912926,1218.991926,3.298013,0.250000,
2014-06-27,385.269415,83.340439,216.537989,336.188448,0.911951,1221.454754,3.285910,0.250000,
2014-06-30,372.491451,80.849839,211.660136,329.749099,0.915496,1211.725325,3.312807,0.250000,
2014-07-01,370.236870,80.548398,210.542164,327.513781,0.917115,1213.024578,3.319808,0.250000,234.172788
2014-07-02,368.171250,80.421106,211.473439,331.103011,0.914879,1211.036550,3.333805,0.250000,
2014-07-03,366.470680,79.894943,211.027453,331.253755,0.913539,1211.443005,3.331038,0.250000,
2014-07-04,367.294877,80.075404,211.716269,332.725186,0.909291,1212.968156,3.329595,0.250000,
2014-07-07,366.061555,80.212493,210.629168,329.385635,0.908882,1208.088177,3.345917,0.250000,
2014-07-08,360.333526,78.830451,211.467789,336.400769,0.906505,1199.225446,3.347840,0.250000,
2014-07-09,365.166251,79.789487,213.758507,340.078366,0.903514,1207.037467,3.338952,0.250000,
2014-07-10,370.663416,81.038550,215.331273,340.732511,0.900897,1216.189764,3.335251,0.250000,
2014-07-11,370.679759,81.260242,216.513224,343.860772,0.898845,1218.003654,3.341692,0.250000,
2014-07-14,370.574461,81.358483,215.616937,340.862198,0.897803,1214.064492,3.345872,0.250000,
2014-07-15,374.580955,82.113093,216.263976,340.147677,0.898562,1219.054727,3.336740,0.250000,
2014-07-16,374.426911,82.259154,216.945422,341.927173,0.898229,1220.471313,3.342992,0.250000,
2014-07-17,367.224079,80.415177,216.232182,345.591786,0.899524,1210.739181,3.344813,0.250000,
2014-07-18,369.377238,80.631813,215.344109,341.739846,0.898041,1211.835769,3.334593,0.250000,
2014-07-21,370.291735,80.823118,217.402014,347.428284,0.894170,1213.787986,3.333421,0.250000,
2014-07-22,370.397431,80.733047,219.352567,353.666526,0.889339,1212.433925,3.329671,0.250000,
2014-07-23,370.863344,80.971041,221.860065,360.876476,0.885161,1215.409966,3.334421,0.250000,
2014-07-24,370.573262,81.191984,220.852813,357.221081,0.883957,1218.851257,3.345457,0.250000,
2014-07-25,366.348289,80.348814,218.657634,353.323686,0.890463,1218.482923,3.354802,0.250000,
2014-07-28,366.045205,80.248247,217.604092,350.274400,0.890207,1205.924498,3.353943,0.250000,
2014-07-29,366.510247,80.325877,215.275194,342.659482,0.892211,1204.596903,3.352383,0.250000,
2014-07-30,365.795652,80.085181,215.955184,345.456812,0.893164,1204.048724,3.349744,0.250000,
2014-07-31,360.127136,78.868114,215.886092,349.483861,0.893517,1203.003233,3.361107,0.250000,
2014-08-01,359.596612,79.077212,216.634423,351.477085,0.893443,1207.716184,3.374431,0.250000,234.440396
2014-08-04,355.872009,77.848615,211.759719,339.896330,0.901193,1207.835237,3.368065,0.250000,
2014-08-05,355.858765,77.819199,209.493878,332.862932,0.904391,1205.501728,3.369518,0.250000,
2014-08-06,353.935259,77.412782,208.191643,330.194338,0.905010,1196.366482,3.374298,0.250000,
2014-08-07,355.610910,77.923772,210.857446,336.854086,0.899906,1197.094912,3.378121,0.250000,
2014-08-08,359.824401,79.115657,212.073921,336.829779,0.899777,1201.858370,3.382363,0.250000,
2014-08-11,361.721492,79.502391,212.287209,336.098585,0.898362,1207.995228,3.379153,0.250000,
2014-08-12,359.706831,79.276885,208.602424,325.763372,0.903476,1205.152722,3.389994,0.250000,
2014-08-13,358.758113,79.283568,208.299614,325.032056,0.901289,1200.329487,3.398902,0.250000,
2014-08-14,350.837991,76.848464,205.504952,323.715864,0.905422,1190.528949,3.382872,0.250000,
2014-08-15,355.465895,77.955084,208.401144,328.964912,0.905802,1188.489973,3.381294,0.250000,
2014-08-18,356.161673,78.346204,207.038468,323.724825,0.908575,1193.483922,3.390186,0.250000,
2014-08-19,354.171719,77.702089,209.382454,332.813710,0.904443,1186.652481,3.387657,0.250000,
2014-08-20,353.404947,77.889956,210.484648,335.989630,0.903817,1188.096770,3.402509,0.250000,
2014-08-21,351.535081,77.168872,210.058375,336.736161,0.903418,1185.706757,3.391021,0.250000,
2014-08-22,355.047758,77.688303,212.229466,341.363535,0.899232,1186.343145,3.375963,0.250000,
2014-08-25,354.314053,77.900277,212.581686,342.149939,0.898563,1192.713634,3.394272,0.250000,
2014-08-26,351.718410,77.461685,210.766376,338.118295,0.899230,1183.658794,3.403464,0.250000,
2014-08-27,353.489822,78.106124,210.808267,336.286315,0.899316,1185.985189,3.411383,0.250000,
2014-08-28,354.091656,77.988616,210.611221,335.728337,0.899350,1187.950347,3.402580,0.250000,
2014-08-29,354.593780,78.504483,213.857186,344.545277,0.894298,1186.306049,3.415541,0.250000,
2014-09-01,359.208511,79.313686,218.901780,357.317500,0.886564,1193.908334,3.401704,0.250000,234.824446
2014-09-02,357.004808,79.026627,214.760041,345.451333,0.896435,1190.161728,3.412816,0.250000,
2014-09-03,360.953552,79.747764,214.544470,342.048702,0.898907,1194.971161,3.401551,0.250000,
2014-09-04,357.235337,78.563438,213.437233,342.196984,0.900510,1191.144160,3.393976,0.250000,
2014-09-05,354.018344,78.130897,211.030387,336.486585,0.904239,1191.886609,3.409438,0.250000,
2014-09-08,350.797660,77.725612,210.744837,337.335535,0.906575,1191.007007,3.426735,0.250000,
2014-09-09,347.765176,77.366972,208.410099,331.648585,0.913131,1194.762500,3.442945,0.250000,
2014-09-10,350.248026,78.122244,211.335986,338.365096,0.908392,1198.688792,3.447371,0.250000,
2014-09-11,348.173030,77.632185,208.637455,331.576989,0.910552,1197.356495,3.447627,0.250000,
2014-09-12,348.750029,77.679502,205.887411,322.808526,0.913362,1192.434056,3.441117,0.250000,
2014-09-15,349.062575,77.974906,207.050181,325.615026,0.912195,1191.821779,3.449247,0.250000,
2014-09-16,344.277857,76.621711,206.246485,327.323901,0.913340,1183.701533,3.442407,0.250000,
2014-09-17,337.391753,75.325828,203.944673,324.885418,0.917696,1176.833209,3.461376,0.250000,
2014-09-18,342.861870,76.533647,203.251527,318.597616,0.921340,1184.461647,3.453484,0.250000,
2014-09-19,350.196393,78.525808,207.501073,325.354723,0.916887,1198.040559,3.455812,0.250000,
2014-09-22,346.632655,77.760122,204.889669,319.910695,0.916336,1194.170575,3.462769,0.250000,
2014-09-23,349.931301,78.300554,206.802874,323.689547,0.917270,1190.980460,3.448086,0.250000,
2014-09-24,352.858974,78.612010,206.327027,320.776157,0.917456,1191.108819,3.429353,0.250000,
2014-09-25,356.308357,79.660396,207.556501,321.378257,0.916189,1190.404510,3.433335,0.250000,
2014-09-26,357.082259,79.671449,206.886503,319.096810,0.917091,1191.482201,3.424420,0.250000,
2014-09-29,354.445752,78.824576,202.802062,309.227339,0.921357,1186.509967,3.417423,0.250000,
2014-09-30,354.982581,79.123702,202.780146,308.388770,0.919551,1187.088546,3.424790,0.250000,
2014-10-01,354.766638,79.212027,202.112094,306.248924,0.918928,1185.906102,3.430304,0.250000,235.229079
2014-10-02,351.993225,78.276813,199.053574,299.726873,0.918943,1190.417964,3.422041,0.250000,
2014-10-03,345.813557,77.264480,197.261696,297.930003,0.921126,1180.400366,3.444052,0.250000,
2014-10-06,336.139151,74.847696,192.641323,291.470690,0.929030,1162.711770,3.448735,0.250000,
2014-10-07,338.367754,75.378184,192.314584,288.871674,0.926172,1167.725942,3.447790,0.250000,
2014-10-08,342.479557,76.443010,194.747217,292.867230,0.922519,1171.328935,3.446742,0.250000,
2014-10-09,345.451386,77.116582,195.570357,293.196918,0.923132,1164.876503,3.444692,0.250000,
2014-10-10,344.655906,76.801290,195.007237,292.323072,0.926298,1162.112326,3.440819,0.250000,
2014-10-13,341.161960,75.636573,192.953472,289.410859,0.926489,1161.363161,3.431560,0.250000,
2014-10-14,344.169071,76.386208,193.865209,289.843646,0.927703,1162.715997,3.430303,0.250000,
2014-10-15,346.269056,76.890125,195.960692,294.439965,0.920422,1169.247604,3.430066,0.250000,
2014-10-16,340.622093,75.628447,193.779100,291.871520,0.923176,1167.654070,3.439445,0.250000,
2014-10-17,343.823497,76.703226,194.948673,292.364258,0.921806,1174.364693,3.446602,0.250000,
2014-10-20,339.938510,75.814067,196.360154,299.225168,0.921928,1172.236327,3.451051,0.250000,
2014-10-21,341.593855,76.026268,198.736072,305.428078,0.917577,1173.541937,3.442858,0.250000,
2014-10-22,339.124834,75.288937,197.127276,302.722156,0.916689,1164.727683,3.438196,0.250000,
2014-10-23,338.374118,75.146381,197.674608,304.816289,0.919575,1165.753646,3.441984,0.250000,
2014-10-24,340.039524,75.615012,199.866710,309.978738,0.915804,1164.262075,3.445386,0.250000,
2014-10-27,340.715651,75.481001,200.880674,313.123640,0.917140,1169.368074,3.435786,0.250000,
2014-10-28,346.248324,76.362788,203.374267,317.338826,0.918015,1176.344745,3.414673,0.250000,
2014-10-29,346.496567,76.840183,203.257210,315.864215,0.915954,1172.341699,3.428384,0.250000,
2014-10-30,343.066093,76.009514,204.201315,321.392583,0.916368,1175.132394,3.433485,0.250000,
2014-10-31,338.450251,75.079408,200.224002,312.424271,0.922329,1170.160984,3.443672,0.250000,
2014-11-03,341.653356,75.872423,202.020370,315.314513,0.921330,1175.326195,3.442277,0.250000,
2014-11-04,339.876441,75.374634,200.975374,313.626371,0.922003,1167.752211,3.439380,0.250000,
2014-11-05,338.823842,74.939873,199.680576,310.855439,0.924262,1170.716112,3.430731,0.250000,
2014-11-06,334.569668,73.716722,200.613351,317.466133,0.922756,1169.217081,3.423938,0.250000,
2014-11-07,332.379932,73.023978,196.887934,308.093718,0.931431,1170.117304,3.418070,0.250000,
2014-11-10,334.484238,73.793192,199.839309,314.857246,0.925264,1176.185852,3.429049,0.250000,
2014-11-11,331.635571,73.270502,200.751770,319.572370,0.920084,1173.922687,3.436489,0.250000,
2014-11-12,328.136597,72.410773,197.060376,310.985965,0.924372,1173.750812,3.438590,0.250000,
2014-11-13,325.805872,71.792782,197.130458,313.175040,0.922225,1178.294080,3.437358,0.250000,
2014-11-14,324.724513,71.187742,193.782973,304.454707,0.925424,1179.458718,3.422446,0.250000,
2014-11-17,324.934671,70.813222,193.168846,303.303102,0.926862,1183.149812,3.401245,0.250000,
2014-11-18,327.639608,71.503559,194.321457,304.557003,0.924644,1190.194538,3.403374,0.250000,
2014-11-19,324.836886,71.107608,193.007618,302.114868,0.926261,1189.840866,3.417881,0.250000,
2014-11-20,325.062642,71.206683,195.705471,310.087251,0.922185,1187.761596,3.420061,0.250000,
2014-11-21,328.229372,71.794362,197.918854,314.717760,0.920030,1193.364019,3.412988,0.250000,
2014-11-24,329.624195,71.941073,199.594434,319.175140,0.921440,1187.382133,3.404626,0.250000,
2014-11-25,328.610167,71.683616,198.911489,317.873046,0.923258,1182.922537,3.405605,0.250000,
2014-11-26,328.782288,71.529588,198.847757,317.938910,0.924488,1182.458450,3.397528,0.250000,
2014-11-27,327.490072,71.332387,198.650359,318.092474,0.923075,1189.343188,3.403518,0.250000,
2014-11-28,328.702729,71.753092,201.670358,326.221914,0.919676,1186.294669,3.404889,0.250000,
2014-12-01,330.242108,71.984301,202.515016,327.870710,0.922607,1188.007677,3.398251,0.250000,236.610663
2014-12-02,324.602022,70.781635,200.984753,327.432634,0.924804,1182.222043,3.408512,0.250000,
2014-12-03,327.694293,71.369476,205.026718,338.000260,0.919317,1193.047094,3.401926,0.250000,
2014-12-04,324.434421,70.684737,203.493399,335.657054,0.923823,1198.745355,3.406972,0.250000,
2014-12-05,328.643803,71.435862,207.149504,344.327024,0.921400,1199.700506,3.392692,0.250000,
2014-12-08,329.898301,71.842881,206.735540,341.570408,0.922405,1207.705347,3.396392,0.250000,
2014-12-09,331.336524,72.050380,207.017126,341.503956,0.921839,1204.601413,3.389543,0.250000,
2014-12-10,334.536006,72.767938,209.538874,346.893372,0.917995,1205.610164,3.387249,0.250000,
2014-12-11,337.196618,73.166653,211.600250,351.750166,0.915843,1207.653236,3.376922,0.250000,
2014-12-12,337.429390,73.106758,212.239691,353.862535,0.915085,1201.641095,3.371775,0.250000,
2014-12-15,333.453008,72.318545,209.734484,348.827662,0.919270,1197.315435,3.377165,0.250000,
2014-12-16,332.765469,72.111219,206.604355,339.400250,0.920129,1195.912811,3.375910,0.250000,
2014-12-17,334.859202,72.734784,209.196076,345.557864,0.919141,1198.335126,3.380847,0.250000,
2014-12-18,329.888528,71.936607,210.010528,351.625225,0.913232,1197.970388,3.398966,0.250000,
2014-12-19,326.877154,71.305832,208.439344,348.953479,0.913309,1194.462063,3.404020,0.250000,
2014-12-22,326.063447,71.158904,210.546666,356.457553,0.908279,1192.295118,3.406156,0.250000,
2014-12-23,327.275649,71.229946,211.105924,357.699579,0.906907,1192.488796,3.397051,0.250000,
2014-12-24,326.836583,70.977059,210.462182,356.317761,0.909044,1195.679729,3.391710,0.250000,
2014-12-25,331.966227,72.349998,213.218697,360.245518,0.903844,1208.667542,3.393078,0.250000,
2014-12-26,332.286872,72.340592,211.897106,355.782908,0.903124,1209.760779,3.389186,0.250000,
2014-12-29,332.514362,72.601423,212.947294,358.452635,0.900904,1212.809812,3.395834,0.250000,
2014-12-30,332.109517,72.489603,213.298623,359.973238,0.904674,1210.417682,3.397448,0.250000,
2014-12-31,328.523746,71.872246,214.738906,367.431613,0.899862,1210.990284,3.412377,0.250000,
2015-01-01,324.673137,70.662466,211.668293,361.553467,0.903172,1206.421723,3.402153,0.250000,236.890270
2015-01-02,325.750951,70.963966,212.809896,364.178590,0.900078,1205.150546,3.403052,0.250000,
2015-01-05,319.540677,69.311934,208.226247,355.188456,0.903047,1195.376411,3.400124,0.250000,
2015-01-06,320.554118,69.499367,209.137610,357.363004,0.902507,1201.599278,3.397203,0.250000,
2015-01-07,321.817786,69.532665,209.958922,359.568633,0.899994,1199.854577,3.381273,0.250000,
2015-01-08,321.770450,69.321453,209.713228,359.280296,0.899451,1204.979017,3.376295,0.250000,
2015-01-09,325.198303,70.103687,211.366205,361.585769,0.896951,1202.342769,3.374495,0.250000,
2015-01-12,322.004623,69.551366,209.097410,356.454103,0.899505,1198.964907,3.386223,0.250000,
2015-01-13,319.783038,69.025759,208.845825,357.670329,0.898203,1193.482831,3.389421,0.250000,
2015-01-14,315.268475,67.689310,209.156659,363.764724,0.897661,1185.763328,3.383064,0.250000,
2015-01-15,308.720986,66.183548,205.807027,358.686183,0.901812,1179.968258,3.388211,0.250000,
2015-01-16,306.694388,65.723397,200.685285,343.305593,0.906338,1184.117552,3.389266,0.250000,
2015-01-19,297.889658,63.522244,195.202802,333.716749,0.913572,1173.316883,3.388302,0.250000,
2015-01-20,298.544482,63.524266,194.079141,329.725402,0.916402,1175.208397,3.379786,0.250000,
2015-01-21,292.893306,62.197462,190.537409,323.278967,0.919210,1174.681096,3.384549,0.250000,
2015-01-22,293.515125,62.323567,189.177596,318.228130,0.921985,1173.499067,3.384215,0.250000,
2015-01-23,294.682205,62.701350,189.350421,317.406752,0.922078,1181.112702,3.385526,0.250000,
2015-01-26,294.976537,62.861189,187.217199,309.933581,0.925157,1184.404321,3.387857,0.250000,
2015-01-27,293.945804,62.701579,187.165959,310.445190,0.922612,1188.294480,3.394843,0.250000,
2015-01-28,296.422643,62.950633,187.403601,309.798702,0.920608,1192.134815,3.377708,0.250000,
2015-01-29,297.576703,63.414340,189.463400,314.896186,0.916984,1187.774451,3.384613,0.250000,
2015-01-30,301.716163,64.369902,192.364536,320.579720,0.909108,1189.115622,3.383332,0.250000,
2015-02-02,302.940708,64.730209,191.801169,317.429547,0.909776,1190.719216,3.389761,0.250000,
2015-02-03,301.610382,64.349864,188.326808,307.584811,0.913820,1184.832731,3.385399,0.250000,
2015-02-04,303.504027,64.935688,190.604410,312.821800,0.911662,1186.484088,3.390861,0.250000,
2015-02-05,311.662239,66.892384,195.603527,321.558173,0.902783,1198.310735,3.385893,0.250000,
2015-02-06,310.905785,66.405946,194.122619,318.197875,0.903380,1193.692529,3.372746,0.250000,
2015-02-09,308.506250,65.877367,192.582586,315.239217,0.906405,1189.229368,3.376064,0.250000,
2015-02-10,310.021620,66.014914,194.291597,319.888948,0.904452,1190.586644,3.366650,0.250000,
2015-02-11,313.947239,67.392438,196.149224,321.243690,0.901627,1201.350505,3.384278,0.250000,
2015-02-12,312.756412,67.032090,197.573052,327.023339,0.898852,1199.353250,3.378629,0.250000,
2015-02-13,312.616708,66.617891,199.093216,333.011950,0.895041,1203.051813,3.361326,0.250000,
2015-02-16,308.863394,65.740397,196.399168,327.582997,0.899540,1195.979025,3.363006,0.250000,
2015-02-17,312.723751,66.498662,195.299425,320.926922,0.898398,1193.055215,3.353931,0.250000,
2015-02-18,315.506597,66.995166,196.201521,321.733694,0.897431,1194.755844,3.344465,0.250000,
2015-02-19,315.349091,66.869988,194.419746,316.367280,0.895961,1191.533676,3.337445,0.250000,
2015-02-20,314.831516,66.733346,192.026595,309.245039,0.896823,1197.517583,3.338015,0.250000,
2015-02-23,319.661474,68.181623,192.455703,305.812674,0.896994,1206.917314,3.346544,0.250000,
2015-02-24,320.412882,68.489932,191.640755,302.347607,0.899568,1206.471645,3.350990,0.250000,
2015-02-25,323.694635,69.363495,192.274663,301.408620,0.898006,1204.772004,3.354322,0.250000,
2015-02-26,323.782136,69.877693,193.042574,302.549296,0.897380,1210.938546,3.371903,0.250000,
2015-02-27,327.541431,70.758498,194.585214,304.268343,0.894508,1213.663538,3.368979,0.250000,
2015-03-02,325.995237,70.528022,191.514961,295.829430,0.899009,1213.018305,3.374256,0.250000,
2015-03-03,330.692009,71.605083,192.662161,295.725023,0.901359,1217.815235,3.370930,0.250000,
2015-03-04,332.157397,72.059260,192.274946,293.202985,0.900535,1212.008912,3.373205,0.250000,
2015-03-05,328.559780,71.171823,193.162835,298.632975,0.896545,1189.251156,3.373323,0.250000,
2015-03-06,332.301303,71.726027,193.473871,297.378527,0.895888,1186.360725,3.358117,0.250000,
2015-03-09,329.664950,70.942868,191.253413,293.031678,0.898555,1176.629238,3.355078,0.250000,
2015-03-10,329.971139,70.947699,191.382033,293.291794,0.898525,1177.561263,3.351646,0.250000,
2015-03-11,333.634560,71.628104,194.002297,298.722110,0.894189,1176.540869,3.341591,0.250000,
2015-03-12,328.181408,70.329235,192.527303,298.454704,0.896167,1170.502782,3.344341,0.250000,
2015-03-13,325.945930,69.809396,190.753851,294.773032,0.895981,1175.987251,3.345185,0.250000,
2015-03-16,327.031009,70.086041,191.696139,296.697381,0.893600,1177.947710,3.345802,0.250000,
2015-03-17,328.475706,70.465017,191.840815,295.901787,0.896052,1180.873961,3.346828,0.250000,
2015-03-18,330.743561,70.949842,192.269828,295.529784,0.897867,1182.572213,3.345204,0.250000,
2015-03-19,335.007469,71.838528,196.419583,304.980726,0.893829,1195.385846,3.337888,0.250000,
2015-03-20,334.026195,71.501855,197.511514,309.264101,0.891339,1194.853728,3.335528,0.250000,
2015-03-23,332.268581,70.503252,194.738637,303.452436,0.895274,1188.101555,3.315576,0.250000,
2015-03-24,333.827692,70.812644,194.347421,301.143616,0.898100,1185.436365,3.315104,0.250000,
2015-03-25,335.626076,71.237629,193.960844,298.558389,0.896943,1185.612375,3.313902,0.250000,
2015-03-26,333.051047,70.932266,194.784253,302.329387,0.896472,1189.259951,3.331062,0.250000,
2015-03-27,331.447599,70.461944,192.485431,296.791020,0.898018,1188.549890,3.327324,0.250000,
2015-03-30,336.755925,71.108755,192.390310,293.741526,0.897949,1196.690132,3.302293,0.250000,
2015-03-31,333.205238,70.340513,188.865447,285.748092,0.902248,1188.665017,3.307265,0.250000,
2015-04-01,330.808849,69.334057,186.213402,280.582438,0.906923,1184.765902,3.287222,0.250000,238.288297
2015-04-02,328.211868,68.940639,186.589471,283.116504,0.904174,1185.227110,3.297643,0.250000,
2015-04-03,327.051308,68.817104,187.760330,287.112621,0.902281,1187.178018,3.305808,0.250000,
2015-04-06,327.377158,68.960454,189.274589,291.217020,0.902518,1184.669338,3.308213,0.250000,
2015-04-07,328.760313,69.172580,191.312760,296.503602,0.898723,1187.787056,3.303766,0.250000,
2015-04-08,327.708157,68.892812,190.688670,295.467780,0.899773,1180.924097,3.306069,0.250000,
2015-04-09,331.655638,69.602486,191.373401,294.929849,0.898199,1180.463160,3.296378,0.250000,
2015-04-10,333.502247,69.736496,189.979687,289.969414,0.904215,1178.100574,3.279404,0.250000,
2015-04-13,328.443034,68.549324,186.668898,283.878348,0.909271,1166.885035,3.280778,0.250000,
2015-04-14,325.871982,67.823237,184.491661,279.569700,0.910331,1165.240485,3.276946,0.250000,
2015-04-15,326.032700,67.910890,188.786142,292.136451,0.903703,1156.494645,3.279692,0.250000,
2015-04-16,329.154319,68.528536,191.031305,296.719098,0.902253,1154.483329,3.272068,0.250000,
2015-04-17,328.231731,68.539170,187.931310,287.568293,0.902368,1156.173344,3.281844,0.250000,
2015-04-20,327.725785,68.435242,188.542317,289.713042,0.905199,1144.018939,3.281133,0.250000,
2015-04-21,326.814574,67.854710,188.034074,289.651009,0.906182,1137.976333,3.267358,0.250000,
2015-04-22,324.926538,67.213278,187.718147,290.560479,0.910256,1135.988566,3.260409,0.250000,
2015-04-23,329.313937,67.933534,189.002192,291.685095,0.910041,1143.472234,3.246143,0.250000,
2015-04-24,326.136542,67.251961,187.976864,290.874737,0.911655,1137.826923,3.251463,0.250000,
2015-04-27,333.561240,68.804127,190.886772,294.292842,0.907164,1147.223744,3.241465,0.250000,
2015-04-28,336.561118,69.335175,194.118054,302.080019,0.901287,1153.052506,3.233622,0.250000,
2015-04-29,332.215959,68.416974,192.048718,298.934636,0.905264,1147.856397,3.241434,0.250000,
2015-04-30,335.966055,68.638040,194.891308,306.097450,0.902575,1147.308490,3.212404,0.250000,
2015-05-01,340.897055,69.880993,196.515607,306.918084,0.897843,1153.001577,3.214911,0.250000,239.101519
2015-05-04,340.633227,69.934553,198.360416,312.472251,0.896723,1151.490027,3.219270,0.250000,
2015-05-05,345.388790,70.622498,199.219472,312.257334,0.896842,1159.933493,3.200149,0.250000,
2015-05-06,352.517530,71.912325,203.317910,319.990693,0.892404,1170.607665,3.181100,0.250000,
2015-05-07,352.137776,71.738576,203.246352,320.227903,0.895079,1167.517163,3.181821,0.250000,
2015-05-08,354.969875,72.110542,204.350122,321.992409,0.892323,1170.974673,3.169018,0.250000,
2015-05-11,350.100748,71.054101,200.536895,313.935127,0.895790,1164.973878,3.175192,0.250000,
2015-05-12,349.569358,71.089366,199.315868,310.233142,0.895898,1164.693978,3.183113,0.250000,
2015-05-13,347.583209,70.572591,197.607768,306.674393,0.895610,1168.750769,3.184275,0.250000,
2015-05-14,342.174873,69.819423,194.292115,299.658713,0.900296,1164.892697,3.204481,0.250000,
2015-05-15,344.436720,70.542330,197.398071,306.827385,0.896463,1172.714065,3.213961,0.250000,
2015-05-18,340.719063,69.583920,193.188413,297.149665,0.903212,1168.259010,3.211381,0.250000,
2015-05-19,343.100463,70.209702,192.395462,292.800569,0.905218,1169.404466,3.212587,0.250000,
2015-05-20,341.236173,69.588376,190.916215,290.160969,0.905703,1159.826411,3.205249,0.250000,
2015-05-21,339.983707,69.196033,191.168687,292.027737,0.906463,1154.840496,3.200543,0.250000,
2015-05-22,342.191726,69.759392,190.134400,287.182890,0.906161,1157.566953,3.201707,0.250000,
2015-05-25,338.612235,68.689751,187.585213,282.763018,0.913882,1150.764915,3.195326,0.250000,
2015-05-26,336.158350,68.381265,185.088254,276.643816,0.916759,1154.661061,3.209124,0.250000,
2015-05-27,342.321465,69.652321,188.037376,281.121912,0.911646,1154.518721,3.201808,0.250000,
2015-05-28,343.648221,69.965669,188.386430,281.144594,0.910319,1158.457671,3.202743,0.250000,
2015-05-29,343.296513,69.646835,187.745617,279.985538,0.912118,1159.518427,3.195194,0.250000,
2015-06-01,339.476132,68.838644,186.039312,277.549610,0.913602,1154.251950,3.199171,0.250000,239.903618
2015-06-02,336.884113,68.408289,185.670010,277.942326,0.913279,1152.578078,3.206645,0.250000,
2015-06-03,334.538560,68.029600,184.103464,274.680305,0.916621,1148.791947,3.213353,0.250000,
2015-06-04,336.056783,68.344198,187.021662,282.168098,0.911386,1150.489947,3.213957,0.250000,
2015-06-05,337.854121,68.703751,189.839331,289.262304,0.905261,1156.754402,3.211709,0.250000,
2015-06-08,343.778428,69.816032,191.387299,289.984990,0.900791,1162.596520,3.200257,0.250000,
2015-06-09,341.192627,69.640053,190.566390,288.522457,0.900364,1162.142249,3.220367,0.250000,
2015-06-10,344.498183,70.330249,191.457158,288.853923,0.898618,1159.136494,3.217504,0.250000,
2015-06-11,347.919024,70.756910,194.359242,295.662165,0.893429,1155.634923,3.200747,0.250000,
2015-06-12,354.146718,72.323127,196.767122,297.909214,0.886896,1155.466894,3.205014,0.250000,
2015-06-15,356.781907,72.485514,198.171707,301.048640,0.882764,1156.245349,3.184524,0.250000,
2015-06-16,357.039180,72.780491,199.279769,303.606570,0.884307,1157.400047,3.194606,0.250000,
2015-06-17,356.622628,72.418422,197.648586,299.606441,0.885974,1155.963147,3.184331,0.250000,
2015-06-18,358.340544,72.806189,198.283400,300.210195,0.883499,1151.903215,3.184366,0.250000,
2015-06-19,361.239247,73.148445,197.302724,295.884828,0.880991,1160.039867,3.171339,0.250000,
2015-06-22,360.952700,73.500265,198.663905,299.172475,0.877247,1161.623396,3.188221,0.250000,
2015-06-23,353.472460,71.760322,194.728048,292.995110,0.879358,1159.288814,3.191024,0.250000,
2015-06-24,353.738118,71.754038,194.036578,290.882983,0.880988,1157.772786,3.187313,0.250000,
2015-06-25,351.646874,71.533845,194.686814,293.711945,0.882069,1150.768254,3.201885,0.250000,
2015-06-26,350.029431,71.425284,193.684181,291.342327,0.885288,1146.484835,3.214277,0.250000,
2015-06-29,351.259491,71.952371,196.374931,297.826676,0.882222,1146.597263,3.225040,0.250000,
2015-06-30,343.524454,70.167036,192.477673,291.943019,0.886476,1138.886239,3.227413,0.250000,
2015-07-01,340.778611,69.947606,194.918111,300.342187,0.883816,1142.740054,3.242253,0.250000,240.670361
2015-07-02,339.212399,69.529982,194.941223,301.697743,0.884544,1143.151755,3.241035,0.250000,
2015-07-03,342.709341,70.100054,196.518061,304.262539,0.884422,1148.101835,3.230610,0.250000,
2015-07-06,342.494094,70.195140,196.506694,304.032996,0.883095,1147.943086,3.236891,0.250000,
2015-07-07,342.828643,70.238335,194.967531,299.188361,0.884682,1155.011077,3.234520,0.250000,
2015-07-08,340.147393,69.345200,191.829609,292.397661,0.891439,1150.326929,3.224694,0.250000,
2015-07-09,335.758428,68.483314,191.738439,295.068044,0.886704,1150.817527,3.231801,0.250000,
2015-07-10,338.967807,69.066890,192.617695,295.576249,0.884489,1147.159789,3.225094,0.250000,
2015-07-13,344.960506,70.322350,197.182539,304.975988,0.878141,1157.486404,3.218246,0.250000,
2015-07-14,341.416777,69.904075,196.214989,303.848574,0.879676,1160.305881,3.237325,0.250000,
2015-07-15,348.041509,71.158584,202.717513,319.060571,0.874335,1167.127244,3.224642,0.250000,
2015-07-16,347.952935,71.345045,205.438617,327.013293,0.871686,1167.249328,3.232236,0.250000,
2015-07-17,349.034277,71.339809,205.283221,326.213247,0.872276,1170.110496,3.218754,0.250000,
2015-07-20,347.882512,70.979795,204.345347,324.419864,0.874448,1175.804917,3.218917,0.250000,
2015-07-21,353.284006,72.073830,206.211914,326.159865,0.873003,1178.780396,3.211105,0.250000,
2015-07-22,356.060708,72.560684,207.445006,328.060194,0.871471,1186.307533,3.206055,0.250000,
2015-07-23,353.056929,72.283220,208.129129,331.586326,0.871645,1176.637010,3.223069,0.250000,
2015-07-24,354.713783,72.909066,208.271628,330.077644,0.876224,1172.516780,3.228704,0.250000,
2015-07-27,357.916620,73.465685,212.395348,340.692384,0.873814,1178.376564,3.220463,0.250000,
2015-07-28,361.357717,74.110254,218.300484,356.786525,0.868745,1179.073847,3.212665,0.250000,
2015-07-29,360.342744,74.042918,217.847201,355.750210,0.871596,1178.523050,3.218808,0.250000,
2015-07-30,359.059429,73.916977,216.599312,352.408241,0.875045,1177.974745,3.225634,0.250000,
2015-07-31,365.414582,75.327102,220.573228,359.749659,0.869107,1187.532644,3.221975,0.250000,
2015-08-03,366.132889,75.393036,222.258137,364.716880,0.866485,1186.702124,3.218988,0.250000,
2015-08-04,359.361068,73.874809,217.031761,353.669546,0.871091,1178.564318,3.224543,0.250000,
2015-08-05,356.548217,73.352636,216.226241,353.144300,0.870246,1175.261095,3.233645,0.250000,
2015-08-06,360.247509,74.076431,217.827544,355.366720,0.868817,1177.600461,3.225727,0.250000,
2015-08-07,362.214688,74.294647,216.570664,350.256577,0.870195,1183.082163,3.215336,0.250000,
2015-08-10,368.408037,75.821009,221.158786,359.295031,0.867334,1188.942641,3.216663,0.250000,
2015-08-11,371.927435,76.599332,222.688928,361.226084,0.867526,1193.592098,3.214773,0.250000,
2015-08-12,371.169922,76.495018,223.149979,363.107454,0.865866,1195.969243,3.218640,0.250000,
2015-08-13,372.518580,76.712110,221.651953,357.429411,0.869768,1196.443572,3.213932,0.250000,
2015-08-14,374.881909,77.453934,219.778632,349.148064,0.867821,1197.551231,3.219399,0.250000,
2015-08-17,375.449335,77.527759,214.588007,332.890594,0.877048,1198.691779,3.218901,0.250000,
2015-08-18,376.587394,77.931932,213.102868,327.209142,0.879231,1194.234895,3.221220,0.250000,
2015-08-19,375.463560,78.200928,212.219625,324.229999,0.879565,1192.567746,3.240872,0.250000,
2015-08-20,373.290190,78.002377,211.839301,324.016730,0.881046,1191.714368,3.251547,0.250000,
2015-08-21,371.515315,77.594592,207.770448,313.213883,0.889559,1191.792138,3.256159,0.250000,
2015-08-24,373.068791,78.188109,208.833528,314.696621,0.888927,1197.356295,3.263189,0.250000,
2015-08-25,369.579567,77.517111,208.928286,317.185770,0.889743,1190.114351,3.270918,0.250000,
2015-08-26,376.921919,78.899207,212.489395,322.993181,0.886006,1188.724247,3.255777,0.250000,
2015-08-27,379.672040,79.678538,214.538127,326.717998,0.884933,1191.664837,3.260017,0.250000,
2015-08-28,380.428848,79.716188,214.181025,325.352991,0.885647,1190.323561,3.256403,0.250000,
2015-08-31,384.610224,80.422972,212.172192,316.947519,0.891041,1192.505560,3.246264,0.250000,
2015-09-01,380.203769,79.505650,206.831002,304.312720,0.897019,1190.295219,3.253092,0.250000,241.239328
2015-09-02,385.202162,80.784226,209.805299,309.158508,0.893928,1197.253441,3.255365,0.250000,
2015-09-03,386.769844,81.104243,207.835810,302.515664,0.897831,1200.621967,3.255107,0.250000,
2015-09-04,384.923991,80.701168,205.230971,296.287011,0.896954,1197.614531,3.258587,0.250000,
2015-09-07,384.231122,80.337156,206.367411,300.311141,0.894040,1193.925072,3.250902,0.250000,
2015-09-08,386.651533,80.810881,209.879578,308.834401,0.890610,1192.527369,3.245337,0.250000,
2015-09-09,385.399456,80.508493,211.573302,314.573877,0.888790,1197.316902,3.244269,0.250000,
2015-09-10,382.862452,79.904979,209.651720,310.768759,0.893160,1203.204933,3.245641,0.250000,
2015-09-11,379.379831,79.220270,208.971586,310.946733,0.895007,1199.043162,3.253142,0.250000,
2015-09-14,378.670021,78.799476,208.799582,311.426979,0.896660,1197.668853,3.244357,0.250000,
2015-09-15,378.569446,79.028563,207.925333,308.412017,0.896974,1196.544424,3.254837,0.250000,
2015-09-16,378.630884,79.105419,206.882552,305.196481,0.898872,1196.890095,3.258922,0.250000,
2015-09-17,373.271822,77.642551,202.656592,297.149220,0.906318,1191.666159,3.252965,0.250000,
2015-09-18,367.283624,76.931344,200.982773,295.090195,0.909189,1188.543932,3.281987,0.250000,
2015-09-21,364.059502,76.253422,199.094670,291.724876,0.914181,1190.411257,3.284910,0.250000,
2015-09-22,362.839499,76.098282,200.624572,296.672817,0.912907,1186.507209,3.290824,0.250000,
2015-09-23,366.285034,77.092382,205.101674,306.799529,0.906374,1197.031099,3.294783,0.250000,
2015-09-24,365.208496,76.494512,205.072225,308.164963,0.905873,1198.401904,3.281962,0.250000,
2015-09-25,368.122927,77.201472,209.321047,318.468045,0.903372,1202.985671,3.282494,0.250000,
2015-09-28,372.844419,78.106443,209.724601,316.562605,0.903469,1202.779267,3.272822,0.250000,
2015-09-29,375.275686,78.069550,211.023885,319.844058,0.901629,1197.760797,3.250407,0.250000,
2015-09-30,379.109143,79.095237,213.386458,323.699780,0.900499,1204.805544,3.251626,0.250000,
2015-10-01,379.250593,79.114006,215.163830,328.865465,0.900134,1206.040695,3.251926,0.250000,241.672458
2015-10-02,380.366383,79.444776,215.674871,329.365553,0.900183,1206.164132,3.255772,0.250000,
2015-10-05,385.070858,80.057104,218.759252,336.060031,0.895531,1209.166122,3.235533,0.250000,
2015-10-06,383.519873,79.661593,218.158756,335.459898,0.894133,1203.340386,3.238655,0.250000,
2015-10-07,380.787998,78.989395,218.173670,337.617076,0.894510,1191.247705,3.238933,0.250000,
2015-10-08,377.030739,77.927238,214.033850,328.390726,0.897396,1194.659561,3.230107,0.250000,
2015-10-09,379.458571,78.213594,215.522237,331.584040,0.893745,1191.992536,3.218183,0.250000,
2015-10-12,382.272663,78.935263,217.614088,335.549474,0.888630,1198.943558,3.221004,0.250000,
2015-10-13,385.887386,79.864404,217.886592,333.412174,0.887084,1195.852781,3.224890,0.250000,
2015-10-14,383.659662,79.325494,214.852119,326.042064,0.892681,1198.893680,3.223325,0.250000,
2015-10-15,378.068194,77.815946,210.066479,316.405741,0.893986,1196.154082,3.217530,0.250000,
2015-10-16,378.340305,78.188941,210.671881,317.301211,0.893720,1185.905864,3.230356,0.250000,
2015-10-19,376.984430,78.033876,210.335971,316.923507,0.891589,1189.404401,3.235187,0.250000,
2015-10-20,378.270913,78.466463,211.080231,317.860211,0.891946,1186.484790,3.237894,0.250000,
2015-10-21,387.346385,80.307210,214.147614,320.838644,0.888677,1193.675382,3.223413,0.250000,
2015-10-22,384.719804,80.088937,213.875539,321.075845,0.888226,1192.904330,3.239877,0.250000,
2015-10-23,385.386419,80.020070,214.069496,321.587488,0.891390,1193.434280,3.230817,0.250000,
2015-10-26,384.297600,79.673246,214.685432,324.340500,0.891872,1188.797760,3.230189,0.250000,
2015-10-27,389.365280,80.580608,215.014586,322.173982,0.894730,1193.808460,3.218258,0.250000,
2015-10-28,392.567055,81.303340,212.904895,313.812510,0.896640,1195.166325,3.217892,0.250000,
2015-10-29,395.191204,81.733010,213.574097,314.247379,0.898517,1198.953592,3.210471,0.250000,
2015-10-30,395.167906,81.994533,214.649839,316.788221,0.896199,1205.480107,3.219790,0.250000,
2015-11-02,392.519175,81.555937,212.824061,312.974450,0.901238,1203.043206,3.225256,0.250000,
2015-11-03,400.237758,82.763692,213.929134,311.992212,0.902581,1210.395699,3.203307,0.250000,
2015-11-04,398.589710,81.827435,212.680045,310.585110,0.903570,1207.732488,3.186151,0.250000,
2015-11-05,402.316561,82.416100,217.911657,323.566365,0.896678,1204.792052,3.176129,0.250000,
2015-11-06,393.400441,80.214358,215.677740,323.598585,0.896400,1201.967694,3.176592,0.250000,
2015-11-09,390.947984,79.369739,215.048174,324.052813,0.897676,1204.617884,3.169403,0.250000,
2015-11-10,387.497365,78.310542,213.090446,321.301652,0.898369,1203.070558,3.158124,0.250000,
2015-11-11,386.912967,78.109184,210.702808,314.827573,0.899770,1205.412630,3.154472,0.250000,
2015-11-12,392.618157,79.232453,216.145708,327.058556,0.894095,1211.386550,3.146083,0.250000,
2015-11-13,394.206678,79.716765,216.544487,326.791962,0.892921,1220.078534,3.150244,0.250000,
2015-11-16,399.299793,81.105642,218.342779,327.925107,0.889235,1232.596247,3.157256,0.250000,
2015-11-17,401.254647,81.393330,221.143565,335.061676,0.882388,1228.542525,3.149708,0.250000,
2015-11-18,405.046771,81.916181,223.631952,340.373252,0.876689,1231.568353,3.137010,0.250000,
2015-11-19,406.285106,81.916352,223.315972,339.097069,0.877869,1226.844448,3.126736,0.250000,
2015-11-20,408.394445,81.891541,222.355004,335.769145,0.879149,1228.130973,3.109601,0.250000,
2015-11-23,405.189428,81.753020,217.802684,323.454732,0.882469,1230.087167,3.131426,0.250000,
2015-11-24,403.614908,81.188973,213.882536,313.615888,0.888427,1233.094652,3.125357,0.250000,
2015-11-25,410.598736,82.922056,216.196942,315.223117,0.888716,1248.352797,3.127994,0.250000,
2015-11-26,403.549399,81.137502,213.615376,312.890809,0.888893,1235.742404,3.123354,0.250000,
2015-11-27,404.952526,81.255076,214.985871,316.230722,0.890048,1233.125149,3.114899,0.250000,
2015-11-30,399.283346,80.278577,210.591002,306.829748,0.895208,1226.149922,3.127603,0.250000,
2015-12-01,398.917089,80.096867,210.582626,307.206099,0.893380,1227.304712,3.125141,0.250000,242.551039
2015-12-02,401.415252,80.767849,212.398685,310.466369,0.891457,1234.393056,3.128996,0.250000,
2015-12-03,397.870804,80.021239,211.423353,309.909761,0.892282,1231.994929,3.135969,0.250000,
2015-12-04,389.381975,78.297798,208.658837,307.303199,0.891511,1230.494614,3.147069,0.250000,
2015-12-07,390.756715,78.325678,211.635611,315.500547,0.891798,1227.608845,3.135260,0.250000,
2015-12-08,389.938386,78.342466,214.137656,322.937182,0.888318,1226.482180,3.143261,0.250000,
2015-12-09,391.500194,78.584588,214.966827,324.454480,0.888701,1222.934132,3.138534,0.250000,
2015-12-10,395.400050,79.646929,212.175598,313.181049,0.889391,1223.451494,3.143617,0.250000,
2015-12-11,394.877225,79.250457,210.010351,307.842220,0.892545,1216.448745,3.133514,0.250000,
2015-12-14,397.638687,79.470027,208.026457,301.126046,0.897154,1212.643938,3.115803,0.250000,
2015-12-15,398.901330,80.026092,209.441018,303.729025,0.893777,1218.574137,3.127479,0.250000,
2015-12-16,394.251341,79.188155,206.562806,298.203235,0.897270,1220.768611,3.137375,0.250000,
2015-12-17,388.022453,77.568935,206.308431,301.998594,0.900976,1214.428963,3.131387,0.250000,
2015-12-18,394.756029,78.913536,208.368203,303.665840,0.899280,1223.995647,3.125400,0.250000,
2015-12-21,402.197973,80.684118,212.443010,310.084489,0.896864,1224.163643,3.128021,0.250000,
2015-12-22,395.048551,78.914442,206.028302,296.909224,0.903842,1226.873883,3.127130,0.250000,
2015-12-23,394.721760,78.652787,202.901880,288.706507,0.906216,1233.926732,3.119687,0.250000,
2015-12-24,397.841056,79.000937,200.928506,281.940448,0.911750,1240.604702,3.106878,0.250000,
2015-12-25,390.567332,77.224551,195.738742,272.456835,0.916593,1233.127091,3.101385,0.250000,
2015-12-28,390.058689,77.133315,198.021726,278.930463,0.913452,1231.264165,3.102083,0.250000,
2015-12-29,386.485271,76.323928,198.790692,283.285613,0.913464,1229.699736,3.102278,0.250000,
2015-12-30,390.579499,76.715934,201.489539,289.165140,0.909588,1241.222371,3.081528,0.250000,
2015-12-31,390.624686,76.942896,201.632115,289.079453,0.909860,1242.138427,3.089964,0.250000,
2016-01-01,389.851455,76.458278,201.686039,290.299981,0.909575,1235.850732,3.079793,1.400000,243.042911
2016-01-04,389.177460,76.003073,200.655344,288.403076,0.911583,1234.667810,3.071174,1.400000,
2016-01-05,388.735187,76.022796,203.083695,295.272425,0.904194,1231.357399,3.077106,1.400000,
2016-01-06,395.869380,77.838250,205.289006,296.342210,0.900892,1238.422011,3.082482,1.400000,
2016-01-07,392.498589,77.457005,204.082143,294.374998,0.899719,1239.121457,3.100447,1.400000,
2016-01-08,393.302686,77.718307,204.146264,293.837342,0.902051,1237.500379,3.103185,1.400000,
2016-01-11,395.775669,78.014837,202.915082,289.266795,0.906574,1234.634600,3.094247,1.400000,
2016-01-12,399.158109,78.898838,205.643191,294.434726,0.906804,1236.494885,3.100664,1.400000,
2016-01-13,398.629644,78.873753,205.100447,293.042788,0.909378,1229.953848,3.104636,1.400000,
2016-01-14,399.571081,78.792353,204.629981,291.654699,0.912924,1227.048089,3.093438,1.400000,
2016-01-15,401.499223,79.467641,206.379879,294.799896,0.914233,1236.027198,3.103626,1.400000,
2016-01-18,401.760539,79.486351,208.445257,300.454302,0.910805,1225.739991,3.102364,1.400000,
2016-01-19,404.140045,79.590816,208.635644,300.242377,0.912051,1221.690225,3.086302,1.400000,
2016-01-20,407.788959,80.339786,209.263633,299.748827,0.912925,1222.952099,3.082174,1.400000,
2016-01-21,407.856829,80.297406,208.116457,296.580458,0.915500,1221.997592,3.081994,1.400000,
2016-01-22,412.060157,81.060301,212.961124,307.754562,0.909446,1226.239779,3.075656,1.400000,
2016-01-25,412.902647,80.866545,213.190184,308.562119,0.910137,1231.246239,3.064332,1.400000,
2016-01-26,417.080768,82.056216,216.599172,314.934621,0.907137,1246.487348,3.072741,1.400000,
2016-01-27,413.325413,81.361163,216.523112,316.877347,0.907686,1241.557036,3.080781,1.400000,
2016-01-28,415.509331,81.222821,214.470287,310.807140,0.911241,1243.652193,3.064009,1.400000,
2016-01-29,417.256072,81.663968,212.201892,303.176915,0.916243,1240.451362,3.065259,1.400000,
2016-02-01,422.338755,82.896431,211.228329,297.096323,0.920045,1244.459301,3.067953,1.400000,243.336500
2016-02-02,428.433864,84.121781,215.296959,304.758005,0.919950,1251.382180,3.064898,1.400000,
2016-02-03,431.383537,84.922489,212.138336,294.042045,0.928474,1258.724745,3.069260,1.400000,
2016-02-04,429.385411,84.511913,210.051463,289.492042,0.929515,1255.191765,3.072323,1.400000,
2016-02-05,431.555454,84.963330,213.368820,297.197927,0.921138,1256.236528,3.069332,1.400000,
2016-02-08,434.876907,85.604401,213.794621,296.517866,0.920265,1257.793922,3.063308,1.400000,
2016-02-09,426.207357,83.579098,211.324198,295.117373,0.922513,1245.782093,3.063197,1.400000,
2016-02-10,427.986726,83.738615,211.947279,296.137103,0.917440,1239.949812,3.054980,1.400000,
2016-02-11,434.459887,85.396654,215.493513,301.479625,0.914677,1250.934792,3.062127,1.400000,
2016-02-12,433.943267,85.171754,216.983963,306.042349,0.914983,1248.426109,3.055785,1.400000,
2016-02-15,434.019456,85.681760,215.929559,302.165192,0.915257,1251.106577,3.074565,1.400000,
2016-02-16,429.935168,84.974591,216.327692,305.334505,0.919218,1246.816645,3.082132,1.400000,
2016-02-17,426.922508,84.404398,213.500398,299.192153,0.925516,1247.916506,3.086940,1.400000,
2016-02-18,432.391088,85.801711,214.479645,298.213472,0.925972,1253.818428,3.093725,1.400000,
2016-02-19,433.133275,86.105527,215.796716,301.063986,0.922415,1254.165135,3.098565,1.400000,
2016-02-22,435.641775,86.927447,215.860244,299.237307,0.923439,1259.333997,3.107167,1.400000,
2016-02-23,435.525044,86.936531,216.574046,301.140563,0.924791,1256.919170,3.108667,1.400000,
2016-02-24,428.505725,85.680859,215.035198,300.565072,0.924330,1249.814250,3.123775,1.400000,
2016-02-25,425.434072,84.977724,218.185049,311.129090,0.922386,1247.446445,3.125220,1.400000,
2016-02-26,427.579726,85.486923,220.753039,316.842568,0.918702,1255.277346,3.126754,1.400000,
2016-02-29,427.758596,85.756394,220.547514,315.678786,0.918629,1258.695316,3.132468,1.400000,
2016-03-01,423.187162,84.312052,218.472920,313.552147,0.916711,1251.911003,3.119321,1.400000,244.120759
2016-03-02,425.452336,84.673666,218.893477,313.521359,0.917587,1251.477459,3.113224,1.400000,
2016-03-03,425.950780,85.220244,222.752718,323.177301,0.912605,1250.259245,3.126670,1.400000,
2016-03-04,425.844478,85.468159,223.811144,325.676189,0.914106,1245.999696,3.137418,1.400000,
2016-03-07,429.508840,86.078830,225.349155,328.006156,0.914032,1256.184144,3.126808,1.400000,
2016-03-08,431.472881,87.155210,224.902187,324.193100,0.915414,1267.834389,3.147906,1.400000,
2016-03-09,428.576107,86.664228,223.715088,322.376122,0.917708,1268.356085,3.151959,1.400000,
2016-03-10,428.555798,87.075078,222.454651,318.031803,0.920773,1260.710413,3.165653,1.400000,
2016-03-11,421.318862,85.215842,219.844458,315.754039,0.918151,1256.436234,3.161498,1.400000,
2016-03-14,420.944138,84.983896,220.918944,319.260912,0.918690,1250.436248,3.156553,1.400000,
2016-03-15,421.969136,84.989303,220.650795,318.234026,0.920175,1255.044161,3.150710,1.400000,
2016-03-16,424.115930,85.509050,221.164343,318.178738,0.917922,1249.567820,3.149620,1.400000,
2016-03-17,428.465630,86.790991,225.215229,326.143023,0.913009,1257.418458,3.159914,1.400000,
2016-03-18,432.542761,87.876197,223.873800,319.404508,0.915802,1264.001071,3.164610,1.400000,
2016-03-21,423.231408,85.778913,221.017324,317.322658,0.915342,1256.524208,3.170537,1.400000,
2016-03-22,413.231191,83.356245,216.736501,312.060890,0.920872,1246.795502,3.165725,1.400000,
2016-03-23,415.577061,83.524363,217.474391,313.265843,0.921487,1246.798179,3.152741,1.400000,
2016-03-24,413.167309,83.233133,217.634435,314.763441,0.920374,1249.306452,3.161512,1.400000,
2016-03-25,410.460561,82.711605,215.393042,310.011154,0.924637,1249.494339,3.165463,1.400000,
2016-03-28,414.651338,83.833886,220.738778,321.978686,0.918615,1253.560468,3.166389,1.400000,
2016-03-29,411.045512,82.751184,218.285081,317.898202,0.917125,1253.906723,3.159838,1.400000,
2016-03-30,408.238695,82.241229,214.349053,308.351170,0.922067,1251.197150,3.169651,1.400000,
2016-03-31,410.206580,82.714293,216.280743,312.403811,0.918632,1247.444281,3.171107,1.400000,
2016-04-01,417.154775,83.950619,217.489002,311.878305,0.917159,1254.179018,3.159073,1.400000,244.580289
2016-04-04,418.297504,84.310554,215.240723,304.670627,0.919695,1251.848913,3.163540,1.400000,
2016-04-05,417.658849,84.151202,216.278578,307.939238,0.921483,1255.619711,3.166174,1.400000,
2016-04-06,420.392125,84.786631,217.724471,310.147095,0.918803,1257.170271,3.167450,1.400000,
2016-04-07,418.879144,84.397491,219.843786,317.100812,0.911963,1255.749126,3.164708,1.400000,
2016-04-08,423.315593,85.397002,220.722800,316.656092,0.910744,1259.654453,3.165884,1.400000,
2016-04-11,431.551710,87.470674,224.877686,322.542595,0.907203,1263.931658,3.170634,1.400000,
2016-04-12,435.829826,88.416645,228.661378,330.404440,0.901567,1264.555957,3.170072,1.400000,
2016-04-13,433.080392,87.958679,227.091681,327.415998,0.902950,1263.001473,3.177146,1.400000,
2016-04-14,435.898249,88.785240,228.875952,330.205356,0.901258,1267.969501,3.181357,1.400000,
2016-04-15,438.037849,89.474396,226.254701,321.095678,0.906559,1259.066777,3.187802,1.400000,
2016-04-18,438.032028,89.094586,227.933740,326.435735,0.901778,1260.717810,3.176787,1.400000,
2016-04-19,438.252600,88.992538,228.347930,327.699459,0.902596,1267.647490,3.171091,1.400000,
2016-04-20,437.817910,88.792889,231.831033,337.967432,0.902047,1271.313692,3.169978,1.400000,
2016-04-21,435.497311,88.350543,236.151359,351.756774,0.895062,1268.167160,3.176420,1.400000,
2016-04-22,433.960414,87.878687,238.102544,358.753513,0.892367,1267.469145,3.173642,1.400000,
2016-04-25,429.572292,87.223771,240.352354,367.827029,0.889524,1264.474539,3.187098,1.400000,
2016-04-26,426.187615,86.329239,239.761309,368.797015,0.891804,1261.204536,3.184261,1.400000,
2016-04-27,431.340742,87.270342,241.461894,370.518248,0.891134,1268.792444,3.175368,1.400000,
2016-04-28,429.664951,86.654796,244.055108,380.077349,0.890840,1268.296671,3.169036,1.400000,
2016-04-29,430.585548,87.074538,244.144975,379.127360,0.891169,1278.301233,3.177180,1.400000,
2016-05-02,435.627625,88.092063,245.614680,379.994669,0.890085,1281.261290,3.172485,1.400000,
2016-05-03,442.062881,89.419959,247.287158,380.463337,0.887443,1280.367945,3.167286,1.400000,
2016-05-04,437.590168,88.809213,249.619341,389.947414,0.885852,1281.369885,3.184877,1.400000,
2016-05-05,434.831510,87.819624,247.065355,385.056801,0.888856,1279.154688,3.171666,1.400000,
2016-05-06,433.849618,87.456231,248.262407,389.738554,0.883547,1276.488774,3.167146,1.400000,
2016-05-09,433.115517,87.336448,247.310148,387.238974,0.883526,1277.243297,3.168550,1.400000,
2016-05-10,430.247574,87.270308,248.760324,392.530339,0.880870,1278.583389,3.188921,1.400000,
2016-05-11,434.171859,87.562936,251.682565,399.798833,0.872717,1283.510181,3.169755,1.400000,
2016-05-12,431.705060,86.746696,248.567321,392.673992,0.875278,1275.119944,3.161223,1.400000,
2016-05-13,431.449886,86.689608,248.133905,391.489151,0.873599,1282.595657,3.160813,1.400000,
2016-05-16,428.265545,86.157753,245.195625,384.472398,0.876363,1277.263956,3.170643,1.400000,
2016-05-17,426.080031,85.416719,245.087544,386.368646,0.874494,1282.176801,3.163671,1.400000,
2016-05-18,433.949375,87.098765,247.820035,388.791521,0.876276,1287.382574,3.157300,1.400000,
2016-05-19,437.772797,88.447059,251.029013,394.498750,0.872469,1295.198348,3.174925,1.400000,
2016-05-20,443.077477,89.400245,255.216854,403.759911,0.870942,1291.087565,3.166843,1.400000,
2016-05-23,442.350027,89.420916,253.613925,398.916937,0.871585,1292.514353,3.173519,1.400000,
2016-05-24,439.585334,88.891646,249.986392,389.694463,0.876138,1289.405351,3.179987,1.400000,
2016-05-25,437.897619,88.697184,251.880247,396.307583,0.874066,1290.421246,3.186662,1.400000,
2016-05-26,444.462093,89.789308,254.274077,399.405633,0.874209,1293.576620,3.171393,1.400000,
2016-05-27,441.573436,88.847010,251.633431,394.166270,0.875983,1291.665246,3.163423,1.400000,
2016-05-30,449.252856,90.640305,252.388823,390.447529,0.875756,1299.323920,3.165770,1.400000,
2016-05-31,444.265925,89.387307,250.319850,388.175243,0.876385,1291.052777,3.164695,1.400000,
2016-06-01,445.450933,89.563510,250.107542,386.798210,0.877271,1292.166108,3.159746,1.400000,245.076237
2016-06-02,439.968469,88.710000,249.994080,389.691973,0.877258,1285.333334,3.174388,1.400000,
2016-06-03,440.061907,89.421828,248.045931,382.143552,0.879729,1296.320799,3.198532,1.400000,
2016-06-06,446.319745,90.791177,249.356924,381.498598,0.877352,1301.581891,3.194852,1.400000,
2016-06-07,445.018677,90.892756,246.325172,372.550699,0.877382,1297.179850,3.207380,1.400000,
2016-06-08,440.601953,90.001396,244.809771,370.971906,0.881094,1292.565993,3.214205,1.400000,
2016-06-09,443.440340,90.138534,248.116172,379.768212,0.882727,1295.093716,3.198140,1.400000,
2016-06-10,440.484956,89.569206,246.783164,377.698030,0.882732,1298.908689,3.206361,1.400000,
2016-06-13,439.230370,89.269385,245.375283,374.408246,0.881986,1308.268594,3.206213,1.400000,
2016-06-14,437.884244,88.999445,245.850594,376.693978,0.883749,1311.769492,3.206943,1.400000,
2016-06-15,437.237421,89.045687,246.853311,379.709362,0.886902,1309.079272,3.213756,1.400000,
2016-06-16,434.622952,88.569137,242.676907,368.876192,0.887980,1315.361766,3.218567,1.400000,
2016-06-17,436.422822,89.034973,246.556594,378.950514,0.885410,1317.589634,3.220932,1.400000,
2016-06-20,432.701733,88.450065,246.638030,381.367025,0.888527,1314.108560,3.230372,1.400000,
2016-06-21,426.169635,87.218665,242.875608,374.353212,0.892643,1310.474154,3.243487,1.400000,
2016-06-22,426.936173,87.469688,241.926395,370.718592,0.891079,1314.912713,3.246498,1.400000,
2016-06-23,428.492681,87.810748,242.516514,371.307852,0.889000,1316.255369,3.243685,1.400000,
2016-06-24,423.971162,86.902234,243.472387,377.270614,0.888967,1313.434747,3.252809,1.400000,
2016-06-27,425.478044,86.820976,243.764063,377.904705,0.894744,1312.182474,3.239004,1.400000,
2016-06-28,428.031712,87.014638,245.505134,382.049086,0.890408,1320.792330,3.225241,1.400000,
2016-06-29,426.893770,86.928889,249.309113,394.135169,0.887185,1319.134391,3.231284,1.400000,
2016-06-30,426.846135,86.795467,251.553215,401.367103,0.884866,1320.288697,3.230501,1.400000,
2016-07-01,427.485812,87.011865,250.258025,396.617124,0.887533,1323.709468,3.232365,1.400000,245.152452
2016-07-04,428.359765,87.036323,250.606792,397.357540,0.889575,1328.487256,3.227828,1.400000,
2016-07-05,422.929188,85.480267,250.213452,401.244443,0.888003,1320.024054,3.219439,1.400000,
2016-07-06,419.611644,85.077896,252.746908,411.076968,0.885411,1313.291760,3.232624,1.400000,
2016-07-07,415.365192,84.660409,251.349126,408.818612,0.885716,1310.823295,3.254105,1.400000,
2016-07-08,415.793368,84.721264,248.591500,399.797311,0.888257,1305.683271,3.252516,1.400000,
2016-07-11,420.191575,86.341429,249.670670,398.033734,0.889621,1314.341527,3.274000,1.400000,
2016-07-12,425.722601,87.868902,253.549804,404.940446,0.885588,1317.969371,3.281572,1.400000,
2016-07-13,421.344495,86.604486,255.305261,414.671497,0.885447,1315.739967,3.273491,1.400000,
2016-07-14,423.672618,87.001835,259.200936,425.379755,0.880843,1320.041885,3.266635,1.400000,
2016-07-15,420.805105,86.264188,258.368221,425.344328,0.883261,1318.156903,3.263773,1.400000,
2016-07-18,417.255645,84.973022,259.503457,433.332703,0.884944,1310.112126,3.249667,1.400000,
2016-07-19,410.361956,83.627180,253.366121,418.907950,0.889539,1305.776431,3.260838,1.400000,
2016-07-20,408.260415,82.727147,255.381191,428.382383,0.887724,1298.404874,3.247977,1.400000,
2016-07-21,405.879033,81.989210,252.589891,421.882840,0.891334,1299.197211,3.241369,1.400000,
2016-07-22,406.855721,82.165982,251.087059,416.199709,0.892358,1299.099291,3.240088,1.400000,
2016-07-25,417.625864,84.314603,255.896970,422.979794,0.891080,1313.744453,3.226360,1.400000,
2016-07-26,412.931711,83.459187,254.625746,422.401895,0.893432,1309.365076,3.235479,1.400000,
2016-07-27,411.065488,83.041522,255.196769,425.846270,0.894619,1308.688900,3.237196,1.400000,
2016-07-28,407.490443,82.085229,249.792677,411.843693,0.898042,1309.760948,3.235339,1.400000,
2016-07-29,406.627059,82.162198,250.236349,413.272132,0.896782,1305.848210,3.245003,1.400000,
2016-08-01,409.609133,82.575976,255.763029,429.205595,0.893562,1308.823461,3.235170,1.400000,245.945230
2016-08-02,406.856911,81.874230,255.532104,431.110714,0.894719,1310.507804,3.233395,1.400000,
2016-08-03,410.017214,82.689946,256.291809,430.403722,0.894414,1313.380494,3.237086,1.400000,
2016-08-04,409.335545,82.417823,257.722193,435.994573,0.894282,1317.296860,3.232578,1.400000,
2016-08-05,407.256148,81.616149,257.423825,437.784851,0.893837,1318.768422,3.222330,1.400000,
2016-08-08,406.128718,81.217371,255.003865,431.162462,0.896055,1318.212524,3.219016,1.400000,
2016-08-09,407.421556,81.563686,262.285649,454.047485,0.890090,1317.257999,3.218916,1.400000,
2016-08-10,411.692182,82.309111,263.190353,453.564720,0.890815,1322.883498,3.211630,1.400000,
2016-08-11,413.471686,82.616281,263.566571,453.344728,0.888188,1310.999566,3.205546,1.400000,
2016-08-12,407.053144,81.448935,258.947613,443.110734,0.893694,1298.594051,3.218510,1.400000,
2016-08-15,407.113032,81.057862,261.156306,451.556796,0.890662,1296.567906,3.204127,1.400000,
2016-08-16,402.255955,79.918695,256.587618,440.913440,0.892363,1287.744285,3.205861,1.400000,
2016-08-17,403.683206,80.646449,257.806928,442.438068,0.892915,1290.088211,3.222867,1.400000,
2016-08-18,411.891864,81.963587,261.055738,446.986193,0.889307,1295.958318,3.203496,1.400000,
2016-08-19,417.626284,82.978180,265.201364,456.171173,0.885339,1304.464659,3.194277,1.400000,
2016-08-22,411.938615,82.168504,263.569901,454.712087,0.886290,1294.425571,3.212415,1.400000,
2016-08-23,413.440251,82.849820,264.792610,456.361172,0.884132,1291.550311,3.225434,1.400000,
2016-08-24,409.903380,81.643394,261.910238,451.151433,0.886944,1287.745759,3.211435,1.400000,
2016-08-25,411.304375,82.289026,260.313362,443.509741,0.889118,1290.519235,3.221452,1.400000,
2016-08-26,414.861915,83.195907,263.043187,448.923789,0.885666,1297.067311,3.224893,1.400000,
2016-08-29,418.551860,83.968679,268.372594,463.395727,0.883032,1304.025849,3.224015,1.400000,
2016-08-30,416.690005,83.116988,267.815050,464.478994,0.882491,1309.346288,3.212039,1.400000,
2016-08-31,412.792167,82.312157,265.204660,459.146799,0.880728,1297.502922,3.215239,1.400000,
2016-09-01,412.994351,82.256739,265.582019,460.460302,0.880877,1291.647346,3.212330,1.400000,246.368581
2016-09-02,412.458380,82.050140,263.347566,453.629584,0.884404,1291.186073,3.210274,1.400000,
2016-09-05,413.139666,82.135513,267.070130,465.698667,0.877798,1287.811621,3.207952,1.400000,
2016-09-06,414.503202,82.123504,267.356895,466.212854,0.877044,1290.524288,3.196401,1.400000,
2016-09-07,417.438273,82.766098,266.222071,459.525122,0.877319,1286.830878,3.195993,1.400000,
2016-09-08,416.457167,82.631968,264.786709,455.332184,0.878477,1285.977530,3.199177,1.400000,
2016-09-09,413.568446,81.931078,263.240525,452.978891,0.879525,1287.063902,3.198408,1.400000,
2016-09-12,408.548261,81.137344,258.374148,440.455312,0.887061,1280.507155,3.212404,1.400000,
2016-09-13,409.784288,81.464587,260.756837,447.046641,0.887016,1282.302203,3.213875,1.400000,
2016-09-14,409.215531,81.078764,257.118762,436.139462,0.890667,1282.489487,3.205065,1.400000,
2016-09-15,402.146296,79.764846,254.821960,434.289530,0.892723,1275.136917,3.219148,1.400000,
2016-09-16,400.183607,79.418411,252.126858,426.868886,0.896369,1276.091060,3.225678,1.400000,
2016-09-19,401.074413,79.425553,251.323171,423.876202,0.900456,1275.274450,3.215443,1.400000,
2016-09-20,394.885222,78.065758,246.083818,412.210804,0.904738,1265.500501,3.215516,1.400000,
2016-09-21,392.852568,77.489539,244.506566,409.177507,0.904515,1257.549364,3.211907,1.400000,
2016-09-22,391.134216,76.826375,243.730398,408.909525,0.907203,1253.116707,3.204017,1.400000,
2016-09-23,385.669346,75.764000,240.739487,403.614101,0.908924,1244.256123,3.210610,1.400000,
2016-09-26,384.068193,75.468642,242.798264,411.639612,0.909122,1241.305827,3.212217,1.400000,
2016-09-27,391.934374,76.971988,250.854705,431.721414,0.900499,1245.319831,3.200471,1.400000,
2016-09-28,388.035712,76.119544,244.889266,415.415297,0.908357,1240.176202,3.201910,1.400000,
2016-09-29,385.907379,75.421353,241.563991,406.989990,0.910603,1236.958616,3.195138,1.400000,
2016-09-30,388.422245,76.036718,241.679550,404.868537,0.907755,1243.981432,3.197290,1.400000,
2016-10-03,379.926078,74.559673,240.421014,407.344321,0.910478,1233.784435,3.217033,1.400000,
2016-10-04,379.262395,74.363314,238.146206,400.550775,0.912448,1225.277145,3.215963,1.400000,
2016-10-05,380.446465,74.869546,234.564045,387.131117,0.917125,1228.175034,3.225993,1.400000,
2016-10-06,386.217998,75.848344,238.507534,395.514828,0.912582,1232.325236,3.214380,1.400000,
2016-10-07,381.323313,74.564459,236.695901,394.496784,0.913598,1230.360750,3.205916,1.400000,
2016-10-10,373.986096,73.008667,231.740658,384.752431,0.918638,1227.611235,3.212151,1.400000,
2016-10-11,378.028666,73.762343,235.058449,392.234204,0.918312,1225.182785,3.205960,1.400000,
2016-10-12,371.262852,72.442776,230.151556,381.845343,0.925126,1218.387116,3.216563,1.400000,
2016-10-13,372.229543,72.867428,232.906195,389.302844,0.925187,1216.011629,3.226867,1.400000,
2016-10-14,373.587076,73.178961,232.183359,385.651430,0.923394,1211.115245,3.228827,1.400000,
2016-10-17,375.087678,73.554032,232.279819,384.462216,0.922313,1218.362307,3.231851,1.400000,
2016-10-18,378.471873,74.167589,235.263826,391.423275,0.919659,1221.146931,3.225338,1.400000,
2016-10-19,378.856790,74.179076,236.075181,393.866816,0.918091,1225.437966,3.222903,1.400000,
2016-10-20,381.401254,74.388438,237.249186,396.313639,0.916400,1234.143394,3.208368,1.400000,
2016-10-21,384.946400,75.199541,241.487326,406.835524,0.913745,1246.221803,3.209824,1.400000,
2016-10-24,385.986820,75.366796,242.747591,410.151833,0.913785,1242.938899,3.206191,1.400000,
2016-10-25,387.401564,75.632426,244.012547,413.100030,0.911016,1245.749785,3.202814,1.400000,
2016-10-26,382.617687,74.635714,240.502646,405.722012,0.911775,1242.358175,3.208436,1.400000,
2016-10-27,386.074835,75.445937,243.363671,411.782652,0.909558,1238.508737,3.209537,1.400000,
2016-10-28,383.947993,74.422069,239.976281,404.085822,0.910974,1240.919831,3.191638,1.400000,
2016-10-31,380.503678,73.474901,237.542559,399.724681,0.914183,1234.104834,3.185343,1.400000,
2016-11-01,383.695760,74.187853,235.003187,388.513237,0.918088,1238.485943,3.183569,1.400000,246.251772
2016-11-02,387.565658,75.090477,237.246462,392.153562,0.918706,1235.289917,3.185040,1.400000,
2016-11-03,383.216863,74.263045,235.060271,388.537061,0.923204,1232.323814,3.191853,1.400000,
2016-11-04,383.048976,74.151408,235.509547,390.289636,0.925891,1231.568223,3.190182,1.400000,
2016-11-07,381.480758,73.919506,234.593525,388.364332,0.926937,1231.077742,3.194569,1.400000,
2016-11-08,380.370442,73.753926,233.861435,386.722431,0.927154,1232.560331,3.196703,1.400000,
2016-11-09,379.763501,73.473382,235.737775,393.701128,0.924566,1225.677220,3.188132,1.400000,
2016-11-10,375.165824,72.601796,234.179223,392.345373,0.927256,1223.944355,3.195402,1.400000,
2016-11-11,375.577593,72.813400,235.541117,396.042970,0.925508,1221.210603,3.200661,1.400000,
2016-11-14,376.815575,72.813264,233.494259,388.941503,0.928054,1218.947703,3.190297,1.400000,
2016-11-15,378.065267,72.865999,231.045146,380.471777,0.930836,1223.697587,3.182288,1.400000,
2016-11-16,378.863423,72.589601,227.948369,371.040079,0.934121,1228.400115,3.165640,1.400000,
2016-11-17,382.655154,73.662330,230.586697,375.496784,0.934812,1229.789718,3.175121,1.400000,
2016-11-18,383.713487,73.750641,231.463992,377.711205,0.930768,1231.807823,3.169527,1.400000,
2016-11-21,379.178333,73.078794,227.973861,369.615730,0.939674,1227.651299,3.183867,1.400000,
2016-11-22,379.542946,72.836501,229.768032,375.804554,0.938083,1225.705650,3.172486,1.400000,
2016-11-23,375.452967,71.807555,227.573751,372.648012,0.941261,1219.892797,3.169759,1.400000,
2016-11-24,378.839372,72.834125,230.743523,379.037128,0.938487,1225.827004,3.181902,1.400000,
2016-11-25,384.040403,74.015263,231.223681,375.927607,0.939322,1231.107084,3.183694,1.400000,
2016-11-28,383.341741,73.947603,229.426853,370.569478,0.941317,1225.327839,3.187670,1.400000,
2016-11-29,382.012339,73.546240,227.405905,365.565178,0.944717,1231.552472,3.181236,1.400000,
2016-11-30,382.782095,73.485446,230.387748,374.873810,0.940857,1227.141872,3.173854,1.400000,
2016-12-01,379.642571,73.089236,229.178241,372.906682,0.944962,1225.364590,3.186714,1.400000,246.509872
2016-12-02,383.860559,73.850179,229.659069,371.225476,0.948477,1234.726911,3.181403,1.400000,
2016-12-05,382.956355,73.401494,228.675820,369.489278,0.949137,1237.336640,3.171411,1.400000,
2016-12-06,384.850338,73.634366,229.629046,371.324179,0.952217,1235.820891,3.163025,1.400000,
2016-12-07,378.782025,72.277484,228.198702,371.989665,0.952892,1225.459053,3.163988,1.400000,
2016-12-08,378.615257,72.174020,227.768711,370.896967,0.952008,1229.868864,3.160194,1.400000,
2016-12-09,378.101162,72.292835,225.971148,364.994446,0.957317,1226.335426,3.170383,1.400000,
2016-12-12,378.795144,72.467447,228.524378,372.380546,0.956059,1235.727218,3.171615,1.400000,
2016-12-13,378.502782,72.338184,224.874311,361.229614,0.962194,1237.814247,3.170941,1.400000,
2016-12-14,377.423993,72.097500,224.466036,360.817887,0.963308,1225.187065,3.171192,1.400000,
2016-12-15,381.609683,72.997896,227.694735,367.447677,0.960258,1229.149151,3.168750,1.400000,
2016-12-16,383.957302,73.738748,227.827354,365.273784,0.959058,1243.681241,3.175030,1.400000,
2016-12-19,384.009985,73.840518,229.355804,369.747769,0.956412,1246.220485,3.178171,1.400000,
2016-12-20,384.837931,73.901277,229.999821,371.344307,0.955895,1255.902780,3.174925,1.400000,
2016-12-21,383.008685,73.637837,229.785497,371.810534,0.956341,1247.891158,3.179768,1.400000,
2016-12-22,387.913339,74.967160,235.020386,383.514041,0.952056,1251.133872,3.189385,1.400000,
2016-12-23,383.396664,74.206939,230.639035,372.829646,0.959647,1244.899309,3.199755,1.400000,
2016-12-26,383.310856,74.475665,229.114230,367.329581,0.961975,1242.467527,3.211369,1.400000,
2016-12-27,383.782896,74.649238,231.424625,373.965667,0.960389,1246.235541,3.212954,1.400000,
2016-12-28,387.436470,75.474059,234.817644,381.488630,0.956318,1244.806511,3.212666,1.400000,
2016-12-29,391.836168,76.112476,237.640209,387.498766,0.952074,1251.785970,3.197569,1.400000,
2016-12-30,389.767750,75.710107,235.094861,381.005840,0.954331,1253.231665,3.201436,1.400000,
2017-01-02,392.453517,76.098840,237.635377,387.248613,0.956323,1255.088141,3.192997,1.400000,
2017-01-03,389.930173,75.628025,235.108687,381.122127,0.961154,1256.272202,3.197368,1.400000,
2017-01-04,386.622772,75.286978,235.006548,382.567909,0.961219,1261.331499,3.212857,1.400000,
2017-01-05,382.868717,74.408696,235.589181,387.779319,0.960326,1252.368125,3.212364,1.400000,
2017-01-06,384.868887,74.961021,237.052366,390.372326,0.958084,1256.705393,3.217764,1.400000,
2017-01-09,378.966890,73.595837,232.694972,381.703794,0.962036,1250.910878,3.216992,1.400000,
2017-01-10,382.445176,74.701321,236.801511,390.870589,0.956704,1251.999622,3.229877,1.400000,
2017-01-11,387.807630,75.844988,243.116870,406.594217,0.949961,1256.232862,3.228229,1.400000,
2017-01-12,389.420944,76.151927,242.835081,404.303255,0.951732,1255.528256,3.228170,1.400000,
2017-01-13,391.733062,76.632344,244.455990,407.522521,0.950491,1249.185789,3.223667,1.400000,
2017-01-16,391.663907,76.989087,245.496391,409.902987,0.946204,1251.514223,3.239937,1.400000,
2017-01-17,395.195996,77.658680,248.864547,417.951654,0.942756,1251.350352,3.232439,1.400000,
2017-01-18,400.437684,78.798473,253.958173,429.884467,0.938158,1261.476794,3.228229,1.400000,
2017-01-19,396.238551,78.414977,249.343973,417.020526,0.938054,1262.319738,3.249475,1.400000,
2017-01-20,398.698938,78.744652,252.017026,424.066905,0.933691,1265.258065,3.241697,1.400000,
2017-01-23,397.927438,78.971495,248.450547,412.002992,0.937319,1265.271270,3.259161,1.400000,
2017-01-24,397.027233,78.433700,247.212674,409.657680,0.940182,1264.410375,3.245887,1.400000,
2017-01-25,397.475676,78.291601,247.369866,410.365423,0.940878,1266.909719,3.235725,1.400000,
2017-01-26,395.924745,78.238166,247.283509,410.637464,0.936186,1270.324933,3.246261,1.400000,
2017-01-27,399.050166,78.637817,246.182796,405.051710,0.940332,1266.542793,3.234011,1.400000,
2017-01-30,397.714787,78.364443,242.832136,395.400801,0.942917,1268.612065,3.236166,1.400000,
2017-01-31,402.396139,79.352729,241.293501,386.674784,0.946504,1265.594346,3.235762,1.400000,
2017-02-01,406.360849,80.536509,242.800339,387.296222,0.945956,1275.129300,3.249180,1.400000,247.816748
2017-02-02,407.846509,80.833497,244.085417,390.110446,0.942713,1276.322469,3.249272,1.400000,
2017-02-03,408.460659,80.957282,242.391153,384.328475,0.945526,1283.021513,3.250710,1.400000,
2017-02-06,408.358199,81.255595,244.111077,388.910686,0.939534,1287.544046,3.260019,1.400000,
2017-02-07,411.917249,82.490635,246.429801,392.067571,0.937224,1283.940189,3.274888,1.400000,
2017-02-08,407.417642,81.483214,241.746171,381.200781,0.942881,1277.265219,3.278682,1.400000,
2017-02-09,405.625985,81.363352,240.340800,377.602488,0.946041,1271.615135,3.289779,1.400000,
2017-02-10,402.654563,80.712262,239.840696,378.375237,0.947475,1278.313087,3.292393,1.400000,
2017-02-13,405.073993,81.148206,242.874369,385.987776,0.943769,1281.636988,3.286682,1.400000,
2017-02-14,407.047605,81.888186,244.199546,387.703736,0.942120,1283.349893,3.295320,1.400000,
2017-02-15,408.416315,81.613945,242.237358,381.893459,0.946399,1278.188399,3.276276,1.400000,
2017-02-16,406.072782,81.022819,237.464045,369.284541,0.949543,1278.527718,3.274688,1.400000,
2017-02-17,407.773621,81.691982,238.915882,371.634971,0.948065,1281.355125,3.284502,1.400000,
2017-02-20,406.584120,81.419819,236.254105,364.482389,0.949445,1282.767806,3.285071,1.400000,
2017-02-21,408.218880,81.563014,237.306552,366.858649,0.947754,1279.190479,3.275734,1.400000,
2017-02-22,418.344185,83.403196,240.200848,368.717715,0.944805,1295.117500,3.258753,1.400000,
2017-02-23,413.906299,82.135797,237.435312,364.393444,0.947190,1285.006414,3.248920,1.400000,
2017-02-24,413.325077,81.986258,234.553592,356.246217,0.947611,1281.146503,3.249036,1.400000,
2017-02-27,410.597186,80.903111,233.098441,354.989037,0.948139,1280.170357,3.234256,1.400000,
2017-02-28,411.178796,80.994902,232.857156,353.878725,0.946432,1282.769726,3.236856,1.400000,
2017-03-01,413.342639,81.693667,235.113480,358.428119,0.941865,1290.733921,3.246262,1.400000,248.808109
2017-03-02,411.191804,81.106006,231.975640,350.931533,0.944491,1284.464744,3.243331,1.400000,
2017-03-03,415.272063,82.237141,233.858201,352.938363,0.942656,1292.222629,3.251779,1.400000,
2017-03-06,420.379559,83.353046,235.180356,353.097808,0.942895,1292.176985,3.253436,1.400000,
2017-03-07,421.404207,83.236719,235.444725,353.836772,0.941008,1291.122947,3.242861,1.400000,
2017-03-08,422.034373,83.278244,237.665060,360.085881,0.935775,1295.367250,3.238746,1.400000,
2017-03-09,421.807393,83.244530,237.944509,360.998291,0.935742,1287.955624,3.239412,1.400000,
2017-03-10,419.030099,82.616106,239.395004,367.378339,0.935124,1285.782759,3.242128,1.400000,
2017-03-13,424.490155,83.790782,241.778128,370.419359,0.931758,1289.824294,3.241752,1.400000,
2017-03-14,423.574217,83.473669,242.335491,372.997517,0.930279,1289.447866,3.236706,1.400000,
2017-03-15,430.962571,85.184401,244.280590,373.034836,0.927262,1289.313464,3.237375,1.400000,
2017-03-16,418.259569,82.370220,241.449678,374.139843,0.929290,1275.924974,3.242506,1.400000,
2017-03-17,421.048933,83.082878,241.333645,371.384451,0.929149,1278.086666,3.244966,1.400000,
2017-03-20,430.122555,84.448164,244.243331,374.661661,0.929151,1279.648655,3.220901,1.400000,
2017-03-21,428.292805,84.017783,244.100924,375.630909,0.931699,1287.935391,3.219842,1.400000,
2017-03-22,425.008297,83.134004,241.953076,371.993452,0.934513,1281.953089,3.217600,1.400000,
2017-03-23,432.305297,84.430905,247.519564,383.871883,0.930962,1286.851392,3.203933,1.400000,
2017-03-24,426.983461,83.113113,243.751912,376.864331,0.934323,1286.232796,3.197293,1.400000,
2017-03-27,429.659775,83.601765,245.112964,379.109710,0.931765,1288.065755,3.193355,1.400000,
2017-03-28,430.889710,83.851504,247.986398,386.871086,0.928218,1276.325951,3.194571,1.400000,
2017-03-29,433.778632,84.583570,252.505915,398.149650,0.922869,1280.422901,3.196806,1.400000,
2017-03-30,437.171510,85.671164,258.481392,413.039747,0.918322,1284.062305,3.206724,1.400000,
2017-03-31,433.961935,85.175554,257.493819,412.006741,0.918249,1280.505287,3.215073,1.400000,
2017-04-03,439.411595,86.535972,262.060803,421.367036,0.911919,1283.144477,3.220656,1.400000,
2017-04-04,440.456555,86.536777,264.252725,427.925479,0.907761,1287.478445,3.213365,1.400000,
2017-04-05,433.449361,85.323039,262.084977,426.068029,0.909882,1287.942710,3.225812,1.400000,
2017-04-06,434.871233,85.569863,265.043865,434.397013,0.906916,1297.240745,3.223700,1.400000,
2017-04-07,438.228619,86.135369,267.365218,439.336060,0.902931,1296.634540,3.219965,1.400000,
2017-04-10,436.765839,85.604556,263.109359,427.505027,0.907745,1294.279955,3.213090,1.400000,
2017-04-11,432.499970,84.932279,260.061025,420.717969,0.909351,1289.316522,3.224356,1.400000,
2017-04-12,430.702139,84.494685,261.206747,425.924777,0.911188,1290.314674,3.225740,1.400000,
2017-04-13,433.577781,84.737017,267.384068,444.243040,0.908061,1288.760392,3.210830,1.400000,
2017-04-14,440.296926,86.373464,269.386698,444.333630,0.904394,1293.169945,3.213549,1.400000,
2017-04-17,436.246210,85.831061,270.903248,451.820985,0.903245,1295.239493,3.226303,1.400000,
2017-04-18,438.779774,86.120057,270.088213,447.599663,0.906945,1291.439956,3.216343,1.400000,
2017-04-19,434.150363,84.637943,265.551430,438.201971,0.910200,1283.467336,3.201007,1.400000,
2017-04-20,436.546639,85.320052,267.936139,443.323134,0.910877,1288.899402,3.205862,1.400000,
2017-04-21,437.101754,85.451770,267.574743,441.591227,0.909500,1285.616457,3.206875,1.400000,
2017-04-24,437.879020,85.575050,267.431209,440.523757,0.908742,1287.463029,3.203979,1.400000,
2017-04-25,432.486785,84.120628,267.707130,446.843691,0.908784,1280.977111,3.196034,1.400000,
2017-04-26,432.318105,84.013259,264.208150,435.799396,0.913189,1275.540062,3.192174,1.400000,
2017-04-27,431.300354,83.678034,262.069008,430.060246,0.915340,1279.981465,3.189862,1.400000,
2017-04-28,429.585230,82.984715,257.098064,416.485745,0.918596,1275.445383,3.179718,1.400000,
2017-05-01,425.237222,82.331578,254.723339,411.822357,0.921092,1273.545879,3.190329,1.400000,250.118538
2017-05-02,416.932591,80.345737,249.630334,403.127028,0.923697,1266.523007,3.186276,1.400000,
2017-05-03,417.381630,80.394522,252.040805,410.451867,0.920469,1265.001960,3.183383,1.400000,
2017-05-04,426.135464,82.087610,253.421747,407.950913,0.920150,1271.066892,3.170636,1.400000,
2017-05-05,430.128879,82.770337,256.250426,413.954662,0.915877,1284.744913,3.162931,1.400000,
2017-05-08,434.293586,83.769252,260.331289,423.070236,0.912884,1284.071437,3.164570,1.400000,
2017-05-09,438.277890,84.928179,264.636877,432.570438,0.912143,1294.858463,3.173818,1.400000,
2017-05-10,434.132798,83.871849,260.914570,424.593805,0.916587,1291.011789,3.171135,1.400000,
2017-05-11,438.441084,84.434618,264.506835,433.299387,0.909490,1298.119516,3.158998,1.400000,
2017-05-12,443.394718,85.436800,269.498951,445.193423,0.906538,1303.078941,3.155585,1.400000,
2017-05-15,444.873330,85.306479,271.535216,451.649297,0.905326,1299.633134,3.137606,1.400000,
2017-05-16,443.349672,84.998730,268.257807,442.272598,0.909634,1294.584152,3.138238,1.400000,
2017-05-17,440.898656,84.471527,267.546630,442.042643,0.910824,1290.017790,3.139830,1.400000,
2017-05-18,438.223134,84.238800,267.921471,444.598670,0.910292,1294.411718,3.153026,1.400000,
2017-05-19,440.516780,84.400765,266.207628,437.924560,0.910838,1294.917239,3.140465,1.400000,
2017-05-22,438.901620,84.447431,265.610487,436.289457,0.913336,1293.266654,3.156730,1.400000,
2017-05-23,443.678193,85.511392,267.063852,436.722171,0.910803,1306.927409,3.155791,1.400000,
2017-05-24,442.631831,85.002640,263.533413,427.071134,0.913311,1298.042473,3.149642,1.400000,
2017-05-25,439.877651,84.760662,257.606409,409.808916,0.922711,1293.905768,3.162879,1.400000,
2017-05-26,443.127867,84.993434,261.913948,421.748947,0.919622,1297.664113,3.147819,1.400000,
2017-05-29,447.040540,85.775701,266.939277,434.478129,0.917057,1299.044654,3.144506,1.400000,
2017-05-30,452.339957,86.558719,269.566487,439.259593,0.913273,1296.624769,3.129715,1.400000,
2017-05-31,453.572453,87.114636,271.405944,443.264120,0.912223,1299.338012,3.139408,1.400000,
2017-06-01,449.377080,86.174879,269.992173,442.342462,0.914015,1290.028879,3.140566,1.400000,249.911648
2017-06-02,447.726032,85.582676,267.574666,436.596115,0.913294,1289.843875,3.133585,1.400000,
2017-06-05,448.928658,85.718461,268.124712,437.601856,0.909867,1294.454091,3.129637,1.400000,
2017-06-06,451.983564,86.287817,272.545819,449.328397,0.899830,1297.549809,3.126071,1.400000,
2017-06-07,448.014838,85.523961,273.966435,457.083899,0.896352,1292.617150,3.129952,1.400000,
2017-06-08,449.536411,85.985273,272.994180,452.175550,0.901745,1286.091974,3.132950,1.400000,
2017-06-09,444.793194,84.851950,267.346222,438.346110,0.911992,1280.368027,3.130412,1.400000,
2017-06-12,446.681761,85.608856,268.673044,439.996337,0.910654,1287.813290,3.142396,1.400000,
2017-06-13,445.217543,85.384663,265.274929,430.132364,0.914540,1290.746632,3.144794,1.400000,
2017-06-14,446.214225,85.513155,266.510102,433.382479,0.913638,1293.522202,3.141367,1.400000,
2017-06-15,443.156262,84.858624,263.539656,426.470482,0.918780,1299.503569,3.140765,1.400000,
2017-06-16,436.957688,84.051013,258.908978,415.620255,0.925475,1294.372954,3.159825,1.400000,
2017-06-19,436.398486,83.979699,254.744619,402.949472,0.929843,1294.151459,3.159963,1.400000,
2017-06-20,440.739549,84.907271,256.840862,405.937748,0.925972,1298.114287,3.156304,1.400000,
2017-06-21,437.946546,84.271551,258.027799,411.888882,0.920675,1296.480921,3.155797,1.400000,
2017-06-22,446.136700,85.972079,257.691799,404.445878,0.924229,1308.171003,3.150965,1.400000,
2017-06-23,446.767087,86.239105,258.755078,406.844006,0.920449,1305.103421,3.152422,1.400000,
2017-06-26,452.021310,87.107948,262.744020,415.573567,0.915785,1305.197523,3.140261,1.400000,
2017-06-27,447.897674,85.994281,262.627982,419.016280,0.916252,1306.048804,3.135431,1.400000,
2017-06-28,447.281576,85.754172,260.849688,414.204551,0.919775,1314.450018,3.134100,1.400000,
2017-06-29,442.415031,84.687431,258.969579,412.272584,0.920074,1305.650270,3.135453,1.400000,
2017-06-30,445.418084,84.950520,261.490413,418.607564,0.914930,1307.741043,3.119343,1.400000,
2017-07-03,446.400778,84.940999,263.373038,424.212830,0.917066,1305.607455,3.114306,1.400000,
2017-07-04,454.248826,86.317080,267.276820,430.770524,0.914122,1314.149671,3.103546,1.400000,
2017-07-05,461.049610,88.021851,270.579595,434.897534,0.912061,1326.446859,3.110592,1.400000,
2017-07-06,457.723681,87.383378,266.906080,425.866907,0.912577,1323.904759,3.115449,1.400000,
2017-07-07,450.680902,85.670368,263.218227,420.509600,0.917179,1312.227560,3.112062,1.400000,
2017-07-10,448.161104,85.033499,262.699301,421.126016,0.913949,1315.511952,3.109347,1.400000,
2017-07-11,448.571710,84.969153,264.241147,425.963760,0.914344,1319.902912,3.104099,1.400000,
2017-07-12,452.732746,86.093054,267.560169,432.330118,0.914729,1324.927543,3.109897,1.400000,
2017-07-13,455.857495,86.685276,270.490267,439.143496,0.911142,1326.503141,3.105473,1.400000,
2017-07-14,459.377486,87.662933,273.197018,444.151054,0.908850,1328.521958,3.112405,1.400000,
2017-07-17,458.555319,87.887237,273.501826,444.706197,0.908044,1330.079802,3.128789,1.400000,
2017-07-18,454.227064,86.841955,274.066615,450.418896,0.908240,1325.880375,3.125953,1.400000,
2017-07-19,451.720202,86.380455,272.465558,447.172020,0.909404,1325.794223,3.129448,1.400000,
2017-07-20,450.536771,86.092907,274.790172,455.711676,0.906979,1326.745660,3.130705,1.400000,
2017-07-21,449.552559,86.189169,278.537232,467.880742,0.904229,1325.340027,3.146128,1.400000,
2017-07-24,451.422062,86.517413,278.471447,466.140747,0.905484,1321.884703,3.144176,1.400000,
2017-07-25,451.381142,86.845161,278.963474,466.794548,0.906227,1320.093877,3.155385,1.400000,
2017-07-26,447.694984,86.275290,277.265625,463.859601,0.907997,1324.566131,3.165988,1.400000,
2017-07-27,449.525180,87.162849,279.193222,467.101425,0.907967,1324.121413,3.184458,1.400000,
2017-07-28,451.300856,87.780764,279.248725,465.006086,0.906218,1336.751498,3.193483,1.400000,
2017-07-31,452.396008,87.732586,280.656817,469.341331,0.905932,1338.883652,3.183704,1.400000,
2017-08-01,459.536852,88.675463,284.099439,475.811659,0.905183,1342.793964,3.164032,1.400000,250.454670
2017-08-02,459.867648,88.893210,285.674430,480.207466,0.904572,1342.421334,3.169034,1.400000,
2017-08-03,459.172520,89.096596,289.239125,491.542234,0.899901,1339.046310,3.181372,1.400000,
2017-08-04,461.834621,89.414614,285.494339,477.475092,0.904805,1344.964522,3.173027,1.400000,
2017-08-07,467.028650,90.466864,290.443623,489.170637,0.903034,1348.159835,3.169274,1.400000,
2017-08-08,471.150340,91.201959,292.673159,493.160882,0.901087,1351.719680,3.163947,1.400000,
2017-08-09,469.681742,90.512957,292.632266,495.333243,0.902951,1349.873514,3.153857,1.400000,
2017-08-10,472.661835,90.900121,291.927781,490.978882,0.903771,1351.333572,3.144363,1.400000,
2017-08-11,469.570172,90.067632,287.702998,480.313683,0.904510,1350.685743,3.141820,1.400000,
2017-08-14,474.213841,91.128759,291.651699,488.860835,0.900435,1364.751772,3.144682,1.400000,
2017-08-15,473.231671,90.779565,292.109170,491.557423,0.898773,1368.818951,3.143012,1.400000,
2017-08-16,481.805414,92.907936,299.249246,506.500746,0.891860,1389.010968,3.149662,1.400000,
2017-08-17,480.165752,92.481489,300.918413,513.677205,0.891353,1375.120178,3.147210,1.400000,
2017-08-18,485.250100,93.495728,308.349245,534.028636,0.887161,1375.417209,3.145292,1.400000,
2017-08-21,483.240074,93.136786,302.946976,517.495701,0.892746,1368.072838,3.150117,1.400000,
2017-08-22,486.807551,93.787941,307.413383,529.402725,0.893043,1364.506815,3.146971,1.400000,
2017-08-23,484.888923,93.347893,310.435649,541.455902,0.891604,1358.246811,3.149432,1.400000,
2017-08-24,490.044048,94.292371,308.696828,531.114858,0.894757,1358.174004,3.143996,1.400000,
2017-08-25,486.383395,93.682995,307.159402,528.788709,0.896588,1359.215393,3.151224,1.400000,
2017-08-28,489.181651,93.902257,308.490281,531.689352,0.895098,1365.173689,3.138192,1.400000,
2017-08-29,485.536846,92.975295,310.701547,543.000776,0.894518,1360.783920,3.136429,1.400000,
2017-08-30,485.645992,92.843019,308.798187,536.820935,0.896754,1362.812160,3.132064,1.400000,
2017-08-31,487.859217,93.583105,306.905158,527.505529,0.899309,1365.216762,3.136111,1.400000,
2017-09-01,481.874464,91.969542,303.664526,523.111317,0.905092,1361.987597,3.130830,1.400000,250.825196
2017-09-04,482.523299,91.940142,303.371803,521.948136,0.909161,1356.544585,3.125289,1.400000,
2017-09-05,482.817740,91.917300,302.445317,518.753821,0.909998,1354.300651,3.124081,1.400000,
2017-09-06,482.824314,91.767755,303.995195,524.325270,0.906195,1349.818392,3.120193,1.400000,
2017-09-07,492.951873,93.457238,307.112580,526.673917,0.898100,1359.221348,3.101754,1.400000,
2017-09-08,491.236884,92.576662,306.195090,526.622563,0.897413,1354.650969,3.089453,1.400000,
2017-09-11,483.573762,91.061104,306.483634,534.418563,0.897098,1350.209079,3.097097,1.400000,
2017-09-12,481.166368,90.631744,309.362315,546.291850,0.893602,1339.982703,3.101695,1.400000,
2017-09-13,491.284510,92.542122,315.106177,556.824829,0.894074,1351.515509,3.089649,1.400000,
2017-09-14,484.600937,90.975591,309.657064,544.998649,0.896280,1340.499754,3.086231,1.400000,
2017-09-15,482.020710,90.268481,307.899270,541.904467,0.900053,1337.254911,3.083974,1.400000,
2017-09-18,479.452659,89.551510,309.908652,551.855125,0.896401,1335.969586,3.079486,1.400000,
2017-09-19,481.028640,90.637974,311.677666,553.979571,0.895175,1341.582375,3.104093,1.400000,
2017-09-20,472.342927,88.835753,311.181147,560.835919,0.897006,1328.085422,3.106510,1.400000,
2017-09-21,469.943734,88.246908,307.568277,550.811702,0.899449,1321.212659,3.105464,1.400000,
2017-09-22,462.851898,86.762549,306.166546,553.037050,0.902758,1317.398319,3.105651,1.400000,
2017-09-25,461.572843,86.587368,307.557713,558.903508,0.902489,1316.645944,3.110747,1.400000,
2017-09-26,466.612389,87.552530,310.516728,564.382280,0.899113,1315.020518,3.107457,1.400000,
2017-09-27,470.097710,88.206688,311.351625,563.908625,0.900836,1311.245306,3.104259,1.400000,
2017-09-28,469.453696,88.226694,308.401714,553.614198,0.903958,1316.078736,3.108951,1.400000,
2017-09-29,476.267235,88.738408,310.401365,556.609025,0.904744,1328.906930,3.076040,1.400000,
2017-10-02,465.118949,86.806788,306.008453,551.153676,0.908842,1321.286096,3.091850,1.400000,
2017-10-03,470.663979,87.660676,304.151543,540.012649,0.914849,1328.710941,3.080810,1.400000,
2017-10-04,464.462217,86.629952,303.930784,544.530845,0.916268,1325.537247,3.092092,1.400000,
2017-10-05,467.230092,87.302200,306.094085,548.927407,0.916491,1330.173959,3.093980,1.400000,
2017-10-06,468.310389,87.485319,308.564612,556.568263,0.915171,1330.465425,3.092314,1.400000,
2017-10-09,472.393076,88.451542,307.185891,547.191324,0.917683,1328.435461,3.095248,1.400000,
2017-10-10,473.219437,88.675546,305.702185,541.004107,0.923477,1320.665720,3.092739,1.400000,
2017-10-11,470.255204,88.729195,304.290174,536.868726,0.921424,1324.531024,3.115244,1.400000,
2017-10-12,473.411069,89.308605,306.714886,542.320573,0.921731,1317.855683,3.112643,1.400000,
2017-10-13,479.395328,90.432904,307.843044,540.704885,0.922470,1319.719637,3.106692,1.400000,
2017-10-16,477.697494,90.447101,306.587957,536.845829,0.926846,1326.084643,3.119380,1.400000,
2017-10-17,475.526636,89.960782,298.382517,511.182903,0.931673,1328.797365,3.120281,1.400000,
2017-10-18,471.919609,89.594966,295.733428,504.452579,0.937105,1326.046662,3.134995,1.400000,
2017-10-19,471.301035,89.308377,295.277886,503.893133,0.936809,1332.031775,3.131593,1.400000,
2017-10-20,472.747163,89.786110,293.990473,497.748479,0.937429,1329.897843,3.138308,1.400000,
2017-10-23,472.346033,89.953451,298.293869,511.634369,0.931962,1338.252659,3.147222,1.400000,
2017-10-24,460.302170,87.648144,294.239813,508.526697,0.932180,1334.326967,3.159328,1.400000,
2017-10-25,464.368943,88.226788,296.503827,513.090416,0.930243,1336.061283,3.151101,1.400000,
2017-10-26,462.873763,87.995691,296.060543,512.693867,0.930360,1340.926660,3.153565,1.400000,
2017-10-27,454.064614,86.138282,294.033532,514.199745,0.931844,1333.397592,3.157269,1.400000,
2017-10-30,457.239130,86.497797,299.398067,530.400983,0.925937,1338.792794,3.144199,1.400000,
2017-10-31,452.331946,85.945763,303.571349,548.339714,0.923766,1335.050522,3.162035,1.400000,
2017-11-01,455.095321,86.472281,304.404087,548.525955,0.921615,1331.799651,3.159616,1.400000,252.261219
2017-11-02,450.337250,85.377767,301.254106,542.597736,0.922505,1322.788911,3.156941,1.400000,
2017-11-03,439.078556,83.506717,293.371127,524.862600,0.930964,1314.956796,3.178732,1.400000,
2017-11-06,437.206656,83.166964,289.810789,514.144836,0.931406,1309.936254,3.182427,1.400000,
2017-11-07,436.344674,83.249721,291.241537,519.071848,0.930982,1309.972775,3.192339,1.400000,
2017-11-08,437.606896,83.640474,294.244968,527.792559,0.926586,1313.155324,3.197813,1.400000,
2017-11-09,434.320965,82.918620,289.122803,513.333124,0.931820,1314.505257,3.200442,1.400000,
2017-11-10,430.923364,81.722478,287.214114,511.625994,0.934926,1303.925600,3.184281,1.400000,
2017-11-13,431.680384,81.959543,289.401381,518.158683,0.931525,1299.673644,3.184680,1.400000,
2017-11-14,429.942997,82.059715,287.941704,513.276644,0.936037,1300.739773,3.202144,1.400000,
2017-11-15,424.030813,80.531718,283.558439,504.911225,0.938053,1293.659659,3.199143,1.400000,
2017-11-16,420.980860,80.157642,285.142908,512.647368,0.935107,1298.865324,3.210748,1.400000,
2017-11-17,419.821818,79.917338,281.040382,499.455539,0.937863,1294.167339,3.211113,1.400000,
2017-11-20,420.243853,80.156828,285.880257,515.369849,0.932640,1300.533235,3.214891,1.400000,
2017-11-21,425.273825,81.317962,289.109528,521.068516,0.929727,1300.550458,3.215909,1.400000,
2017-11-22,429.191448,82.081237,294.909262,537.585454,0.925441,1304.777855,3.210163,1.400000,
2017-11-23,430.523070,82.234331,293.660608,532.105073,0.924992,1300.275330,3.205157,1.400000,
2017-11-24,430.316892,82.099075,296.490015,542.620488,0.921589,1297.141361,3.204032,1.400000,
2017-11-27,423.192141,80.937268,293.913557,539.885129,0.922035,1283.717962,3.220049,1.400000,
2017-11-28,419.003271,80.457590,292.905905,539.385493,0.920089,1281.120299,3.237285,1.400000,
2017-11-29,416.639756,79.927807,291.025593,535.260760,0.918806,1287.211101,3.236847,1.400000,
2017-11-30,418.555706,80.395617,289.747595,528.334776,0.920479,1291.361836,3.239454,1.400000,
2017-12-01,421.649965,80.841585,292.555121,535.645091,0.917664,1293.501381,3.229649,1.400000,253.032686
2017-12-04,418.704926,80.321805,290.427840,530.822559,0.920370,1284.231684,3.232756,1.400000,
2017-12-05,415.113576,79.533371,286.583885,521.047101,0.921797,1278.268151,3.233239,1.400000,
2017-12-06,412.208321,78.578680,280.943892,505.299234,0.925684,1270.050911,3.226288,1.400000,
2017-12-07,413.230033,78.677589,282.131731,508.723535,0.924561,1270.014517,3.222198,1.400000,
2017-12-08,412.094146,78.894079,281.440913,505.915781,0.925705,1283.565160,3.238961,1.400000,
2017-12-11,414.446483,79.241432,285.220522,517.179364,0.924385,1289.794004,3.232773,1.400000,
2017-12-12,416.249970,79.772035,286.809453,520.313972,0.924984,1289.354324,3.239213,1.400000,
2017-12-13,417.663541,79.630048,289.610563,530.181713,0.922445,1286.331158,3.220601,1.400000,
2017-12-14,415.799001,79.224471,286.692002,521.775243,0.923897,1278.563222,3.219330,1.400000,
2017-12-15,418.429540,79.455733,288.429577,526.158174,0.923240,1279.146204,3.206172,1.400000,
2017-12-18,418.219078,79.521251,289.602165,530.125595,0.926136,1273.157863,3.212161,1.400000,
2017-12-19,416.614300,79.386902,288.570645,527.419105,0.927809,1268.737540,3.227126,1.400000,
2017-12-20,412.921741,78.856738,285.418806,519.274292,0.928917,1270.213437,3.235399,1.400000,
2017-12-21,412.861738,78.592098,285.913332,521.889698,0.931760,1265.188608,3.225387,1.400000,
2017-12-22,409.019608,77.664265,286.042983,526.892170,0.930627,1263.516146,3.222499,1.400000,
2017-12-25,412.634513,78.226597,283.413431,514.207513,0.935814,1266.663731,3.211613,1.400000,
2017-12-26,411.298076,78.197308,286.371872,525.255405,0.931663,1265.200411,3.221581,1.400000,
2017-12-27,413.974340,78.703804,284.407993,515.511506,0.931130,1267.777931,3.219322,1.400000,
2017-12-28,410.672821,78.015343,285.546924,523.030671,0.931502,1261.902722,3.221845,1.400000,
2017-12-29,412.866510,78.361931,284.440812,517.050676,0.935266,1267.810012,3.218638,1.400000,
2018-01-01,416.926407,79.402889,287.837825,524.056053,0.932183,1281.312648,3.223942,1.400000,252.955478
2018-01-02,414.836973,78.795791,288.850575,530.441983,0.930407,1273.342574,3.219763,1.400000,
2018-01-03,413.468682,78.627719,288.796630,531.266673,0.929888,1266.659230,3.225558,1.400000,
2018-01-04,415.646196,78.886007,292.091363,541.361268,0.927656,1270.866554,3.215311,1.400000,
2018-01-05,418.418624,79.110663,286.229264,518.553098,0.937639,1272.093008,3.201031,1.400000,
2018-01-08,419.373866,79.569776,291.477103,535.253776,0.934101,1276.910987,3.209854,1.400000,
2018-01-09,419.684870,79.284291,294.699843,547.689731,0.932575,1271.115696,3.197247,1.400000,
2018-01-10,421.196164,79.834846,296.820672,552.796790,0.932580,1269.135699,3.202488,1.400000,
2018-01-11,413.850205,78.161521,297.209937,563.036811,0.931357,1258.674000,3.200132,1.400000,
2018-01-12,412.994217,77.591474,297.710992,567.286101,0.928473,1254.195129,3.184461,1.400000,
2018-01-15,417.982884,78.849523,298.050936,561.866184,0.929348,1259.237018,3.189772,1.400000,
2018-01-16,418.176397,78.750962,297.898694,561.523488,0.923319,1261.176155,3.186894,1.400000,
2018-01-17,418.155708,78.968665,298.273504,562.042325,0.924021,1258.589572,3.196667,1.400000,
2018-01-18,405.234590,76.813553,287.929159,536.883436,0.937163,1246.345765,3.223034,1.400000,
2018-01-19,404.629034,76.911860,288.309714,538.077984,0.940320,1251.906787,3.231412,1.400000,
2018-01-22,407.893782,77.668101,295.142839,559.059876,0.934977,1255.904848,3.234725,1.400000,
2018-01-23,403.475160,76.555644,293.481070,558.719208,0.939874,1256.495403,3.230503,1.400000,
2018-01-24,399.573055,75.768467,291.678081,556.457630,0.943821,1254.117521,3.234898,1.400000,
2018-01-25,398.988573,75.914457,295.006010,568.517243,0.943007,1250.943461,3.244974,1.400000,
2018-01-26,404.418673,77.224707,304.771960,598.120129,0.936028,1254.277402,3.250642,1.400000,
2018-01-29,401.068442,76.535909,303.737823,598.256775,0.933285,1255.775258,3.253521,1.400000,
2018-01-30,398.311362,75.888947,299.133990,584.309690,0.935799,1251.162154,3.254484,1.400000,
2018-01-31,398.555816,75.927082,299.549556,585.567843,0.935669,1241.938633,3.254716,1.400000,
2018-02-01,398.752842,75.611220,299.821731,587.709473,0.936914,1239.893476,3.236886,1.400000,253.252692
2018-02-02,402.592194,76.419260,306.426112,608.147730,0.928827,1239.463179,3.236011,1.400000,
2018-02-05,402.180741,75.983187,302.700732,595.654979,0.932252,1241.735943,3.221060,1.400000,
2018-02-06,399.132921,75.394440,302.775881,599.559866,0.933375,1237.556075,3.225293,1.400000,
2018-02-07,406.437980,76.918195,305.054800,598.981159,0.930318,1245.758484,3.222771,1.400000,
2018-02-08,401.594673,75.655709,299.545158,584.922468,0.938606,1243.171918,3.216261,1.400000,
2018-02-09,403.995359,76.358409,299.716080,581.732272,0.938163,1249.902012,3.221232,1.400000,
2018-02-12,402.511023,76.084199,302.192265,592.791285,0.934185,1257.006976,3.223038,1.400000,
2018-02-13,403.903930,76.682378,306.138329,604.872548,0.930692,1257.548848,3.235661,1.400000,
2018-02-14,404.362582,76.696682,304.649174,598.818676,0.933328,1254.903228,3.233007,1.400000,
2018-02-15,403.447628,76.602559,305.524079,602.874460,0.931283,1252.396056,3.239115,1.400000,
2018-02-16,406.590903,77.449354,308.403400,609.120286,0.931812,1251.908959,3.246201,1.400000,
2018-02-19,404.051997,76.946265,305.339618,600.373519,0.935148,1248.403038,3.249278,1.400000,
2018-02-20,407.094041,77.512151,308.753467,609.848584,0.929786,1248.840486,3.246478,1.400000,
2018-02-21,414.136418,79.111083,312.287314,613.935987,0.926644,1255.895680,3.248497,1.400000,
2018-02-22,417.451684,79.334157,312.873628,613.818963,0.926510,1264.233817,3.229918,1.400000,
2018-02-23,416.296350,79.000937,310.312086,605.764771,0.925792,1263.277158,3.226023,1.400000,
2018-02-26,411.613632,78.181663,307.058712,598.481830,0.928678,1257.013838,3.232352,1.400000,
2018-02-27,414.493865,78.696209,307.768764,597.893514,0.927490,1252.749902,3.228757,1.400000,
2018-02-28,413.766914,78.320651,306.374239,594.302855,0.930712,1260.031026,3.221578,1.400000,
2018-03-01,408.699816,77.793988,301.422801,579.672642,0.937966,1257.741437,3.244108,1.400000,253.708016
2018-03-02,408.945691,77.580040,298.301218,568.653540,0.939433,1263.205442,3.234236,1.400000,
2018-03-05,409.033515,77.679506,296.964422,563.215903,0.937535,1271.477886,3.236089,1.400000,
2018-03-06,406.437857,77.843649,294.280213,553.662460,0.942677,1272.530997,3.264611,1.400000,
2018-03-07,412.541283,79.020561,297.171028,557.536877,0.937850,1274.161207,3.257966,1.400000,
2018-03-08,413.370203,79.473896,297.999407,558.536721,0.938817,1278.543677,3.271348,1.400000,
2018-03-09,415.654676,79.720114,300.190509,564.717048,0.936147,1281.793358,3.262890,1.400000,
2018-03-12,423.751963,81.380303,303.868712,568.982839,0.933589,1289.987632,3.256701,1.400000,
2018-03-13,419.790943,80.539940,300.984729,562.921789,0.937350,1283.124124,3.258258,1.400000,
2018-03-14,418.277707,80.282371,302.104666,568.466588,0.932802,1278.394127,3.260876,1.400000,
2018-03-15,413.957587,79.375491,297.649084,557.039201,0.938117,1276.930908,3.262106,1.400000,
2018-03-16,417.376390,79.913193,295.128828,544.624950,0.936894,1283.987032,3.253611,1.400000,
2018-03-19,416.604094,79.736846,295.183294,545.661385,0.937002,1289.587949,3.254343,1.400000,
2018-03-20,424.659115,81.575270,302.386088,562.122440,0.930766,1295.758871,3.254249,1.400000,
2018-03-21,428.889638,82.314381,305.147778,567.853724,0.927307,1299.518466,3.248151,1.400000,
2018-03-22,432.173736,82.505872,306.328102,570.149099,0.924901,1306.510826,3.228753,1.400000,
2018-03-23,427.989968,81.818217,304.093129,565.986022,0.927206,1316.034417,3.240224,1.400000,
2018-03-26,432.612071,82.618550,309.338592,580.413182,0.924559,1325.171135,3.231676,1.400000,
2018-03-27,434.397265,82.851766,309.015437,577.639646,0.925176,1320.566409,3.224505,1.400000,
2018-03-28,435.439833,82.986681,310.237343,581.147477,0.923726,1322.715537,3.220703,1.400000,
2018-03-29,434.253078,82.437145,310.834710,585.713435,0.924430,1323.273863,3.210125,1.400000,
2018-03-30,430.605863,82.024167,308.682544,580.646633,0.924425,1323.755215,3.225182,1.400000,
2018-04-02,435.918730,83.233038,308.323609,572.904899,0.928556,1331.029430,3.228307,1.400000,
2018-04-03,433.429680,82.753391,304.297818,560.909220,0.934026,1337.256099,3.230508,1.400000,
2018-04-04,439.252608,84.158889,306.401041,561.381137,0.934368,1340.106194,3.235283,1.400000,
2018-04-05,437.322507,83.527427,308.053455,570.151545,0.932289,1334.006814,3.228414,1.400000,
2018-04-06,437.467832,83.193726,304.537016,558.547990,0.934967,1324.647875,3.212763,1.400000,
2018-04-09,435.813981,83.029687,304.682173,560.171770,0.935878,1319.256663,3.221203,1.400000,
2018-04-10,429.876572,81.993096,301.491763,554.441038,0.938895,1320.199391,3.233531,1.400000,
2018-04-11,431.979044,82.995033,301.214454,549.165624,0.942664,1328.961945,3.254159,1.400000,
2018-04-12,438.594736,84.739441,311.042669,575.871473,0.933717,1335.351951,3.262079,1.400000,
2018-04-13,429.918831,82.737056,306.059642,568.076066,0.937586,1329.023335,3.262661,1.400000,
2018-04-16,425.896102,82.091603,305.237697,568.839303,0.939092,1321.870831,3.272285,1.400000,
2018-04-17,429.360236,82.573173,305.361436,566.196822,0.940821,1326.874041,3.262518,1.400000,
2018-04-18,424.942562,81.476299,302.870493,562.655838,0.938472,1317.740233,3.260756,1.400000,
2018-04-19,426.021490,82.086754,309.644514,584.724378,0.928888,1320.278767,3.274805,1.400000,
2018-04-20,432.056471,83.260190,309.844207,578.798971,0.931774,1321.997445,3.267027,1.400000,
2018-04-23,434.156785,83.471393,309.791736,576.982524,0.933768,1320.479333,3.256664,1.400000,
2018-04-24,431.555067,82.569154,306.071663,567.602781,0.938640,1316.599519,3.242497,1.400000,
2018-04-25,436.957218,83.297487,312.309922,585.575863,0.934878,1322.060741,3.222729,1.400000,
2018-04-26,432.422480,82.323361,309.348612,579.933017,0.939146,1321.338115,3.224166,1.400000,
2018-04-27,436.833663,83.378310,317.382460,603.874521,0.932252,1325.527997,3.227210,1.400000,
2018-04-30,448.217034,85.748288,327.328113,627.461904,0.925802,1339.446869,3.222176,1.400000,
2018-05-01,444.337621,84.980312,327.472922,632.406560,0.922198,1332.265872,3.226162,1.400000,254.813020
2018-05-02,441.321811,84.035930,321.536942,614.868277,0.929343,1336.677913,3.217237,1.400000,
2018-05-03,435.148633,83.368500,313.750705,590.859438,0.936311,1340.369843,3.243535,1.400000,
2018-05-04,433.358629,82.992356,309.794006,578.358644,0.944035,1341.361519,3.245456,1.400000,
2018-05-07,431.563540,82.704089,308.618012,575.721733,0.948954,1335.615706,3.250618,1.400000,
2018-05-08,425.829077,81.461128,305.327899,570.319778,0.952673,1326.366243,3.252037,1.400000,
2018-05-09,427.813367,81.738561,308.853735,581.376794,0.948450,1329.343148,3.247452,1.400000,
2018-05-10,425.056919,81.040412,306.112159,574.865374,0.948761,1330.882538,3.243105,1.400000,
2018-05-11,421.186430,80.635168,304.595758,572.214381,0.949892,1323.108772,3.258684,1.400000,
2018-05-14,416.614914,79.488437,302.199304,569.331003,0.953851,1324.692288,3.254908,1.400000,
2018-05-15,414.635975,79.074294,302.074023,571.106511,0.952579,1325.412021,3.258219,1.400000,
2018-05-16,415.004844,79.313913,303.903071,576.756543,0.952801,1322.834419,3.262120,1.400000,
2018-05-17,415.979574,79.300661,302.353040,570.626101,0.958161,1321.854141,3.251042,1.400000,
2018-05-18,412.860472,78.909019,301.745704,570.996675,0.957821,1324.403449,3.260960,1.400000,
2018-05-21,414.605369,78.907267,304.003059,578.598196,0.956120,1322.412245,3.246143,1.400000,
2018-05-22,418.891482,79.830979,306.062591,580.990381,0.951388,1324.987983,3.245393,1.400000,
2018-05-23,417.337338,80.012088,308.829392,591.147944,0.946355,1324.850012,3.264704,1.400000,
2018-05-24,410.502978,78.549884,304.901142,584.740000,0.950929,1324.155266,3.269420,1.400000,
2018-05-25,415.356186,79.585625,304.549118,577.491446,0.952857,1325.600248,3.266555,1.400000,
2018-05-28,413.532213,79.449121,303.063680,573.162585,0.956486,1323.666100,3.277316,1.400000,
2018-05-29,412.176695,78.995953,301.023121,567.785136,0.956992,1324.869409,3.269882,1.400000,
2018-05-30,413.490121,79.023722,300.941374,566.795805,0.957147,1327.340820,3.261227,1.400000,
2018-05-31,410.250270,78.449920,296.876134,555.202549,0.964627,1325.892412,3.267924,1.400000,
2018-06-01,413.295613,79.065799,300.706473,565.713469,0.959508,1334.542455,3.265407,1.400000,255.223083
2018-06-04,406.603101,77.560322,298.498969,565.742183,0.960729,1330.410668,3.266267,1.400000,
2018-06-05,408.457981,78.023809,295.490991,552.187312,0.963316,1332.589223,3.269059,1.400000,
2018-06-06,412.669825,78.926666,299.416854,561.531458,0.962168,1340.203092,3.269940,1.400000,
2018-06-07,412.675454,78.992233,302.399728,572.180795,0.959795,1347.677141,3.271693,1.400000,
2018-06-08,409.017544,78.464952,297.725298,558.314365,0.961819,1346.512715,3.283367,1.400000,
2018-06-11,407.875007,78.327774,296.214361,553.670434,0.962208,1345.888388,3.285591,1.400000,
2018-06-12,404.990634,77.694278,293.247194,546.211243,0.966045,1344.742020,3.283844,1.400000,
2018-06-13,404.884948,77.744661,296.108353,556.444903,0.961843,1346.752518,3.284519,1.400000,
2018-06-14,408.760440,78.765935,301.201676,569.801072,0.954940,1352.762338,3.294378,1.400000,
2018-06-15,408.182891,78.962590,304.957258,583.160989,0.953127,1352.677702,3.303776,1.400000,
2018-06-18,414.181331,80.037469,312.134021,603.414512,0.953597,1357.398170,3.291074,1.400000,
2018-06-19,415.104922,79.836908,310.426445,597.306492,0.952887,1364.474915,3.276727,1.400000,
2018-06-20,417.539145,80.649839,311.404831,596.789966,0.949472,1372.487419,3.284820,1.400000,
2018-06-21,415.523252,80.326100,312.650972,603.463195,0.947776,1367.559093,3.290873,1.400000,
2018-06-22,409.196242,78.569465,308.317565,596.502521,0.955145,1360.355928,3.281104,1.400000,
2018-06-25,411.484861,78.731496,311.350603,606.319583,0.950407,1361.887905,3.267472,1.400000,
2018-06-26,408.041286,77.763205,306.869215,594.523314,0.949080,1355.219399,3.261506,1.400000,
2018-06-27,406.412990,77.056308,302.385521,581.002474,0.952703,1339.687950,3.248409,1.400000,
2018-06-28,409.221414,77.492347,305.522450,589.867905,0.950733,1344.167116,3.240210,1.400000,
2018-06-29,409.550516,77.428945,300.134313,569.778267,0.960425,1344.967855,3.234955,1.400000,
2018-07-02,402.784236,75.949926,296.640731,565.073930,0.963594,1338.939739,3.234801,1.400000,
2018-07-03,399.433764,75.040027,292.321492,553.796961,0.965270,1335.920605,3.231544,1.400000,
2018-07-04,394.935497,73.942670,291.804676,557.818508,0.967402,1330.935439,3.224674,1.400000,
2018-07-05,391.731892,73.014523,286.344055,542.329348,0.969639,1325.322410,3.216010,1.400000,
2018-07-06,392.867726,73.182718,284.079797,532.854322,0.974206,1328.296402,3.214915,1.400000,
2018-07-09,393.555820,72.954010,289.355512,552.878274,0.971835,1329.468756,3.199802,1.400000,
2018-07-10,393.780931,72.790314,288.576954,550.456766,0.971662,1332.452321,3.193226,1.400000,
2018-07-11,386.855129,71.738174,281.448477,530.796007,0.977790,1328.123268,3.210835,1.400000,
2018-07-12,393.913154,73.518504,287.997961,545.316166,0.971549,1336.584085,3.220868,1.400000,
2018-07-13,399.012973,74.583759,289.918236,546.281513,0.971455,1344.069543,3.219599,1.400000,
2018-07-16,398.688562,74.991527,294.095885,560.233899,0.967006,1348.548117,3.237032,1.400000,
2018-07-17,401.975233,75.410111,296.070409,564.577758,0.964981,1351.605672,3.223883,1.400000,
2018-07-18,399.142020,74.764727,295.728094,566.874605,0.964099,1345.425649,3.222116,1.400000,
2018-07-19,395.799052,74.096134,293.585948,562.759068,0.965011,1347.373441,3.224198,1.400000,
2018-07-20,395.967614,73.988673,294.718019,567.284879,0.964925,1359.825402,3.219240,1.400000,
2018-07-23,398.745754,74.476010,299.683763,582.870928,0.959289,1363.595869,3.215940,1.400000,
2018-07-24,396.446772,73.939897,295.173037,568.850120,0.965269,1365.000887,3.214244,1.400000,
2018-07-25,394.475837,73.442318,290.760915,555.019541,0.967905,1362.421317,3.212780,1.400000,
2018-07-26,390.529778,72.249503,290.513772,560.323408,0.969102,1351.891719,3.200471,1.400000,
2018-07-27,393.481567,72.562819,289.215023,552.951544,0.969529,1356.520931,3.185645,1.400000,
2018-07-30,394.079609,72.982314,292.146231,561.956075,0.968345,1355.527020,3.196620,1.400000,
2018-07-31,393.865989,72.795288,292.825358,565.270642,0.970439,1359.506175,3.192383,1.400000,
2018-08-01,388.161809,71.662725,284.889917,542.292942,0.976803,1353.959311,3.195918,1.400000,256.749772
2018-08-02,388.990009,71.904425,280.542535,524.967611,0.982809,1365.680853,3.199844,1.400000,
2018-08-03,389.400710,72.077998,279.383188,519.876184,0.982257,1366.405023,3.205694,1.400000,
2018-08-06,387.508317,71.514118,278.177232,518.249644,0.984118,1360.153792,3.199255,1.400000,
2018-08-07,385.643785,71.306135,280.970184,529.907148,0.982240,1366.034454,3.208932,1.400000,
2018-08-08,390.224823,72.062943,281.630517,527.608236,0.982299,1374.330042,3.199668,1.400000,
2018-08-09,392.223114,72.317753,283.402506,532.292660,0.982083,1367.144837,3.191634,1.400000,
2018-08-10,400.611739,73.873154,288.241992,540.836444,0.978208,1383.756268,3.181045,1.400000,
2018-08-13,401.558787,74.113776,287.942451,538.408084,0.983633,1382.177300,3.181720,1.400000,
2018-08-14,392.600412,72.398999,288.733110,551.327385,0.980781,1377.063851,3.190761,1.400000,
2018-08-15,394.618114,72.746327,282.045226,524.555382,0.988655,1374.754836,3.189268,1.400000,
2018-08-16,387.128821,71.275556,279.025786,521.862834,0.994127,1362.664915,3.196313,1.400000,
2018-08-17,380.292459,69.994841,271.533028,501.991707,1.002218,1359.934882,3.205830,1.400000,
2018-08-20,374.523675,69.099358,272.827163,512.205836,1.000771,1351.346351,3.220537,1.400000,
2018-08-21,374.475918,69.188507,275.448806,521.461671,0.998752,1350.861880,3.226287,1.400000,
2018-08-22,374.564652,69.248091,274.381268,517.197205,1.006308,1356.887801,3.228524,1.400000,
2018-08-23,374.037719,68.963143,272.697664,512.250296,1.009408,1357.191246,3.220677,1.400000,
2018-08-24,375.373931,69.091166,272.790355,511.516322,1.007296,1359.374323,3.211281,1.400000,
2018-08-27,369.512527,67.629811,269.295095,506.530388,1.011288,1350.323305,3.202838,1.400000,
2018-08-28,365.709545,66.810480,269.401868,511.556628,1.011940,1347.345396,3.204056,1.400000,
2018-08-29,376.255560,68.921867,276.000170,523.440590,1.005872,1353.544996,3.198557,1.400000,
2018-08-30,372.084652,67.989506,276.705910,531.377243,1.007022,1355.783253,3.197865,1.400000,
2018-08-31,373.342935,68.348350,275.534899,525.001455,1.012337,1361.921418,3.199174,1.400000,
2018-09-03,375.274605,68.338861,276.144052,526.463868,1.011941,1362.430375,3.182388,1.400000,
2018-09-04,376.775820,68.477875,276.419766,526.272882,1.010921,1357.339731,3.175921,1.400000,
2018-09-05,372.351785,67.349098,272.495920,517.868978,1.018119,1347.361957,3.170229,1.400000,
2018-09-06,366.771393,66.441715,269.703395,513.263654,1.018434,1343.094976,3.185183,1.400000,
2018-09-07,362.493650,65.797651,267.689959,509.997638,1.024673,1343.502702,3.196781,1.400000,
2018-09-10,363.515312,66.041695,270.698940,519.768804,1.020399,1343.618987,3.197693,1.400000,
2018-09-11,364.910916,66.272925,268.732476,510.883358,1.022844,1347.997288,3.195794,1.400000,
2018-09-12,365.754159,65.711622,270.107266,517.851613,1.020722,1345.096625,3.165256,1.400000,
2018-09-13,365.814908,65.602968,268.458647,512.050000,1.020822,1339.023005,3.159631,1.400000,
2018-09-14,367.158391,65.917066,270.474027,517.695709,1.022005,1346.613435,3.159639,1.400000,
2018-09-17,362.789492,65.005111,265.363656,504.026785,1.026562,1341.198254,3.160168,1.400000,
2018-09-18,367.757008,66.376017,268.564471,508.406205,1.024448,1348.665025,3.172676,1.400000,
2018-09-19,370.155606,66.908316,270.657740,513.033137,1.019164,1351.316450,3.175859,1.400000,
2018-09-20,373.396382,67.590756,273.967849,521.247420,1.015489,1354.147790,3.177812,1.400000,
2018-09-21,375.011971,68.027219,272.420676,513.118232,1.017862,1354.589573,3.184104,1.400000,
2018-09-24,374.947615,68.248462,272.174640,511.321287,1.019709,1356.163611,3.195557,1.400000,
2018-09-25,374.893498,68.317486,272.239097,511.249288,1.019901,1346.215328,3.199814,1.400000,
2018-09-26,377.519151,68.970052,271.476100,504.906531,1.022858,1354.713711,3.203932,1.400000,
2018-09-27,382.779307,69.714684,271.509950,500.203911,1.023056,1357.151178,3.189198,1.400000,
2018-09-28,382.677445,69.342422,269.708136,495.084931,1.027119,1354.213518,3.178489,1.400000,
2018-10-01,380.693662,68.913337,268.765846,493.959492,1.027300,1350.470270,3.175238,1.400000,257.733325
2018-10-02,376.834326,68.176596,267.813272,494.645184,1.026827,1344.914116,3.179369,1.400000,
2018-10-03,376.325617,68.026464,269.184355,500.296112,1.023676,1347.703865,3.178774,1.400000,
2018-10-04,373.639722,67.167006,266.815642,495.920572,1.027009,1340.667577,3.165557,1.400000,
2018-10-05,378.397514,68.250540,270.357387,502.791740,1.024582,1352.956768,3.167691,1.400000,
2018-10-08,375.113787,67.795569,267.512217,495.386943,1.031095,1349.778407,3.176497,1.400000,
2018-10-09,375.161024,68.070699,267.223898,493.238045,1.032032,1352.460631,3.189124,1.400000,
2018-10-10,379.454826,69.044776,273.050537,508.973780,1.025209,1356.415932,3.191984,1.400000,
2018-10-11,379.244114,69.272487,276.228150,519.732220,1.021049,1347.226149,3.204410,1.400000,
2018-10-12,381.715978,69.551111,278.946082,527.618697,1.022522,1347.492776,3.193747,1.400000,
2018-10-15,384.371181,70.042198,280.028240,528.585939,1.021624,1347.898211,3.192991,1.400000,
2018-10-16,386.021447,70.291950,282.351513,535.471735,1.017926,1356.084772,3.189530,1.400000,
2018-10-17,384.294790,70.063436,283.163901,540.008842,1.018475,1358.220512,3.193588,1.400000,
2018-10-18,386.068400,70.259862,279.642978,525.469310,1.026223,1363.996858,3.188643,1.400000,
2018-10-19,387.978724,70.481481,277.640495,516.520449,1.030395,1367.569076,3.181664,1.400000,
2018-10-22,387.083314,70.328967,279.591723,524.491881,1.030461,1354.381045,3.183943,1.400000,
2018-10-23,386.624397,69.793352,277.320981,518.357288,1.032338,1360.394781,3.167758,1.400000,
2018-10-24,382.666750,68.920095,275.043427,514.844565,1.034325,1351.074624,3.166993,1.400000,
2018-10-25,383.472178,68.807887,279.723826,532.137832,1.028976,1352.526465,3.156840,1.400000,
2018-10-26,378.790581,67.631676,274.034625,517.526828,1.031468,1341.966459,3.151288,1.400000,
2018-10-29,381.639476,68.094757,271.738176,506.166856,1.035579,1341.124593,3.146524,1.400000,
2018-10-30,380.546893,68.006860,271.224838,504.988724,1.033818,1343.860935,3.153623,1.400000,
2018-10-31,378.353556,67.454851,267.443383,494.160062,1.038341,1331.977321,3.151318,1.400000,
2018-11-01,375.220166,66.925066,266.441664,493.658781,1.041118,1330.870174,3.159588,1.400000,257.896592
2018-11-02,376.497242,67.170013,266.298741,491.677808,1.038905,1341.687069,3.158877,1.400000,
2018-11-05,382.239197,68.164709,269.446348,497.075681,1.033847,1349.118603,3.153601,1.400000,
2018-11-06,382.075490,68.267151,267.893692,491.121678,1.036781,1344.369247,3.158915,1.400000,
2018-11-07,374.332000,66.869224,261.028913,474.569000,1.041907,1337.843434,3.172075,1.400000,
2018-11-08,375.465239,67.113531,265.048039,487.533005,1.040263,1341.052044,3.172547,1.400000,
2018-11-09,379.417674,67.771381,265.885946,486.571467,1.045434,1347.451317,3.164584,1.400000,
2018-11-12,381.643840,68.405526,268.114241,491.313465,1.043857,1354.660007,3.171883,1.400000,
2018-11-13,382.900103,68.732980,268.438530,490.743544,1.041765,1358.368800,3.176167,1.400000,
2018-11-14,379.650598,67.936829,261.870553,471.486187,1.049079,1351.203608,3.169920,1.400000,
2018-11-15,374.958094,67.117685,255.150302,452.519649,1.056528,1348.505147,3.175256,1.400000,
2018-11-16,374.448822,66.972657,254.316748,450.258979,1.059812,1348.914966,3.175232,1.400000,
2018-11-19,372.005139,66.399941,254.455272,453.524360,1.060139,1344.978233,3.175059,1.400000,
2018-11-20,378.099097,67.494628,254.069113,446.263195,1.062454,1345.841234,3.166527,1.400000,
2018-11-21,382.370707,68.359358,258.927775,458.513204,1.061167,1346.608953,3.166197,1.400000,
2018-11-22,383.069881,68.815061,261.107610,464.185260,1.055948,1342.500699,3.177700,1.400000,
2018-11-23,384.446524,68.979634,265.909268,479.844559,1.054680,1337.023363,3.172370,1.400000,
2018-11-26,384.319268,68.949104,270.575148,496.508787,1.048193,1330.001467,3.174965,1.400000,
2018-11-27,386.087750,69.105287,273.224361,504.724671,1.044678,1326.690643,3.167545,1.400000,
2018-11-28,385.609383,69.326593,273.687434,505.679415,1.043226,1318.248454,3.178928,1.400000,
2018-11-29,388.413588,70.079159,275.642587,508.794888,1.045877,1323.932639,3.186424,1.400000,
2018-11-30,394.092901,71.063367,275.675574,503.122623,1.048298,1324.778331,3.178627,1.400000,
2018-12-03,393.486927,70.793069,277.814520,511.931215,1.048085,1317.903420,3.171400,1.400000,
2018-12-04,395.561346,71.379142,277.423179,507.538703,1.048127,1315.327641,3.177746,1.400000,
2018-12-05,393.495944,70.932342,279.370208,516.884954,1.044234,1312.144326,3.177579,1.400000,
2018-12-06,389.550547,70.124789,279.258104,520.964093,1.046598,1310.867623,3.179378,1.400000,
2018-12-07,392.680497,70.751055,282.388444,528.714244,1.044709,1315.937047,3.178815,1.400000,
2018-12-10,393.072212,70.382681,281.483263,526.609464,1.040291,1304.005485,3.160464,1.400000,
2018-12-11,391.473782,70.129418,279.933060,522.475290,1.046159,1302.929348,3.163683,1.400000,
2018-12-12,392.873985,70.343729,280.359988,522.611103,1.047625,1302.275651,3.160910,1.400000,
2018-12-13,386.264812,68.889636,277.521813,520.323196,1.050640,1300.120944,3.155666,1.400000,
2018-12-14,384.234187,68.396234,273.011804,506.517577,1.056611,1294.928762,3.151672,1.400000,
2018-12-17,386.044608,68.770701,272.047370,500.886016,1.058973,1298.611361,3.152035,1.400000,
2018-12-18,385.996831,68.822159,277.112879,518.999299,1.053152,1297.373072,3.153929,1.400000,
2018-12-19,393.631650,70.354179,281.987307,527.887150,1.046303,1305.345377,3.151432,1.400000,
2018-12-20,397.588833,71.340740,284.679606,532.338445,1.039442,1305.797089,3.161514,1.400000,
2018-12-21,403.255861,72.651843,287.748225,536.284802,1.042558,1314.735790,3.165038,1.400000,
2018-12-24,402.819051,73.170625,285.281188,525.521082,1.044737,1316.167759,3.191522,1.400000,
2018-12-25,401.237231,73.010101,289.151763,540.673282,1.039306,1313.687419,3.200681,1.400000,
2018-12-26,403.434285,73.657922,290.324357,541.576398,1.038744,1317.494531,3.209138,1.400000,
2018-12-27,402.482101,73.578644,291.179583,545.295753,1.039496,1315.763829,3.213311,1.400000,
2018-12-28,404.687501,73.750545,292.188868,547.407881,1.040496,1314.078731,3.199690,1.400000,
2018-12-31,398.207752,71.975181,286.861675,537.168082,1.042528,1306.907007,3.186419,1.400000,
2019-01-01,396.026360,71.791373,287.397887,540.619296,1.039433,1294.230660,3.197448,1.800000,258.441680
2019-01-02,398.349657,72.068982,291.509755,553.716934,1.037975,1294.264886,3.188602,1.800000,
2019-01-03,397.778512,72.061198,289.911736,547.996634,1.037223,1295.612265,3.194814,1.800000,
2019-01-04,399.106002,72.458213,292.422937,555.126393,1.036299,1297.225845,3.199903,1.800000,
2019-01-07,398.559725,72.260985,294.325863,563.135968,1.035539,1295.161661,3.196477,1.800000,
2019-01-08,404.297274,73.493333,301.216653,581.593392,1.029969,1299.681163,3.195358,1.800000,
2019-01-09,412.003301,75.120883,308.034742,597.444316,1.027401,1304.170827,3.195419,1.800000,
2019-01-10,407.386852,74.174336,310.215321,611.577724,1.025118,1300.884909,3.197249,1.800000,
2019-01-11,404.262273,73.216698,307.209448,605.347192,1.028137,1303.660592,3.186543,1.800000,
2019-01-14,401.223910,72.512794,309.068030,616.816170,1.025498,1299.812555,3.186370,1.800000,
2019-01-15,395.393869,71.738558,307.525583,616.703101,1.025820,1293.971702,3.208150,1.800000,
2019-01-16,394.226967,71.509695,304.001577,604.416054,1.026884,1299.624599,3.211948,1.800000,
2019-01-17,394.855168,71.343556,302.121087,597.510936,1.031218,1296.179571,3.199763,1.800000,
2019-01-18,396.301227,71.315900,304.118183,604.655517,1.031855,1294.427795,3.186644,1.800000,
2019-01-21,393.374334,70.799632,303.136317,604.305336,1.031527,1287.864983,3.191123,1.800000,
2019-01-22,392.850483,70.934445,300.541242,593.823378,1.034562,1291.057493,3.202642,1.800000,
2019-01-23,394.607541,71.279027,299.584751,587.849251,1.038080,1296.838958,3.203214,1.800000,
2019-01-24,395.987001,71.656031,304.768861,605.534723,1.037481,1300.544825,3.205899,1.800000,
2019-01-25,403.055132,72.518788,307.146035,607.855749,1.035862,1311.364462,3.181329,1.800000,
2019-01-28,401.707827,72.557340,304.438102,597.776933,1.038382,1312.024711,3.197140,1.800000,
2019-01-29,398.361091,71.994829,303.918204,599.533364,1.038008,1304.480480,3.206517,1.800000,
2019-01-30,397.008675,71.968164,306.302076,609.375613,1.035510,1303.285606,3.219890,1.800000,
2019-01-31,405.232556,72.915727,309.880797,615.472496,1.031278,1308.914579,3.187202,1.800000,
2019-02-01,401.094714,72.470170,305.989597,604.072457,1.036833,1310.642098,3.206567,1.800000,259.480466
2019-02-04,396.888763,71.218308,301.182648,592.675888,1.039028,1313.163353,3.190409,1.800000,
2019-02-05,405.384607,72.646466,310.316880,618.042418,1.028265,1315.011873,3.177860,1.800000,
2019-02-06,399.200540,71.842406,305.587500,605.819924,1.035734,1310.629136,3.198509,1.800000,
2019-02-07,395.963577,71.625100,302.025424,594.347930,1.039024,1305.285765,3.215644,1.800000,
2019-02-08,400.604720,72.456996,305.322107,601.396697,1.034480,1311.150211,3.209286,1.800000,
2019-02-11,396.199468,71.601818,303.095242,598.312264,1.036704,1306.317453,3.211295,1.800000,
2019-02-12,394.277950,71.222015,300.395722,590.315181,1.039437,1302.582259,3.213057,1.800000,
2019-02-13,388.338223,70.014681,299.382004,594.111411,1.042070,1309.751385,3.214552,1.800000,
2019-02-14,388.343244,70.521782,301.632130,600.545089,1.038356,1309.967795,3.237456,1.800000,
2019-02-15,383.707734,69.337119,295.882879,585.407037,1.044258,1299.811711,3.230117,1.800000,
2019-02-18,382.843186,69.373856,294.954838,581.973909,1.048293,1303.912499,3.241862,1.800000,
2019-02-19,388.019330,70.147414,299.381702,593.376243,1.044576,1304.017102,3.229037,1.800000,
2019-02-20,390.589462,70.435739,305.742914,615.683732,1.040341,1298.450072,3.217983,1.800000,
2019-02-21,392.790020,70.649443,305.023718,610.849531,1.042440,1298.178052,3.206803,1.800000,
2019-02-22,391.152875,70.289366,302.012079,601.355787,1.044319,1303.597652,3.206392,1.800000,
2019-02-25,389.207068,69.669939,306.282098,621.685352,1.041217,1300.299799,3.200632,1.800000,
2019-02-26,390.240911,70.127485,308.705795,628.644010,1.040917,1300.073031,3.210252,1.800000,
2019-02-27,395.115597,70.853812,312.836300,639.399126,1.033952,1306.014897,3.195848,1.800000,
2019-02-28,400.296103,71.365454,320.149279,663.858980,1.024293,1299.120854,3.173286,1.800000,
2019-03-01,395.960288,70.247480,315.029020,650.485539,1.028574,1290.337902,3.167366,1.800000,260.237757
2019-03-04,400.650911,70.603594,312.761339,637.486466,1.027561,1295.854311,3.144761,1.800000,
2019-03-05,401.756157,70.709512,312.100283,633.792906,1.029339,1296.840008,3.138400,1.800000,
2019-03-06,406.265946,71.685014,315.381771,640.193344,1.028700,1300.367572,3.140047,1.800000,
2019-03-07,401.716300,70.870563,310.415763,626.264080,1.033630,1300.116130,3.144276,1.800000,
2019-03-08,405.632599,71.722501,316.955419,646.394770,1.029250,1303.840194,3.148189,1.800000,
2019-03-11,408.539050,72.013599,321.075433,660.081275,1.022398,1309.468969,3.137089,1.800000,
2019-03-12,409.055548,72.262758,321.823976,661.589382,1.018860,1313.410745,3.143511,1.800000,
2019-03-13,409.526614,72.390065,322.877684,664.918823,1.014779,1315.791758,3.146324,1.800000,
2019-03-14,408.337219,72.087405,323.100671,667.723173,1.014944,1314.189669,3.146452,1.800000,
2019-03-15,411.888474,72.799069,327.553521,680.569677,1.008100,1316.944672,3.143429,1.800000,
2019-03-18,409.103181,72.282278,326.441915,679.784376,1.012649,1305.872768,3.144572,1.800000,
2019-03-19,407.315982,71.957766,323.901624,671.808454,1.012469,1309.004793,3.145633,1.800000,
2019-03-20,400.053887,71.251906,319.490429,660.702058,1.015118,1303.586950,3.179910,1.800000,
2019-03-21,399.741072,71.191882,317.939483,654.807037,1.018991,1309.261080,3.179204,1.800000,
2019-03-22,397.628032,70.427461,315.393021,649.103488,1.021021,1305.711614,3.167351,1.800000,
2019-03-25,398.801490,70.965009,317.773448,655.492522,1.016746,1316.488623,3.180723,1.800000,
2019-03-26,393.772966,70.132005,314.890093,650.132128,1.015220,1318.285763,3.193404,1.800000,
2019-03-27,397.837810,70.937742,313.405179,638.434390,1.018611,1318.018598,3.193337,1.800000,
2019-03-28,399.889765,71.188878,314.397991,640.198692,1.021839,1322.018358,3.185648,1.800000,
2019-03-29,399.643040,70.804488,311.900892,632.105226,1.025523,1318.520779,3.173532,1.800000,
2019-04-01,400.474336,70.739034,312.423492,634.019809,1.022656,1317.075303,3.164288,1.800000,260.673549
2019-04-02,400.088083,70.581524,312.348001,634.543987,1.018172,1317.840239,3.161813,1.800000,
2019-04-03,400.801545,70.424418,314.727250,644.339712,1.017323,1321.820655,3.148176,1.800000,
2019-04-04,400.083635,70.317811,312.351784,635.625897,1.020045,1313.444678,3.149175,1.800000,
2019-04-05,402.798117,70.714855,313.827855,638.331164,1.021379,1310.475956,3.140769,1.800000,
2019-04-08,405.155064,71.033033,314.597423,638.764604,1.021785,1314.654930,3.138152,1.800000,
2019-04-09,404.761035,71.281468,313.713938,634.226952,1.020160,1315.516723,3.152932,1.800000,
2019-04-10,407.841221,71.719855,317.508934,645.758427,1.018954,1318.925480,3.144903,1.800000,
2019-04-11,404.641077,71.296889,319.791285,658.240210,1.017767,1312.484358,3.153384,1.800000,
2019-04-12,406.659983,71.529188,324.747579,676.112690,1.014552,1317.262406,3.147074,1.800000,
2019-04-15,406.602292,71.420462,326.869660,685.238745,1.012692,1314.630817,3.142701,1.800000,
2019-04-16,405.218981,71.011086,322.819192,671.318230,1.016847,1321.886617,3.138318,1.800000,
2019-04-17,409.879466,71.650233,327.884784,686.511904,1.013965,1317.082083,3.128519,1.800000,
2019-04-18,412.308678,72.346021,328.050605,682.544167,1.015043,1315.422620,3.138062,1.800000,
2019-04-19,416.776354,73.222559,327.340222,673.306016,1.013949,1319.163800,3.136517,1.800000,
2019-04-22,425.301500,74.919449,325.884140,655.769065,1.015350,1332.176281,3.135056,1.800000,
2019-04-23,418.747677,73.644137,320.460448,643.038356,1.018182,1324.072162,3.137879,1.800000,
2019-04-24,419.942816,73.828071,320.884720,643.269979,1.015938,1323.078885,3.137057,1.800000,
2019-04-25,418.813001,73.802155,322.339123,649.507571,1.015033,1323.742328,3.145080,1.800000,
2019-04-26,416.387413,73.242860,319.920650,643.529142,1.020004,1316.914177,3.143408,1.800000,
2019-04-29,407.303049,71.524845,316.062046,640.133193,1.021969,1305.910642,3.151375,1.800000,
2019-04-30,413.640408,72.499829,321.552367,654.440668,1.018246,1316.318092,3.138666,1.800000,
2019-05-01,418.163297,73.073804,330.561706,685.680449,1.011755,1318.294604,3.123611,1.800000,261.208453
2019-05-02,414.990784,72.589102,328.346279,680.457350,1.011271,1309.132484,3.132333,1.800000,
2019-05-03,415.400181,72.629724,328.658570,681.247987,1.012209,1313.901049,3.132303,1.800000,
2019-05-06,414.743286,72.346360,327.386215,677.694309,1.011670,1311.057150,3.126956,1.800000,
2019-05-07,419.172608,73.133895,326.148911,666.860093,1.017362,1316.832057,3.121170,1.800000,
2019-05-08,417.247943,72.728300,324.987415,664.922219,1.020691,1312.141579,3.121533,1.800000,
2019-05-09,419.462249,73.704037,327.000462,667.292475,1.021467,1318.924662,3.141954,1.800000,
2019-05-10,421.979579,74.202183,326.441113,661.552777,1.018163,1327.100320,3.139228,1.800000,
2019-05-13,421.680952,74.423413,330.006654,674.743961,1.012030,1329.110957,3.149699,1.800000,
2019-05-14,422.883554,74.341677,334.020165,690.591132,1.007564,1336.764055,3.137659,1.800000,
2019-05-15,421.585330,74.398642,339.596768,713.523768,1.004034,1343.130284,3.151411,1.800000,
2019-05-16,424.253859,74.756614,342.215032,721.120364,1.002573,1338.809586,3.145875,1.800000,
2019-05-17,421.051072,74.109080,340.347677,718.125943,1.000570,1330.091212,3.149732,1.800000,
2019-05-20,421.332710,74.230026,345.795300,739.870409,0.995347,1330.071058,3.150161,1.800000,
2019-05-21,422.447032,74.186453,346.566563,742.665179,0.995353,1332.667745,3.137238,1.800000,
2019-05-22,422.422070,74.315788,349.079901,752.455245,0.991667,1336.053454,3.144353,1.800000,
2019-05-23,432.868250,76.233930,359.367049,780.396027,0.981933,1344.805456,3.135758,1.800000,
2019-05-24,427.050225,75.332133,356.591335,776.296312,0.981852,1340.196621,3.147110,1.800000,
2019-05-27,432.223819,76.165356,356.336131,768.096326,0.980738,1348.347438,3.141490,1.800000,
2019-05-28,431.975765,76.462870,356.939496,769.123088,0.979724,1356.976834,3.157065,1.800000,
2019-05-29,433.101461,76.620084,357.148309,768.521073,0.976894,1356.400153,3.152747,1.800000,
2019-05-30,429.888869,76.046827,354.081251,760.141607,0.983584,1354.184661,3.157016,1.800000,
2019-05-31,427.638504,76.001582,353.224710,757.831013,0.987118,1352.747567,3.172694,1.800000,
2019-06-03,432.899971,77.082927,355.824877,760.432290,0.988504,1352.312406,3.172281,1.800000,
2019-06-04,429.458652,76.227824,357.035421,771.554596,0.990693,1344.642204,3.165247,1.800000,
2019-06-05,432.842454,76.806127,355.986872,762.356958,0.991490,1350.611909,3.157218,1.800000,
2019-06-06,432.734044,76.604792,358.768428,775.027935,0.987120,1347.311241,3.150178,1.800000,
2019-06-07,431.374071,76.507875,353.300973,753.222588,0.992348,1336.795522,3.157585,1.800000,
2019-06-10,430.538425,76.195309,346.272879,726.101530,1.000805,1341.884090,3.152505,1.800000,
2019-06-11,430.958638,76.601209,345.928127,722.422976,1.002428,1351.343345,3.167013,1.800000,
2019-06-12,433.085533,77.257605,346.164681,719.118008,1.001798,1350.742304,3.177365,1.800000,
2019-06-13,438.647808,78.268196,351.223436,732.072321,0.994490,1353.619767,3.173066,1.800000,
2019-06-14,439.934540,78.532442,355.275460,746.627840,0.989314,1361.316507,3.173237,1.800000,
2019-06-17,437.075491,77.794055,356.312449,755.856151,0.988289,1355.196007,3.171108,1.800000,
2019-06-18,438.611109,77.987978,356.052939,752.967961,0.986789,1360.857950,3.165932,1.800000,
2019-06-19,441.641919,78.815249,359.114226,759.916549,0.985726,1366.071114,3.173679,1.800000,
2019-06-20,437.974591,78.169061,358.037209,760.396718,0.984157,1367.330850,3.176469,1.800000,
2019-06-21,443.224632,79.009779,362.854375,773.470060,0.980207,1370.484362,3.169502,1.800000,
2019-06-24,440.164565,78.099302,361.665113,774.561951,0.981530,1369.994840,3.158221,1.800000,
2019-06-25,436.993459,77.396254,359.400141,770.185882,0.981066,1366.498673,3.155584,1.800000,
2019-06-26,435.778182,76.948692,357.411190,764.680346,0.983015,1368.209477,3.148303,1.800000,
2019-06-27,436.020807,76.708310,357.562105,766.325895,0.985080,1369.984359,3.136401,1.800000,
2019-06-28,438.438921,77.006805,355.111328,753.316693,0.985383,1379.129221,3.131271,1.800000,
2019-07-01,435.479573,76.296689,347.459284,726.730841,0.993111,1376.545224,3.130785,1.800000,261.829420
2019-07-02,435.584663,75.869712,343.995238,714.582674,0.995566,1374.527046,3.113842,1.800000,
2019-07-03,433.785877,75.503535,343.642571,715.687533,0.997529,1375.049968,3.116024,1.800000,
2019-07-04,429.579202,74.849918,337.372177,695.369230,1.003681,1372.634128,3.125053,1.800000,
2019-07-05,422.103053,73.825478,330.559867,676.288685,1.006460,1374.462785,3.145278,1.800000,
2019-07-08,421.094865,73.720054,331.842726,682.301619,1.004649,1375.772550,3.148829,1.800000,
2019-07-09,415.280669,72.337729,324.427390,661.797160,1.011640,1367.116424,3.142711,1.800000,
2019-07-10,419.105902,72.664759,330.069377,680.982358,1.004756,1376.342934,3.123489,1.800000,
2019-07-11,409.569669,70.764212,320.220184,654.917299,1.017535,1377.487526,3.123962,1.800000,
2019-07-12,412.488792,71.446622,321.671503,656.053978,1.020322,1384.831373,3.126611,1.800000,
2019-07-15,409.227076,70.784867,320.079506,654.251703,1.020865,1383.711914,3.128062,1.800000,
2019-07-16,413.640455,71.553088,322.580521,658.482808,1.017236,1392.864368,3.123260,1.800000,
2019-07-17,419.623814,72.569533,328.810102,675.719730,1.007505,1394.947921,3.114908,1.800000,
2019-07-18,419.134237,72.826355,330.494762,681.395153,1.006242,1393.720264,3.130419,1.800000,
2019-07-19,419.186158,73.017712,329.861105,677.824578,1.010217,1401.748851,3.137742,1.800000,
2019-07-22,422.075811,73.788982,331.082201,677.633928,1.009051,1404.266556,3.147897,1.800000,
2019-07-23,411.105904,71.863454,326.344075,672.821878,1.012140,1384.938309,3.161591,1.800000,
2019-07-24,409.973496,71.565142,324.857951,668.728426,1.012225,1390.275451,3.157657,1.800000,
2019-07-25,408.553089,71.115834,322.975961,663.910796,1.017418,1395.230911,3.151375,1.800000,
2019-07-26,410.764077,71.432409,324.867195,668.869820,1.017925,1397.610424,3.146534,1.800000,
2019-07-29,409.996539,71.091105,330.425679,693.371461,1.012645,1394.203709,3.139569,1.800000,
2019-07-30,409.989514,71.072372,330.995267,695.716825,1.011906,1383.934432,3.140083,1.800000,
2019-07-31,402.961031,69.434620,331.177110,708.266807,1.007728,1383.684082,3.131823,1.800000,
2019-08-01,399.376374,68.776341,324.762193,686.758607,1.014405,1381.157154,3.136699,1.800000,261.930891
2019-08-02,395.875137,68.175442,322.291928,681.290871,1.014020,1372.130246,3.139959,1.800000,
2019-08-05,394.329146,67.465468,324.666667,695.542124,1.007336,1360.988704,3.121017,1.800000,
2019-08-06,395.521008,67.607045,323.698873,690.076095,1.004523,1360.634775,3.118192,1.800000,
2019-08-07,392.544579,66.885452,325.511106,702.923650,1.003655,1358.687838,3.113891,1.800000,
2019-08-08,397.560640,67.991988,331.388142,719.079433,1.001824,1361.925007,3.118087,1.800000,
2019-08-09,394.489723,67.531872,328.565081,711.134815,1.006791,1361.071180,3.126125,1.800000,
2019-08-12,392.393102,67.117672,328.009235,712.030547,1.008978,1362.951633,3.124174,1.800000,
2019-08-13,394.362996,67.474151,330.553604,719.760585,1.007098,1359.902951,3.123449,1.800000,
2019-08-14,397.316544,68.094998,335.192572,734.466809,1.005201,1355.147108,3.127110,1.800000,
2019-08-15,395.530380,67.822406,334.750201,734.943852,1.004973,1351.967430,3.131258,1.800000,
2019-08-16,389.877336,66.851857,328.783238,717.735790,1.012796,1341.212480,3.136058,1.800000,
2019-08-19,390.859839,66.849008,328.255085,714.900342,1.009301,1339.283248,3.126252,1.800000,
2019-08-20,391.408471,66.782574,327.648880,712.316818,1.009662,1338.091838,3.119754,1.800000,
2019-08-21,386.336602,65.783086,324.648106,707.634702,1.012482,1335.129629,3.122118,1.800000,
2019-08-22,382.337447,65.251808,327.335177,724.173423,1.011870,1331.475687,3.132234,1.800000,
2019-08-23,380.896210,65.035723,325.266703,717.176955,1.014437,1330.434364,3.135330,1.800000,
2019-08-26,383.674206,65.787038,326.242738,715.556825,1.011223,1342.947669,3.147563,1.800000,
2019-08-27,387.715435,66.451193,330.791872,729.089691,1.009133,1355.460704,3.141302,1.800000,
2019-08-28,394.981329,67.949545,335.115064,735.268292,1.005371,1363.769333,3.145648,1.800000,
2019-08-29,391.145777,67.245301,336.387221,746.690461,1.000171,1362.959419,3.148739,1.800000,
2019-08-30,389.591172,66.638414,332.610747,734.579075,1.002459,1364.248929,3.135913,1.800000,
2019-09-02,388.886476,66.783730,332.548820,733.778416,1.001035,1365.769217,3.148992,1.800000,
2019-09-03,386.919830,66.226522,328.931744,722.343823,1.004850,1362.846620,3.141481,1.800000,
2019-09-04,385.139364,66.055392,324.042790,703.316242,1.009109,1366.851526,3.149892,1.800000,
2019-09-05,384.320988,66.011466,325.415235,709.726036,1.006417,1364.302149,3.157175,1.800000,
2019-09-06,388.502764,66.772154,327.675695,712.854251,1.000951,1366.697237,3.153814,1.800000,
2019-09-09,384.397370,66.295030,329.099914,723.672391,1.000116,1361.942409,3.173651,1.800000,
2019-09-10,384.716643,66.521655,332.674484,737.526078,0.993601,1364.672376,3.180262,1.800000,
2019-09-11,383.506277,66.471490,336.646358,755.684252,0.991101,1366.362926,3.187450,1.800000,
2019-09-12,378.055348,65.275086,328.645546,730.696192,0.996569,1355.866753,3.185956,1.800000,
2019-09-13,373.851831,64.750142,327.368012,730.421181,0.998051,1354.521677,3.199434,1.800000,
2019-09-16,374.741749,65.070588,332.354474,749.776855,0.993267,1360.149634,3.205517,1.800000,
2019-09-17,370.685936,64.154979,329.442537,744.622833,0.994067,1353.000569,3.201275,1.800000,
2019-09-18,367.582677,63.258335,322.948524,723.100032,1.001725,1345.830002,3.191324,1.800000,
2019-09-19,367.725148,63.348615,322.070954,718.574764,1.007402,1347.697065,3.193666,1.800000,
2019-09-20,370.255749,63.709278,321.896162,714.231375,1.008799,1351.215326,3.188997,1.800000,
2019-09-23,376.559826,65.127052,326.947679,724.384148,1.006623,1360.440133,3.198933,1.800000,
2019-09-24,380.201870,65.867606,330.009327,731.296626,1.003520,1359.088929,3.198466,1.800000,
2019-09-25,387.080659,67.083929,332.258162,730.268654,1.002742,1367.791980,3.191364,1.800000,
2019-09-26,392.002075,68.057003,335.884896,737.639197,1.002386,1372.356820,3.189373,1.800000,
2019-09-27,390.573019,67.515740,332.896787,728.541513,1.004019,1372.358649,3.178973,1.800000,
2019-09-30,393.578710,68.045506,335.817330,736.385565,1.003814,1377.451758,3.174924,1.800000,
2019-10-01,398.663691,68.768207,340.586875,749.979620,1.000232,1379.030389,3.164884,1.800000,263.084741
2019-10-02,389.049319,66.702573,331.077278,725.837929,1.008274,1368.492139,3.159086,1.800000,
2019-10-03,387.010622,66.171161,329.579500,723.405769,1.007772,1371.559070,3.152339,1.800000,
2019-10-04,387.933012,66.390586,326.917250,710.264813,1.013285,1370.740078,3.152915,1.800000,
2019-10-07,392.726924,67.319758,334.830324,736.215857,1.005255,1378.190610,3.148347,1.800000,
2019-10-08,396.040740,67.610616,332.572462,723.122617,1.006941,1383.579611,3.129785,1.800000,
2019-10-09,397.897096,68.151186,332.552805,719.033126,1.009552,1390.853679,3.138751,1.800000,
2019-10-10,403.442664,69.071302,335.530407,723.661916,1.005772,1397.928974,3.130704,1.800000,
2019-10-11,407.545540,69.489509,334.553577,715.166662,1.008322,1396.041847,3.116960,1.800000,
2019-10-14,408.999062,69.798874,337.129964,723.469434,1.004168,1396.334520,3.119973,1.800000,
2019-10-15,409.966265,70.680364,340.753287,733.379770,1.004464,1402.511831,3.148008,1.800000,
2019-10-16,410.359347,70.469306,340.100133,731.472783,1.006901,1400.562938,3.135552,1.800000,
2019-10-17,411.308511,70.688909,346.498397,756.757215,0.999913,1395.146772,3.136769,1.800000,
2019-10-18,417.357690,71.459784,348.136419,756.249115,0.997601,1409.943346,3.118277,1.800000,
2019-10-21,420.927564,72.128844,359.342157,798.580670,0.986526,1416.076111,3.117292,1.800000,
2019-10-22,420.387153,72.149356,354.474433,777.684035,0.989424,1416.690395,3.122907,1.800000,
2019-10-23,417.519852,71.851182,356.719498,790.448549,0.985967,1413.911115,3.135492,1.800000,
2019-10-24,413.696121,71.169216,353.227086,781.185496,0.986092,1415.601004,3.139225,1.800000,
2019-10-25,411.851647,70.979846,350.271031,770.421356,0.989552,1417.685040,3.148127,1.800000,
2019-10-28,410.932940,70.815620,346.845808,757.079532,0.992076,1407.586820,3.151181,1.800000,
2019-10-29,414.749821,71.427742,347.548311,754.627289,0.994505,1408.369492,3.146762,1.800000,
2019-10-30,412.618842,70.774456,349.064028,765.698285,0.995499,1405.359788,3.137643,1.800000,
2019-10-31,413.170524,70.981778,350.907354,772.054153,0.995559,1406.197141,3.142832,1.800000,
2019-11-01,415.720690,71.691113,356.514633,790.757295,0.990689,1404.198026,3.149982,1.800000,263.914405
2019-11-04,421.062885,72.261714,359.021408,795.374466,0.990640,1409.162758,3.130169,1.800000,
2019-11-05,424.143401,72.744705,360.240408,796.154892,0.991286,1417.712549,3.121964,1.800000,
2019-11-06,420.706891,72.072363,354.688224,777.794474,0.991790,1409.994328,3.123723,1.800000,
2019-11-07,424.338434,72.864243,355.105876,773.216100,0.991415,1416.035709,3.129055,1.800000,
2019-11-08,437.029963,75.276928,364.890965,794.965992,0.983333,1425.117439,3.124265,1.800000,
2019-11-11,443.650804,76.520084,375.945569,831.881969,0.974390,1433.866603,3.120094,1.800000,
2019-11-12,446.472374,76.982958,373.884632,818.871541,0.978150,1429.301506,3.117785,1.800000,
2019-11-13,447.931790,76.862662,374.623593,821.825035,0.975778,1430.003778,3.104866,1.800000,
2019-11-14,448.775203,77.679649,377.475754,829.005837,0.969205,1434.853677,3.129985,1.800000,
2019-11-15,440.152610,76.118305,370.389160,811.682460,0.973749,1424.186932,3.136291,1.800000,
2019-11-18,436.958615,76.111859,370.681105,814.558988,0.970097,1416.963070,3.161081,1.800000,
2019-11-19,437.594414,76.162115,370.191479,811.746974,0.970968,1412.190691,3.158385,1.800000,
2019-11-20,432.496919,75.326429,367.675365,808.175670,0.969355,1405.486587,3.167780,1.800000,
2019-11-21,433.563327,75.563115,360.796764,777.037195,0.979838,1412.106558,3.169998,1.800000,
2019-11-22,431.681346,75.409721,360.232584,776.346188,0.982486,1406.698732,3.178886,1.800000,
2019-11-25,433.446963,75.530563,358.521331,767.542145,0.985075,1403.926391,3.171351,1.800000,
2019-11-26,435.606038,75.946441,357.765563,761.056715,0.986674,1408.028502,3.171723,1.800000,
2019-11-27,431.172099,75.039518,350.189680,736.510578,0.993224,1410.633811,3.173619,1.800000,
2019-11-28,425.649460,74.227250,348.537570,736.458580,0.992090,1417.285156,3.187315,1.800000,
2019-11-29,424.354159,73.769086,344.500858,722.742736,0.996214,1407.576463,3.179621,1.800000,
2019-12-02,425.489412,74.266303,342.724023,712.386795,0.998818,1408.947013,3.190787,1.800000,
2019-12-03,424.968744,74.249046,341.763604,708.741296,1.002063,1406.001078,3.193710,1.800000,
2019-12-04,423.488557,73.559842,336.428159,691.219735,1.008854,1403.860777,3.178802,1.800000,
2019-12-05,414.555435,72.183429,332.942891,688.021698,1.016012,1401.512304,3.198003,1.800000,
2019-12-06,416.291713,72.572404,334.868052,692.970848,1.014701,1402.780122,3.195956,1.800000,
2019-12-09,419.502123,73.393440,340.495875,710.097809,1.008903,1408.766159,3.203740,1.800000,
2019-12-10,417.633882,72.831495,339.850496,711.094212,1.009307,1410.790817,3.200021,1.800000,
2019-12-11,415.689738,72.426331,336.517556,700.400822,1.010363,1412.558039,3.200598,1.800000,
2019-12-12,416.784096,72.862457,340.224046,712.702018,1.007677,1420.117752,3.210874,1.800000,
2019-12-13,415.488069,72.666223,339.366206,710.728172,1.011441,1411.271229,3.215198,1.800000,
2019-12-16,416.193067,72.922641,342.785975,723.017680,1.009421,1408.495072,3.220264,1.800000,
2019-12-17,416.502126,73.081893,341.783742,717.851071,1.008584,1408.617367,3.223858,1.800000,
2019-12-18,421.469263,73.991357,341.955208,711.495059,1.011312,1418.225718,3.220091,1.800000,
2019-12-19,415.042022,73.215789,339.936163,710.166448,1.007433,1414.477176,3.239823,1.800000,
2019-12-20,415.197311,73.040075,335.292746,692.056316,1.013289,1408.716659,3.231916,1.800000,
2019-12-23,413.423527,72.609013,328.981460,669.634726,1.021239,1412.850629,3.228985,1.800000,
2019-12-24,411.806538,72.417548,332.527866,685.403256,1.020042,1402.818666,3.236146,1.800000,
2019-12-25,410.163562,72.312876,337.667659,707.471994,1.015485,1403.048107,3.246593,1.800000,
2019-12-26,411.470121,72.667056,335.231907,695.079484,1.019927,1402.618091,3.250679,1.800000,
2019-12-27,411.422597,72.202308,338.123241,709.096556,1.016222,1403.926239,3.232196,1.800000,
2019-12-30,408.496325,71.559292,334.774492,700.004454,1.020160,1400.827949,3.231986,1.800000,
2019-12-31,406.227613,71.447445,335.923855,706.304036,1.019051,1398.711703,3.247538,1.800000,
2020-01-01,408.510194,71.784089,337.261299,708.858651,1.016983,1395.401770,3.239622,0.150000,264.807825
2020-01-02,406.557711,71.260979,339.670224,722.378820,1.014119,1389.493530,3.236510,0.150000,
2020-01-03,407.948549,71.332099,342.554291,733.211419,1.013648,1388.093722,3.228953,0.150000,
2020-01-06,401.130356,70.329592,338.310789,724.210916,1.021372,1378.602273,3.243410,0.150000,
2020-01-07,402.503281,71.156732,339.019585,722.019774,1.019508,1385.001933,3.267897,0.150000,
2020-01-08,402.744118,71.547409,339.251231,720.736915,1.021541,1381.700241,3.282346,0.150000,
2020-01-09,403.147298,71.581533,337.624629,713.541689,1.023120,1385.499763,3.281002,0.150000,
2020-01-10,399.934270,70.676342,334.422642,706.522250,1.027059,1383.115104,3.273511,0.150000,
2020-01-13,401.495886,70.840857,335.448350,709.029160,1.026522,1385.143340,3.267858,0.150000,
2020-01-14,391.786046,68.801817,332.667956,713.047305,1.027790,1369.954323,3.268267,0.150000,
2020-01-15,397.165012,70.004134,339.167605,730.970225,1.022392,1374.296389,3.273777,0.150000,
2020-01-16,391.558381,68.954374,333.330016,714.945028,1.027921,1362.444040,3.278577,0.150000,
2020-01-17,390.868756,69.005367,332.015101,709.451794,1.029396,1348.119749,3.284368,0.150000,
2020-01-20,392.976573,69.358600,335.231117,719.829912,1.026268,1345.378318,3.279192,0.150000,
2020-01-21,397.331722,69.996687,337.894064,725.216509,1.022324,1355.961217,3.269785,0.150000,
2020-01-22,397.102061,69.988504,335.330615,714.592113,1.022914,1357.264896,3.273224,0.150000,
2020-01-23,392.408826,69.018203,332.099270,708.585728,1.019803,1356.642229,3.272009,0.150000,
2020-01-24,401.421029,70.929360,334.145762,702.466905,1.020039,1366.659288,3.276239,0.150000,
2020-01-27,402.527462,71.334141,331.645698,689.596813,1.022923,1365.452779,3.283760,0.150000,
2020-01-28,402.061687,71.619954,326.583839,667.972076,1.028395,1368.327134,3.301055,0.150000,
2020-01-29,394.721156,70.014499,324.044653,669.021964,1.028118,1360.278255,3.297214,0.150000,
2020-01-30,391.488988,69.206214,319.359074,655.628252,1.034542,1351.577140,3.292234,0.150000,
2020-01-31,399.479317,70.713054,323.492439,660.971612,1.033585,1352.993636,3.284269,0.150000,
2020-02-03,400.383069,70.671317,321.034177,650.902885,1.036558,1346.488238,3.275188,0.150000,
2020-02-04,403.734508,71.261759,324.307657,659.426598,1.034756,1351.607837,3.269627,0.150000,
2020-02-05,403.559168,71.156726,326.902265,670.268034,1.032588,1352.405381,3.267685,0.150000,
2020-02-06,408.820743,72.229006,333.923755,690.645143,1.024734,1358.332970,3.267444,0.150000,
2020-02-07,406.255524,71.461341,330.905342,683.398460,1.029154,1354.336767,3.258288,0.150000,
2020-02-10,407.449060,71.823300,337.006258,705.681745,1.026033,1358.076427,3.263586,0.150000,
2020-02-11,405.671359,71.602106,334.393959,696.934933,1.027172,1356.905522,3.269886,0.150000,
2020-02-12,405.110211,71.565922,333.808320,694.924397,1.031869,1359.458433,3.275006,0.150000,
2020-02-13,400.125375,70.956587,332.923572,696.756262,1.030865,1351.787024,3.292541,0.150000,
2020-02-14,399.047577,70.722406,334.975392,706.816323,1.025678,1351.583567,3.294342,0.150000,
2020-02-17,397.788195,70.422832,333.868297,704.348663,1.022248,1350.251024,3.295105,0.150000,
2020-02-18,393.357471,69.275880,335.216676,718.136265,1.018911,1341.109123,3.285613,0.150000,
2020-02-19,404.380406,71.691137,350.243324,762.479824,1.002502,1349.648432,3.292030,0.150000,
2020-02-20,401.399715,70.854842,349.127121,763.850527,1.001222,1351.791042,3.283790,0.150000,
2020-02-21,388.260350,68.125374,343.555107,762.474183,1.002256,1342.708201,3.282793,0.150000,
2020-02-24,387.353451,68.035200,344.400295,767.077754,1.000141,1346.450805,3.287540,0.150000,
2020-02-25,393.251042,69.156192,336.996609,725.846159,1.008000,1353.364731,3.284328,0.150000,
2020-02-26,384.700084,67.148829,326.497431,697.070853,1.016842,1343.159454,3.275762,0.150000,
2020-02-27,383.166905,66.792591,324.654343,692.005353,1.019650,1341.598352,3.275705,0.150000,
2020-02-28,379.621390,66.249818,312.676967,647.406815,1.029052,1338.113571,3.286758,0.150000,
2020-03-02,373.846865,65.095635,311.077454,649.538509,1.026289,1331.571192,3.287879,0.150000,
2020-03-03,375.115080,65.395536,307.494563,632.830319,1.025911,1331.325648,3.289780,0.150000,
2020-03-04,370.216097,64.611350,307.360224,638.541147,1.023891,1324.956080,3.300988,0.150000,
2020-03-05,369.059270,64.194711,287.368433,562.310076,1.043732,1325.375365,3.295691,0.150000,
2020-03-06,373.714164,65.174852,285.871832,550.246502,1.047292,1332.092600,3.297104,0.150000,
2020-03-09,371.853138,64.845179,289.625287,566.642815,1.039813,1334.834695,3.296998,0.150000,
2020-03-10,363.882809,63.079152,283.572969,554.901175,1.048295,1319.177553,3.289637,0.150000,
2020-03-11,365.899890,63.910594,287.948792,566.927269,1.042071,1319.828262,3.310757,0.150000,
2020-03-12,365.978727,64.172243,288.965309,569.534905,1.038648,1325.401544,3.322256,0.150000,
2020-03-13,355.224863,62.080849,288.004105,580.422700,1.036928,1308.810766,3.329807,0.150000,
2020-03-16,349.492617,60.756152,283.592186,572.064611,1.040452,1302.195516,3.324334,0.150000,
2020-03-17,357.113623,62.481641,288.272579,578.536360,1.034907,1311.869976,3.330487,0.150000,
2020-03-18,360.714483,63.385975,283.683317,554.910603,1.037685,1318.490348,3.337569,0.150000,
2020-03-19,347.772385,60.469659,284.125896,576.161912,1.037140,1310.147538,3.325395,0.150000,
2020-03-20,359.708070,62.789502,293.273684,595.316439,1.026494,1322.656172,3.318639,0.150000,
2020-03-23,367.501402,64.567328,295.620320,592.313147,1.025566,1328.479420,3.327385,0.150000,
2020-03-24,368.015343,64.787873,294.116907,585.115771,1.030648,1332.195228,3.333710,0.150000,
2020-03-25,365.906173,64.034383,293.260679,586.196813,1.029759,1332.944597,3.318960,0.150000,
2020-03-26,362.781232,63.127004,290.854888,582.453243,1.026881,1335.619348,3.306801,0.150000,
2020-03-27,359.983785,62.601907,285.631736,565.818931,1.031402,1330.934449,3.309819,0.150000,
2020-03-30,364.417106,63.443708,284.729802,556.469195,1.035618,1339.040636,3.306855,0.150000,
2020-03-31,367.073059,63.445548,285.744374,559.105503,1.035402,1344.839247,3.282333,0.150000,
2020-04-01,368.342944,63.630573,283.648004,549.693920,1.040553,1348.563718,3.279372,0.150000,266.212903
2020-04-02,370.991996,63.719012,286.507261,558.942137,1.037510,1352.578720,3.259073,0.150000,
2020-04-03,375.389575,64.189771,288.255287,561.514502,1.035758,1352.494796,3.242403,0.150000,
2020-04-06,376.772403,64.463512,284.783688,546.553408,1.043417,1352.484652,3.240531,0.150000,
2020-04-07,376.246580,64.272848,280.581816,531.884460,1.048434,1347.250635,3.233546,0.150000,
2020-04-08,380.039115,64.857114,280.164515,526.303555,1.050790,1351.738574,3.227651,0.150000,
2020-04-09,372.184839,63.738041,276.499498,520.598310,1.052378,1343.556008,3.249623,0.150000,
2020-04-10,367.549706,62.943255,275.084361,520.545157,1.050891,1337.134211,3.257291,0.150000,
2020-04-13,368.529413,62.939266,273.255309,513.375395,1.049792,1335.604301,3.249887,0.150000,
2020-04-14,370.623697,63.357232,274.452352,515.114342,1.048465,1339.291021,3.252199,0.150000,
2020-04-15,369.308407,63.095335,272.982643,511.288431,1.051390,1338.315075,3.250886,0.150000,
2020-04-16,369.068912,63.090700,276.877600,525.671423,1.048431,1335.078639,3.254530,0.150000,
2020-04-17,366.878598,62.735755,274.701143,519.962085,1.048029,1336.174763,3.257981,0.150000,
2020-04-20,366.771455,62.474303,274.503454,520.327431,1.049934,1332.532561,3.246580,0.150000,
2020-04-21,373.505676,63.666091,278.909660,528.735445,1.047266,1336.703298,3.240627,0.150000,
2020-04-22,373.902097,63.733173,281.842247,539.114631,1.046975,1336.630596,3.239946,0.150000,
2020-04-23,373.741949,64.051602,282.855681,541.512800,1.043771,1343.476493,3.255443,0.150000,
2020-04-24,373.993827,63.930243,283.127297,542.885357,1.044453,1333.595926,3.247818,0.150000,
2020-04-27,374.606849,64.094921,282.203012,538.400449,1.045485,1337.144783,3.249390,0.150000,
2020-04-28,372.289536,63.885537,280.525625,533.949777,1.045295,1333.697604,3.259990,0.150000,
2020-04-29,366.891211,62.848293,275.719912,522.724000,1.044535,1324.212209,3.263032,0.150000,
2020-04-30,367.955031,62.889484,275.902399,522.725327,1.044790,1322.309311,3.255174,0.150000,
2020-05-01,371.306132,63.576225,278.607765,528.369248,1.042024,1320.437249,3.256228,0.150000,265.692128
2020-05-04,371.690332,63.991509,279.771745,530.681499,1.040116,1324.991993,3.273199,0.150000,
2020-05-05,367.352960,62.931639,273.027645,512.022959,1.046408,1311.174948,3.265204,0.150000,
2020-05-06,369.702346,63.544157,278.484371,528.506254,1.040504,1312.299081,3.271408,0.150000,
2020-05-07,366.563942,62.787786,274.597538,518.582762,1.044104,1308.757975,3.264427,0.150000,
2020-05-08,362.331056,61.847438,272.726033,517.345458,1.044567,1301.261332,3.262430,0.150000,
2020-05-11,363.368334,62.176615,271.507961,510.967268,1.046482,1298.291092,3.266810,0.150000,
2020-05-12,360.356666,61.649603,269.350723,506.422881,1.047744,1299.282615,3.272062,0.150000,
2020-05-13,357.489148,60.937692,264.747349,493.670518,1.054261,1291.446379,3.267784,0.150000,
2020-05-14,364.470197,62.088774,267.473883,496.005017,1.052964,1300.494490,3.257530,0.150000,
2020-05-15,364.449982,62.034514,266.223097,491.657071,1.056487,1302.986677,3.255009,0.150000,
2020-05-18,365.750515,62.295251,265.675003,488.071078,1.059243,1306.940214,3.254296,0.150000,
2020-05-19,371.391521,63.245486,269.702528,496.476235,1.054736,1307.604317,3.248618,0.150000,
2020-05-20,372.292757,63.576358,268.697621,491.150946,1.058195,1312.036775,3.257374,0.150000,
2020-05-21,373.984547,64.133136,270.371191,494.211089,1.057652,1320.168326,3.270495,0.150000,
2020-05-22,376.958602,64.751215,272.042086,496.539940,1.057963,1315.927135,3.272409,0.150000,
2020-05-25,375.176141,64.183889,269.094113,488.901116,1.058226,1314.211186,3.263215,0.150000,
2020-05-26,373.517788,63.799212,265.233641,477.325288,1.061217,1318.647786,3.261518,0.150000,
2020-05-27,372.788746,63.700446,262.559582,468.556732,1.068015,1315.238273,3.263841,0.150000,
2020-05-28,372.969652,63.678528,260.201871,460.342509,1.075568,1315.309723,3.260001,0.150000,
2020-05-29,374.381855,64.042870,259.758265,456.917629,1.075964,1322.137675,3.262107,0.150000,
2020-06-01,376.791390,64.572572,259.973723,454.831636,1.077509,1330.857363,3.262988,0.150000,266.231224
2020-06-02,374.725174,63.860806,260.569893,460.146148,1.076718,1334.824753,3.248830,0.150000,
2020-06-03,373.362462,63.682534,261.321866,463.831570,1.074840,1332.025876,3.254204,0.150000,
2020-06-04,372.387196,63.582531,262.080633,467.131203,1.071862,1334.286495,3.261150,0.150000,
2020-06-05,370.989875,62.984879,262.250054,470.444591,1.068087,1337.052418,3.246086,0.150000,
2020-06-08,370.637985,63.291819,263.267676,472.898905,1.063799,1343.826103,3.263223,0.150000,
2020-06-09,364.867486,62.070018,256.050914,454.424645,1.068953,1337.658780,3.259877,0.150000,
2020-06-10,370.060848,63.238584,255.427476,446.089875,1.069255,1349.532182,3.266045,0.150000,
2020-06-11,370.775913,63.371190,256.120526,447.669129,1.071979,1345.100095,3.266756,0.150000,
2020-06-12,372.244139,63.502641,256.015564,446.275050,1.069554,1348.221565,3.260066,0.150000,
2020-06-15,368.100476,63.089885,258.357514,457.204812,1.067873,1348.315503,3.277930,0.150000,
2020-06-16,364.780537,62.252969,256.715844,455.787156,1.072125,1343.463413,3.269834,0.150000,
2020-06-17,364.368297,62.038394,256.131684,454.662553,1.072631,1348.244272,3.262261,0.150000,
2020-06-18,361.914763,61.533238,254.285582,450.993131,1.073025,1339.668226,3.263513,0.150000,
2020-06-19,363.665063,61.774239,253.635193,447.171397,1.073092,1333.424458,3.259169,0.150000,
2020-06-22,359.370796,60.927718,250.812640,442.071913,1.075042,1330.872004,3.260607,0.150000,
2020-06-23,353.000852,59.950112,249.835159,444.592517,1.075707,1315.756799,3.276000,0.150000,
2020-06-24,354.271646,60.235119,254.704106,460.001045,1.070616,1316.462749,3.277504,0.150000,
2020-06-25,349.880752,59.283990,251.955888,455.632258,1.073710,1307.438605,3.271307,0.150000,
2020-06-26,351.526091,59.520890,252.276759,455.162086,1.071721,1310.151646,3.267826,0.150000,
2020-06-29,352.986536,59.865187,254.600161,461.400454,1.067061,1310.667765,3.271960,0.150000,
2020-06-30,354.317029,59.798865,252.739585,454.558090,1.069250,1322.588995,3.259644,0.150000,
2020-07-01,361.317590,60.636057,254.282381,454.108178,1.068567,1330.059921,3.233110,0.150000,266.883543
2020-07-02,359.417769,60.165938,254.171635,456.172287,1.070570,1335.151331,3.228110,0.150000,
2020-07-03,362.401724,60.626056,254.796614,455.437168,1.067755,1336.565532,3.221251,0.150000,
2020-07-06,360.434616,60.256758,254.997208,458.227889,1.067292,1338.645938,3.224548,0.150000,
2020-07-07,355.661987,59.752385,256.425856,466.974903,1.068684,1329.321964,3.241645,0.150000,
2020-07-08,357.467373,60.263545,256.896995,465.869411,1.063793,1329.165262,3.246813,0.150000,
2020-07-09,353.958855,59.828668,255.755516,464.812886,1.064137,1332.417711,3.258955,0.150000,
2020-07-10,357.919532,60.383371,256.396599,463.343999,1.062997,1330.477837,3.249829,0.150000,
2020-07-13,361.057501,60.912801,260.145662,473.279521,1.063656,1338.065128,3.246478,0.150000,
2020-07-14,363.639221,61.368109,262.044973,477.178279,1.058487,1343.107167,3.244689,0.150000,
2020-07-15,361.806510,60.957890,261.980903,479.230615,1.059651,1348.576031,3.242785,0.150000,
2020-07-16,361.251180,60.888510,260.549466,474.561783,1.057502,1341.944845,3.246468,0.150000,
2020-07-17,361.281434,61.093679,259.008017,468.218750,1.059683,1342.289063,3.256845,0.150000,
2020-07-20,360.932098,61.009024,259.352255,469.840145,1.060664,1335.989600,3.255351,0.150000,
2020-07-21,360.967940,60.853187,256.583886,460.639489,1.065461,1340.744391,3.249778,0.150000,
2020-07-22,361.315139,60.803126,255.555265,457.054251,1.069238,1348.958773,3.245327,0.150000,
2020-07-23,365.169525,61.408364,255.167680,451.958502,1.073930,1356.244530,3.234333,0.150000,
2020-07-24,361.193175,60.559780,254.206365,453.223867,1.075562,1357.084732,3.233552,0.150000,
2020-07-27,362.149416,60.554904,253.613009,450.783950,1.075353,1365.235792,3.224273,0.150000,
2020-07-28,366.000944,61.230129,256.436445,456.569445,1.072489,1359.956217,3.222010,0.150000,
2020-07-29,368.547317,61.537576,258.485383,461.548914,1.071273,1362.866636,3.213947,0.150000,
2020-07-30,371.971311,62.443057,263.491192,474.250187,1.065976,1367.007364,3.226960,0.150000,
2020-07-31,371.051446,62.274445,261.657876,468.757351,1.064790,1373.792866,3.227030,0.150000,
2020-08-03,372.910187,62.700297,262.082315,467.870173,1.065698,1373.305907,3.233896,0.150000,
2020-08-04,375.588409,63.155318,264.733915,474.349867,1.062640,1374.403277,3.230166,0.150000,
2020-08-05,371.700233,62.749989,262.564196,469.678253,1.063638,1366.053073,3.246235,0.150000,
2020-08-06,374.158330,63.200286,262.894822,468.163851,1.062376,1365.707095,3.243744,0.150000,
2020-08-07,379.276730,64.404985,267.649684,478.222577,1.053426,1376.543065,3.251874,0.150000,
2020-08-10,380.562274,64.773693,267.853265,477.007830,1.052910,1375.198347,3.260697,0.150000,
2020-08-11,379.865742,64.589808,265.910016,471.154822,1.056751,1372.361334,3.259811,0.150000,
2020-08-12,375.424289,63.584312,265.283312,474.322843,1.060001,1372.790622,3.253282,0.150000,
2020-08-13,380.793298,64.761067,270.750677,486.910558,1.056617,1377.022147,3.258704,0.150000,
2020-08-14,376.813350,63.921705,270.502457,490.722117,1.058713,1368.540119,3.259321,0.150000,
2020-08-17,375.343449,63.700818,266.413593,477.675392,1.061570,1370.850266,3.264204,0.150000,
2020-08-18,376.854802,63.763300,266.586753,477.432414,1.062500,1369.643381,3.253393,0.150000,
2020-08-19,376.634322,63.871099,263.389381,465.938177,1.065880,1368.524352,3.258787,0.150000,
2020-08-20,378.082019,63.953685,263.026341,463.810803,1.064313,1372.805539,3.249008,0.150000,
2020-08-21,378.461773,63.900829,262.042987,460.439913,1.062605,1369.416235,3.243474,0.150000,
2020-08-24,380.355788,64.282197,264.412030,466.441475,1.056161,1367.081538,3.244314,0.150000,
2020-08-25,387.254831,65.348384,268.470348,473.964590,1.054411,1378.565667,3.231701,0.150000,
2020-08-26,380.697641,64.279782,268.414118,480.082884,1.053878,1370.186866,3.243800,0.150000,
2020-08-27,383.772290,64.723861,272.340841,490.945740,1.051426,1373.655257,3.234618,0.150000,
2020-08-28,387.254480,65.284138,272.847726,489.225700,1.051394,1374.440159,3.228776,0.150000,
2020-08-31,385.660008,64.998215,270.373730,482.201940,1.054590,1380.077349,3.228565,0.150000,
2020-09-01,384.410956,64.487472,269.670558,482.095248,1.055423,1382.167545,3.218367,0.150000,267.908919
2020-09-02,387.432826,64.877684,270.176543,481.225116,1.059156,1381.753454,3.208501,0.150000,
2020-09-03,391.104442,65.892859,271.271130,479.824225,1.057677,1388.488997,3.222751,0.150000,
2020-09-04,388.469507,65.167152,272.877327,489.038836,1.056810,1384.456626,3.211866,0.150000,
2020-09-07,396.337216,66.354490,276.274923,493.462624,1.053233,1393.571812,3.196266,0.150000,
2020-09-08,394.429825,65.994042,275.158127,491.567476,1.053745,1385.854791,3.196009,0.150000,
2020-09-09,397.352855,66.353159,277.723064,498.039147,1.052057,1390.852247,3.187604,0.150000,
2020-09-10,399.179458,66.612809,276.687983,492.724192,1.054778,1388.700253,3.181226,0.150000,
2020-09-11,394.256206,65.825564,276.975602,498.454766,1.053717,1384.726191,3.186936,0.150000,
2020-09-14,392.396522,65.207574,276.865402,501.104334,1.056333,1381.893931,3.175525,0.150000,
2020-09-15,395.471984,65.355946,278.404197,504.771186,1.055642,1381.191178,3.155024,0.150000,
2020-09-16,393.400192,64.915866,278.375812,507.125075,1.057470,1373.202831,3.154631,0.150000,
2020-09-17,394.192330,65.282446,281.586439,516.739077,1.053579,1380.986541,3.165876,0.150000,
2020-09-18,399.445833,65.908789,287.387199,532.992543,1.043507,1381.785847,3.149367,0.150000,
2020-09-21,398.039876,65.792194,287.905868,535.831444,1.047619,1389.189700,3.156616,0.150000,
2020-09-22,403.076094,66.606883,290.780184,540.858135,1.048093,1397.414223,3.147569,0.150000,
2020-09-23,406.369231,67.183761,289.755464,533.460176,1.047097,1396.631423,3.147381,0.150000,
2020-09-24,402.589540,66.539010,284.891328,520.014392,1.053333,1388.737004,3.153496,0.150000,
2020-09-25,406.525953,67.366782,292.989236,544.181231,1.045680,1382.940331,3.158818,0.150000,
2020-09-28,414.003675,68.778872,296.246922,547.223142,1.042741,1388.264906,3.155031,0.150000,
2020-09-29,419.278366,69.448657,295.856562,541.075129,1.045075,1389.980937,3.141834,0.150000,
2020-09-30,423.511943,70.260525,303.222380,562.600474,1.042184,1396.086145,3.141118,0.150000,
2020-10-01,426.098887,70.573080,301.465108,553.954125,1.046951,1400.667242,3.135442,0.150000,268.202545
2020-10-02,426.417010,70.973477,302.005918,554.092693,1.044669,1404.233520,3.150209,0.150000,
2020-10-05,434.082998,72.678817,306.171125,559.269904,1.040054,1413.392285,3.161857,0.150000,
2020-10-06,439.606209,73.660859,306.866367,555.805459,1.034567,1412.203694,3.160519,0.150000,
2020-10-07,441.610392,74.075586,308.052220,557.594880,1.035587,1410.553510,3.163231,0.150000,
2020-10-08,441.369487,74.264685,304.663490,544.991287,1.040679,1410.973686,3.171449,0.150000,
2020-10-09,445.551708,75.057395,308.386550,553.460362,1.036417,1413.684975,3.168262,0.150000,
2020-10-12,443.112669,74.494363,302.727633,536.662409,1.042919,1398.152229,3.163918,0.150000,
2020-10-13,447.637801,75.862301,303.492984,532.674362,1.042395,1404.259418,3.182216,0.150000,
2020-10-14,453.711520,76.991238,306.348894,536.257002,1.041000,1413.280929,3.182844,0.150000,
2020-10-15,459.667568,77.803771,310.418671,545.179140,1.040716,1420.312479,3.170023,0.150000,
2020-10-16,455.525780,76.879862,307.675112,540.447877,1.043667,1412.697233,3.168277,0.150000,
2020-10-19,448.309991,75.601323,297.889765,514.088833,1.055347,1403.433898,3.175047,0.150000,
2020-10-20,452.092247,76.422824,298.167285,510.877558,1.055553,1402.268005,3.176844,0.150000,
2020-10-21,452.063305,76.309878,298.971789,513.906993,1.053106,1405.750615,3.173531,0.150000,
2020-10-22,458.900562,77.627092,305.472650,528.900262,1.051425,1415.990941,3.172684,0.150000,
2020-10-23,451.118556,76.398887,305.120533,534.597625,1.049831,1407.402717,3.180992,0.150000,
2020-10-26,453.917918,76.611809,308.991206,546.092388,1.051142,1409.066385,3.166001,0.150000,
2020-10-27,458.690337,77.261097,310.450168,547.042540,1.049132,1407.336941,3.156950,0.150000,
2020-10-28,452.820412,76.063377,306.099202,538.387147,1.055578,1401.307747,3.156280,0.150000,
2020-10-29,455.736600,76.518923,309.009071,545.667472,1.057225,1404.562544,3.152104,0.150000,
2020-10-30,462.578216,77.990401,314.702657,557.496584,1.054262,1411.896445,3.156562,0.150000,
2020-11-02,458.678173,77.558226,315.257701,562.306786,1.051862,1406.582146,3.169627,0.150000,
2020-11-03,460.709110,77.997509,315.702872,561.442641,1.051417,1409.161904,3.172565,0.150000,
2020-11-04,467.246113,79.332769,322.115902,576.438496,1.045469,1422.273986,3.172177,0.150000,
2020-11-05,459.125024,78.033455,319.335111,574.401969,1.049667,1412.937363,3.185282,0.150000,
2020-11-06,461.604642,78.628476,318.939627,569.831925,1.052383,1404.531482,3.191127,0.150000,
2020-11-09,459.295607,78.252228,312.953996,551.228772,1.061243,1391.493005,3.192626,0.150000,
2020-11-10,460.205264,78.481334,315.902966,560.179395,1.064755,1390.966243,3.194614,0.150000,
2020-11-11,462.142139,78.822899,315.051809,555.259171,1.069712,1393.361964,3.195005,0.150000,
2020-11-12,462.934775,79.204719,317.280556,561.207441,1.066765,1397.899593,3.201939,0.150000,
2020-11-13,465.638459,79.707516,316.081420,554.274227,1.066444,1399.426268,3.203329,0.150000,
2020-11-16,466.546729,79.809305,316.243581,554.087701,1.063603,1397.460257,3.203120,0.150000,
2020-11-17,465.324442,79.548503,315.404614,552.497231,1.064190,1401.754461,3.202673,0.150000,
2020-11-18,469.207616,80.131751,315.136263,548.140563,1.065094,1406.949995,3.196860,0.150000,
2020-11-19,474.135328,81.007059,316.863385,549.220254,1.063200,1417.272703,3.193861,0.150000,
2020-11-20,467.085241,79.589896,314.347496,547.946873,1.066915,1408.299366,3.191602,0.150000,
2020-11-23,470.658019,80.110368,317.383053,555.171198,1.060497,1411.203156,3.182920,0.150000,
2020-11-24,469.964357,79.972778,320.666031,567.100965,1.055360,1414.297984,3.186211,0.150000,
2020-11-25,471.184307,80.166734,317.568664,555.288510,1.061785,1412.231168,3.184412,0.150000,
2020-11-26,470.754003,79.931407,315.819710,550.243497,1.062989,1419.217708,3.179979,0.150000,
2020-11-27,476.367925,81.000267,319.301322,556.357071,1.061211,1419.963971,3.175711,0.150000,
2020-11-30,474.817383,80.985159,324.953245,576.254719,1.056912,1415.978924,3.186730,0.150000,
2020-12-01,476.719800,81.130306,329.102831,589.409414,1.053196,1416.968179,3.179981,0.150000,269.487631
2020-12-02,476.008955,80.884926,327.363060,584.431027,1.058612,1420.138619,3.175175,0.150000,
2020-12-03,471.469721,79.780892,324.684558,580.732348,1.058764,1409.175137,3.169583,0.150000,
2020-12-04,479.782705,81.418834,328.502424,584.951940,1.057231,1413.666996,3.169944,0.150000,
2020-12-07,480.548453,81.153005,326.152954,577.452597,1.058846,1416.268224,3.153024,0.150000,
2020-12-08,489.317867,82.934226,333.540022,593.400182,1.053234,1422.629060,3.153341,0.150000,
2020-12-09,493.135533,83.338109,334.449709,593.679809,1.050451,1425.174684,3.142584,0.150000,
2020-12-10,492.654507,82.725437,331.889762,587.159925,1.054149,1423.349513,3.126013,0.150000,
2020-12-11,491.827590,82.598231,334.908364,598.311160,1.051035,1420.075139,3.126277,0.150000,
2020-12-14,485.897029,81.860058,332.642680,595.156819,1.054501,1412.358210,3.143234,0.150000,
2020-12-15,492.445718,82.926239,331.368792,584.486436,1.052009,1420.781556,3.135081,0.150000,
2020-12-16,489.837867,82.262664,326.766189,571.901475,1.054666,1419.829236,3.129198,0.150000,
2020-12-17,490.981840,82.448736,328.329886,576.127530,1.053370,1422.476770,3.128483,0.150000,
2020-12-18,489.073814,81.850210,325.577287,569.430781,1.051966,1421.850313,3.122538,0.150000,
2020-12-21,492.950035,82.762837,328.553511,574.965736,1.050215,1424.185706,3.127813,0.150000,
2020-12-22,489.946368,82.199070,327.024223,572.689982,1.054205,1418.325489,3.129395,0.150000,
2020-12-23,495.701159,83.277820,330.210845,577.725830,1.051250,1430.498668,3.125417,0.150000,
2020-12-24,496.090041,83.491886,328.952096,572.480481,1.051504,1429.009123,3.131878,0.150000,
2020-12-25,498.666798,84.410215,330.613265,573.969835,1.051365,1430.610806,3.143413,0.150000,
2020-12-28,494.736423,83.748861,324.912324,558.257109,1.055071,1428.099608,3.148750,0.150000,
2020-12-29,492.215968,83.350972,323.208913,554.655669,1.055247,1422.968382,3.153541,0.150000,
2020-12-30,490.558120,83.041714,323.550507,557.331477,1.053827,1419.513731,3.155719,0.150000,
2020-12-31,485.095216,81.937243,320.470054,552.501295,1.057535,1412.349947,3.157937,0.150000,
2021-01-01,492.643574,83.332026,325.619482,562.472549,1.056739,1424.956190,3.153245,0.150000,269.455587
2021-01-04,485.547529,82.189646,322.693242,558.831848,1.061291,1417.858023,3.159754,0.150000,
2021-01-05,484.426220,81.792464,322.294091,559.174385,1.062942,1417.475236,3.154295,0.150000,
2021-01-06,485.013813,82.203020,327.293436,574.471336,1.061215,1416.678416,3.164952,0.150000,
2021-01-07,489.357910,83.346017,335.742172,597.889456,1.051650,1421.877612,3.174762,0.150000,
2021-01-08,497.029006,84.844298,343.043779,615.019338,1.046236,1431.815221,3.173997,0.150000,
2021-01-11,494.672589,84.230648,340.911244,610.606673,1.049999,1429.665863,3.169256,0.150000,
2021-01-12,499.143543,85.138673,342.704098,611.844340,1.047506,1431.395419,3.169320,0.150000,
2021-01-13,503.645412,85.955319,350.993334,636.199638,1.037337,1430.722071,3.166050,0.150000,
2021-01-14,506.251173,86.617668,353.188100,640.422959,1.038765,1433.088811,3.172940,0.150000,
2021-01-15,514.099320,88.053829,356.400942,643.435043,1.033842,1438.983264,3.168953,0.150000,
2021-01-18,506.565550,86.331381,350.157626,630.549304,1.038290,1429.794986,3.163233,0.150000,
2021-01-19,495.625056,84.392084,350.579721,643.383571,1.036535,1418.994996,3.171995,0.150000,
2021-01-20,500.676007,85.303198,349.790626,635.111247,1.030455,1425.169215,3.173783,0.150000,
2021-01-21,503.369103,85.996273,351.682845,638.108455,1.030575,1431.765905,3.179010,0.150000,
2021-01-22,513.299277,87.439332,356.330217,645.393032,1.026087,1441.079584,3.162282,0.150000,
2021-01-25,509.989428,87.161265,354.468070,640.979949,1.030373,1440.359406,3.176310,0.150000,
2021-01-26,513.954202,88.195191,356.637403,643.229370,1.027260,1442.276991,3.182801,0.150000,
2021-01-27,514.298594,88.531680,358.411014,648.010529,1.028444,1445.232684,3.193117,0.150000,
2021-01-28,514.653252,89.050288,355.971938,637.311091,1.030540,1451.028758,3.208197,0.150000,
2021-01-29,511.723005,88.563163,349.568999,617.803079,1.035288,1443.533938,3.211692,0.150000,
2021-02-01,507.793607,87.864725,348.961509,619.508395,1.035065,1439.503137,3.214819,0.150000,269.950552
2021-02-02,509.556200,88.049849,345.225635,605.302147,1.035558,1437.996157,3.210010,0.150000,
2021-02-03,508.237963,87.707647,343.981679,602.629654,1.036992,1431.289217,3.207605,0.150000,
2021-02-04,510.928086,87.727135,341.578943,593.405968,1.040040,1424.475249,3.190645,0.150000,
2021-02-05,510.946396,87.757651,340.008874,587.911235,1.040847,1433.219699,3.191833,0.150000,
2021-02-08,511.533960,88.032374,339.222642,584.057061,1.044405,1434.658463,3.197424,0.150000,
2021-02-09,507.560409,87.500957,339.822368,589.139665,1.042404,1431.788784,3.206437,0.150000,
2021-02-10,501.934527,86.390456,334.080529,575.386541,1.045863,1423.053482,3.206600,0.150000,
2021-02-11,506.792107,87.458684,337.181718,580.491231,1.041265,1417.479857,3.210182,0.150000,
2021-02-12,505.199238,87.388119,338.372893,585.195551,1.036463,1418.457549,3.219365,0.150000,
2021-02-15,504.881030,87.966968,337.895325,581.639354,1.037717,1418.430910,3.239454,0.150000,
2021-02-16,513.778613,89.361231,343.949010,594.247245,1.031007,1423.919608,3.227392,0.150000,
2021-02-17,525.237210,91.387855,345.094338,587.468071,1.028459,1433.057744,3.219043,0.150000,
2021-02-18,527.074236,92.306226,348.341487,594.565953,1.027534,1440.324944,3.235419,0.150000,
2021-02-19,535.416991,93.527075,348.083517,586.995470,1.026674,1445.611805,3.221913,0.150000,
2021-02-22,538.828776,94.204367,349.730706,589.089831,1.026070,1451.752125,3.223128,0.150000,
2021-02-23,541.044360,95.135037,355.868312,605.571095,1.018053,1468.162865,3.238467,0.150000,
2021-02-24,541.591509,95.453447,358.009036,611.394782,1.017220,1471.117701,3.245649,0.150000,
2021-02-25,546.136355,95.850180,361.749518,621.029380,1.015417,1473.328110,3.229184,0.150000,
2021-02-26,551.386615,96.353436,364.922292,628.204694,1.012035,1473.474441,3.213222,0.150000,
2021-03-01,554.226524,96.710952,366.577562,631.564357,1.012988,1480.356316,3.204825,0.150000,270.082476
2021-03-02,555.758505,97.229240,364.540828,622.452117,1.015164,1486.387581,3.212968,0.150000,
2021-03-03,555.039913,96.401185,360.648387,612.387060,1.019088,1476.252392,3.192620,0.150000,
2021-03-04,554.194776,95.779852,361.850709,618.622599,1.019461,1480.603793,3.181592,0.150000,
2021-03-05,559.956048,96.819801,362.023973,613.877989,1.021958,1480.814489,3.177304,0.150000,
2021-03-08,561.619127,97.342958,361.896723,611.165109,1.021338,1494.367264,3.183069,0.150000,
2021-03-09,572.316338,98.535737,362.891343,607.251794,1.020397,1489.840676,3.154882,0.150000,
2021-03-10,570.525790,98.630190,363.995927,611.033659,1.022947,1485.258229,3.167816,0.150000,
2021-03-11,556.631742,96.078024,357.706162,602.775192,1.024500,1470.265520,3.177732,0.150000,
2021-03-12,553.936769,95.251413,349.671629,579.939759,1.029802,1472.839054,3.170088,0.150000,
2021-03-15,566.465431,97.591210,356.094562,589.600062,1.022054,1483.649739,3.163645,0.150000,
2021-03-16,558.547626,96.267082,352.104162,583.111969,1.022754,1477.191695,3.172129,0.150000,
2021-03-17,565.918236,98.064382,356.651564,589.947928,1.021446,1479.940438,3.180451,0.150000,
2021-03-18,561.928665,97.222671,360.183771,605.221415,1.018756,1472.950768,3.179399,0.150000,
2021-03-19,562.724986,96.910402,357.464047,597.008079,1.020634,1473.163352,3.167484,0.150000,
2021-03-22,564.340622,97.054456,358.012429,597.774975,1.018559,1487.476930,3.160951,0.150000,
2021-03-23,568.966173,97.835612,360.793516,602.889354,1.015707,1489.196678,3.156409,0.150000,
2021-03-24,578.793020,99.933592,363.859973,603.241947,1.013851,1490.695727,3.157712,0.150000,
2021-03-25,581.867218,100.166788,365.470234,606.738497,1.011162,1496.325210,3.145800,0.150000,
2021-03-26,583.439194,100.575193,364.035162,600.302253,1.011273,1501.954887,3.147532,0.150000,
2021-03-29,593.387153,102.417231,363.624816,590.484516,1.008100,1510.513365,3.142018,0.150000,
2021-03-30,592.810020,102.336541,363.361503,589.980291,1.003133,1508.833395,3.145371,0.150000,
2021-03-31,599.568695,103.947694,365.295342,589.366851,1.001850,1516.035052,3.154605,0.150000,
2021-04-01,595.405315,103.371122,362.242689,582.542440,1.005882,1513.546645,3.161803,0.150000,271.771796
2021-04-02,597.621188,103.173015,360.667605,577.495327,1.008701,1512.284412,3.143317,0.150000,
2021-04-05,589.306985,101.402212,359.864562,582.386098,1.012249,1497.860450,3.142674,0.150000,
2021-04-06,588.414299,101.145046,360.122164,584.142394,1.009028,1498.571285,3.141995,0.150000,
2021-04-07,589.906342,101.423625,363.254270,592.753985,1.008807,1495.115439,3.145054,0.150000,
2021-04-08,593.747492,102.117459,365.249765,595.846981,1.006776,1490.032927,3.144520,0.150000,
2021-04-09,604.050854,103.979448,371.930678,608.513263,1.009709,1499.147894,3.141063,0.150000,
2021-04-12,607.263884,104.612345,369.648851,598.394352,1.011240,1504.099784,3.143907,0.150000,
2021-04-13,602.003603,103.884678,363.443400,582.405823,1.018790,1505.210608,3.152512,0.150000,
2021-04-14,607.055666,105.267491,369.079792,594.596229,1.017441,1511.318629,3.163482,0.150000,
2021-04-15,601.256397,103.849562,370.045194,603.395468,1.015964,1510.639957,3.158124,0.150000,
2021-04-16,595.786290,102.912781,365.163391,592.178228,1.019173,1500.667860,3.164812,0.150000,
2021-04-19,591.656133,101.923792,365.221815,596.422653,1.018539,1493.727224,3.162825,0.150000,
2021-04-20,584.440525,100.801582,359.994326,585.165922,1.016673,1493.125949,3.173757,0.150000,
2021-04-21,579.000429,99.375574,361.224425,594.919944,1.017125,1484.538779,3.165258,0.150000,
2021-04-22,579.610223,100.022594,363.346096,599.497158,1.017030,1489.082344,3.179765,0.150000,
2021-04-23,570.367488,98.325724,354.117015,577.759814,1.023325,1480.645205,3.183716,0.150000,
2021-04-26,580.627452,100.010374,360.553680,590.134835,1.013833,1493.519892,3.173642,0.150000,
2021-04-27,581.204388,100.380839,361.703090,592.441342,1.011905,1488.048025,3.184010,0.150000,
2021-04-28,578.788514,100.445999,364.809106,602.849770,1.005119,1481.310791,3.199941,0.150000,
2021-04-29,578.323055,100.427895,362.543746,595.685056,1.005683,1478.084213,3.205295,0.150000,
2021-04-30,567.394690,97.851307,362.144183,605.621016,1.001705,1470.514248,3.195822,0.150000,
2021-05-03,565.648034,97.767276,361.587388,604.529619,1.002104,1469.249773,3.204422,0.150000,
2021-05-04,564.221278,97.967519,364.694695,614.428123,0.999132,1472.824864,3.218989,0.150000,
2021-05-05,558.622515,97.002495,361.037510,607.190542,1.002307,1467.762687,3.224810,0.150000,
2021-05-06,555.519154,96.391505,360.026757,606.733474,1.002282,1459.775839,3.227004,0.150000,
2021-05-07,552.286919,95.317357,357.481346,602.779734,1.002136,1446.473831,3.215945,0.150000,
2021-05-10,554.026707,95.669212,356.070030,596.402281,1.007141,1447.442868,3.217185,0.150000,
2021-05-11,553.367886,95.715013,352.690450,585.389172,1.010468,1454.601146,3.223748,0.150000,
2021-05-12,557.505370,95.913141,355.840369,593.661908,1.008314,1458.265414,3.204564,0.150000,
2021-05-13,554.255641,95.339423,348.375865,572.249683,1.015993,1450.367298,3.207083,0.150000,
2021-05-14,551.656184,94.635074,350.784011,582.919711,1.013677,1442.228332,3.202197,0.150000,
2021-05-17,544.368416,93.224193,342.757651,563.566525,1.020468,1439.747071,3.206267,0.150000,
2021-05-18,546.939627,94.434052,344.943456,565.995855,1.023192,1440.715514,3.229770,0.150000,
2021-05-19,533.089810,91.797503,335.780119,548.847014,1.029690,1429.847402,3.234212,0.150000,
2021-05-20,535.285741,91.854991,334.264373,543.142137,1.034089,1431.749214,3.221105,0.150000,
2021-05-21,540.234072,92.861954,335.694512,543.125640,1.034217,1435.739523,3.221913,0.150000,
2021-05-24,546.823004,94.016892,338.546686,546.702006,1.030708,1441.375702,3.220144,0.150000,
2021-05-25,545.666102,93.811814,334.758717,535.688477,1.037503,1441.124268,3.224091,0.150000,
2021-05-26,548.235791,94.352020,335.614487,535.989620,1.036942,1445.599969,3.225053,0.150000,
2021-05-27,546.826739,94.067695,329.009911,516.717884,1.040435,1444.355253,3.226603,0.150000,
2021-05-28,553.685827,95.779059,330.535110,514.689075,1.043527,1449.007275,3.236368,0.150000,
2021-05-31,553.036135,95.512748,327.336407,505.845680,1.046973,1441.863391,3.233159,0.150000,
2021-06-01,552.078883,95.374680,327.788821,507.776472,1.048548,1444.197257,3.238038,0.150000,275.349807
2021-06-02,550.459719,94.543109,321.310423,490.934274,1.054275,1442.767091,3.221852,0.150000,
2021-06-03,547.789489,93.785170,319.821148,489.140723,1.055246,1436.558981,3.213249,0.150000,
2021-06-04,549.018502,94.287639,320.085727,488.212662,1.055290,1443.581411,3.219949,0.150000,
2021-06-07,549.035872,94.240760,320.441065,489.330689,1.056644,1449.717005,3.215012,0.150000,
2021-06-08,547.096763,93.955255,319.332046,487.222537,1.056097,1451.009284,3.219278,0.150000,
2021-06-09,552.480843,95.068304,322.220101,491.424986,1.052970,1458.984000,3.219737,0.150000,
2021-06-10,545.380115,93.525548,319.073410,487.917865,1.052317,1447.140846,3.213957,0.150000,
2021-06-11,552.301113,94.700269,318.108275,480.145469,1.057220,1455.453108,3.206773,0.150000,
2021-06-14,545.035357,93.428466,315.891530,478.692173,1.058533,1448.106686,3.211838,0.150000,
2021-06-15,545.912799,93.296158,317.955616,484.884572,1.053758,1441.356710,3.200598,0.150000,
2021-06-16,540.711115,92.673597,317.936514,487.772159,1.052230,1445.602226,3.214219,0.150000,
2021-06-17,543.668882,93.300229,316.935098,482.289284,1.054052,1446.263555,3.215354,0.150000,
2021-06-18,549.917163,94.932838,319.566690,484.136904,1.049072,1454.611055,3.228153,0.150000,
2021-06-21,554.061344,95.742009,320.649570,484.120533,1.050671,1456.849671,3.227404,0.150000,
2021-06-22,556.254598,96.044076,318.452968,476.300057,1.054207,1454.185939,3.221389,0.150000,
2021-06-23,554.842969,96.105383,322.654840,488.773361,1.050059,1447.928127,3.228755,0.150000,
2021-06-24,554.088153,96.038598,318.590499,477.128773,1.054930,1450.410579,3.231892,0.150000,
2021-06-25,558.107794,96.696134,319.538717,477.176498,1.053057,1452.288912,3.227233,0.150000,
2021-06-28,554.897693,96.205710,320.176763,481.024269,1.055666,1452.244815,3.231667,0.150000,
2021-06-29,560.556442,97.378504,320.652051,477.974385,1.053930,1455.007275,3.233623,0.150000,
2021-06-30,560.009379,97.538476,324.357295,488.473609,1.048670,1457.803859,3.242151,0.150000,
2021-07-01,561.193478,97.842600,321.307752,478.437153,1.048730,1449.221355,3.244557,0.150000,277.075896
2021-07-02,556.375124,97.249549,325.323696,492.861359,1.041855,1444.787329,3.258633,0.150000,
2021-07-05,564.176411,98.351888,327.387491,494.065138,1.037723,1450.866645,3.246890,0.150000,
2021-07-06,563.797373,98.147506,322.193650,479.431843,1.044802,1453.392908,3.244712,0.150000,
2021-07-07,564.747838,98.610726,321.835106,476.945425,1.046567,1448.785295,3.254663,0.150000,
2021-07-08,561.245077,98.317421,317.692146,466.522650,1.053290,1449.666117,3.267126,0.150000,
2021-07-09,562.721434,98.581067,320.699174,474.108557,1.050625,1449.270227,3.267995,0.150000,
2021-07-12,553.054880,97.079759,314.999554,463.666618,1.057650,1443.082784,3.281433,0.150000,
2021-07-13,561.715745,98.660395,315.190152,458.277867,1.058098,1449.695116,3.278611,0.150000,
2021-07-14,556.625213,98.144106,315.005742,460.130033,1.057304,1446.921657,3.295067,0.150000,
2021-07-15,557.569664,98.390920,316.169559,462.573030,1.056513,1453.535050,3.295944,0.150000,
2021-07-16,558.717340,98.759430,317.740142,465.838406,1.054839,1448.474710,3.299584,0.150000,
2021-07-19,552.533787,97.943582,317.902096,469.728581,1.056440,1432.011225,3.314057,0.150000,
2021-07-20,553.983621,97.948069,316.702037,465.857063,1.060452,1435.396014,3.302723,0.150000,
2021-07-21,552.016146,97.271330,315.230527,463.705548,1.064392,1437.001791,3.295630,0.150000,
2021-07-22,550.449966,96.808468,314.220344,462.260046,1.069594,1437.799833,3.291298,0.150000,
2021-07-23,546.183904,95.329850,310.958892,457.503159,1.073267,1428.252768,3.272400,0.150000,
2021-07-26,547.401550,95.769869,317.205478,474.121083,1.066802,1425.535068,3.280479,0.150000,
2021-07-27,554.227467,97.005014,319.027722,474.558141,1.062742,1433.692984,3.278841,0.150000,
2021-07-28,545.969495,95.195700,316.742583,474.473601,1.066824,1431.821773,3.274981,0.150000,
2021-07-29,541.837899,94.605062,311.427564,461.477523,1.069880,1427.343334,3.281951,0.150000,
2021-07-30,541.797313,94.671913,308.937606,454.093875,1.077232,1425.547207,3.283353,0.150000,
2021-08-02,538.004183,93.478755,306.598025,451.184949,1.079745,1421.761229,3.267451,0.150000,
2021-08-03,534.441803,92.978856,301.327924,438.157328,1.082349,1425.271838,3.273255,0.150000,
2021-08-04,536.097729,92.996129,301.491834,438.138672,1.081672,1422.596989,3.265505,0.150000,
2021-08-05,540.641790,93.683444,303.344232,440.611832,1.080364,1424.385643,3.258201,0.150000,
2021-08-06,533.208036,92.516096,308.619619,460.395679,1.073537,1417.727047,3.270319,0.150000,
2021-08-09,544.782608,94.971205,316.885731,475.292310,1.063165,1429.508899,3.272359,0.150000,
2021-08-10,545.810086,95.269357,319.888087,483.018650,1.061411,1441.596832,3.277982,0.150000,
2021-08-11,544.509732,94.944980,315.614376,471.595990,1.061898,1444.257828,3.277044,0.150000,
2021-08-12,544.860991,95.034010,316.925306,475.049931,1.060625,1436.592496,3.278143,0.150000,
2021-08-13,548.453970,95.608136,320.615192,483.429931,1.053016,1437.823023,3.275934,0.150000,
2021-08-16,542.210503,93.611440,316.381251,477.693438,1.059141,1427.549895,3.250017,0.150000,
2021-08-17,545.122202,93.746855,318.647303,483.232015,1.057036,1422.974106,3.235792,0.150000,
2021-08-18,542.150807,93.208520,318.192278,484.011153,1.058915,1427.418960,3.238922,0.150000,
2021-08-19,549.105541,94.529690,328.945806,510.788711,1.043595,1435.803958,3.239000,0.150000,
2021-08-20,556.488274,95.930881,333.418912,518.428885,1.041387,1446.029623,3.235741,0.150000,
2021-08-23,547.534859,94.198252,332.265613,522.134901,1.045394,1438.045544,3.238222,0.150000,
2021-08-24,545.091580,93.979120,333.680762,527.722303,1.042824,1437.090487,3.244872,0.150000,
2021-08-25,534.162300,92.150792,327.966892,518.342221,1.046655,1438.090377,3.256030,0.150000,
2021-08-26,531.242957,91.359437,325.736712,514.501972,1.046736,1426.589507,3.248466,0.150000,
2021-08-27,529.712270,90.940581,321.437229,502.872600,1.048907,1420.966335,3.246458,0.150000,
2021-08-30,522.330607,89.470319,319.221087,502.253967,1.048087,1414.579594,3.248901,0.150000,
2021-08-31,521.680071,90.317903,320.019616,502.383301,1.046669,1415.401403,3.283997,0.150000,
2021-09-01,534.140980,92.666792,321.943659,498.192317,1.048469,1428.933740,3.278389,0.150000,280.193951
2021-09-02,532.710151,92.080264,322.479982,501.769970,1.048752,1422.046193,3.270066,0.150000,
2021-09-03,531.925142,91.960185,326.325142,514.007696,1.042760,1425.442956,3.269178,0.150000,
2021-09-06,539.172738,92.929418,335.627280,537.913591,1.031099,1432.288592,3.256130,0.150000,
2021-09-07,535.912446,92.454588,334.504277,536.679787,1.031477,1428.262916,3.261500,0.150000,
2021-09-08,538.784498,93.255456,335.544095,536.663037,1.028441,1435.531749,3.269416,0.150000,
2021-09-09,544.089875,93.972845,334.672149,530.292176,1.025562,1433.144984,3.259327,0.150000,
2021-09-10,542.306767,93.815469,334.874382,531.808026,1.022228,1422.044102,3.265194,0.150000,
2021-09-13,546.909782,94.529645,338.477455,539.544370,1.019170,1427.169596,3.258791,0.150000,
2021-09-14,547.630272,94.977483,342.692015,551.112800,1.016977,1426.989698,3.267381,0.150000,
2021-09-15,554.635274,96.713189,344.436937,549.374103,1.015722,1436.039618,3.278526,0.150000,
2021-09-16,555.664927,97.205543,347.824768,558.141216,1.016149,1436.310507,3.285822,0.150000,
2021-09-17,548.156613,96.110601,344.862079,554.191222,1.015455,1439.050096,3.298823,0.150000,
2021-09-20,550.207116,96.414322,348.722885,564.770252,1.012800,1435.671428,3.296747,0.150000,
2021-09-21,546.768242,95.528356,342.775079,549.641954,1.020176,1426.278220,3.292248,0.150000,
2021-09-22,558.869173,97.566899,346.012421,550.248752,1.015204,1434.675077,3.279649,0.150000,
2021-09-23,556.499423,97.266956,342.353351,540.394767,1.016918,1435.272788,3.283622,0.150000,
2021-09-24,551.926437,96.131427,339.661782,536.556457,1.020118,1427.408948,3.275115,0.150000,
2021-09-27,557.787574,97.172014,342.957373,542.036144,1.018711,1425.586064,3.271249,0.150000,
2021-09-28,560.360644,97.502667,346.838715,552.307435,1.016209,1432.031819,3.263331,0.150000,
2021-09-29,565.106538,98.805978,350.315515,557.913492,1.016445,1426.030638,3.274761,0.150000,
2021-09-30,566.052104,98.975764,352.114077,562.680052,1.015758,1431.732653,3.277094,0.150000,
2021-10-01,566.734700,99.119218,348.701575,551.419199,1.018723,1435.920496,3.276592,0.150000,282.043271
2021-10-04,567.569543,99.768765,348.253739,547.894980,1.019860,1427.732984,3.290175,0.150000,
2021-10-05,563.387816,99.057750,343.484241,536.380179,1.022509,1431.279901,3.294084,0.150000,
2021-10-06,565.304098,99.860535,346.372824,542.364352,1.019394,1428.777213,3.306422,0.150000,
2021-10-07,565.280481,99.740459,346.590527,543.304825,1.020724,1436.479721,3.300332,0.150000,
2021-10-08,565.149834,100.027137,345.764026,539.950622,1.017768,1445.808752,3.310859,0.150000,
2021-10-11,562.351725,99.368119,337.138828,516.399189,1.026467,1446.891937,3.309765,0.150000,
2021-10-12,567.908657,100.426007,341.194145,524.177495,1.023966,1451.953909,3.306617,0.150000,
2021-10-13,567.481853,100.095572,338.914593,518.290523,1.027577,1452.479122,3.298333,0.150000,
2021-10-14,565.164621,99.380119,340.202580,524.618506,1.026370,1452.383834,3.291192,0.150000,
2021-10-15,562.782068,99.353609,338.527844,520.225463,1.028995,1458.322612,3.306794,0.150000,
2021-10-18,561.887476,99.743382,342.087221,530.058557,1.028004,1462.232116,3.320578,0.150000,
2021-10-19,560.360655,99.532587,344.059662,536.972576,1.031266,1464.512577,3.321308,0.150000,
2021-10-20,574.309940,101.813681,351.004730,547.924665,1.029126,1476.414164,3.302041,0.150000,
2021-10-21,570.975928,101.249094,348.247752,541.937462,1.032213,1471.399065,3.305398,0.150000,
2021-10-22,581.835963,103.653563,352.594457,545.539740,1.026620,1477.574321,3.312870,0.150000,
2021-10-25,580.860514,103.597026,347.281195,529.951052,1.029859,1470.779811,3.319176,0.150000,
2021-10-26,586.517534,104.456112,348.959888,531.154535,1.030055,1475.908276,3.309782,0.150000,
2021-10-27,583.029376,104.034486,348.154977,530.705573,1.032261,1481.115097,3.320282,0.150000,
2021-10-28,580.616792,103.773021,349.250021,535.226308,1.033937,1480.773953,3.325846,0.150000,
2021-10-29,579.170070,103.013365,350.264975,540.621403,1.033306,1478.358401,3.314126,0.150000,
2021-11-01,580.248713,103.155280,349.369229,537.193850,1.039211,1482.553784,3.306960,0.150000,283.929438
2021-11-02,576.996138,102.401885,349.208880,539.539064,1.039522,1482.822418,3.305334,0.150000,
2021-11-03,584.374194,103.773124,352.263037,543.000583,1.037919,1481.145111,3.299779,0.150000,
2021-11-04,577.949897,102.487322,347.849266,534.832817,1.041580,1468.936890,3.300936,0.150000,
2021-11-05,581.334569,102.428611,346.354647,529.564161,1.044649,1476.791242,3.277310,0.150000,
2021-11-08,583.120756,102.294272,350.570704,542.038297,1.040457,1475.172785,3.263497,0.150000,
2021-11-09,581.543287,101.787989,348.397166,537.217463,1.044538,1478.355340,3.257265,0.150000,
2021-11-10,577.100936,100.840401,344.153863,528.144162,1.045802,1471.487803,3.255688,0.150000,
2021-11-11,572.422525,100.151153,341.168081,522.223717,1.045874,1464.303108,3.261455,0.150000,
2021-11-12,585.615276,102.630918,341.718260,513.898777,1.047745,1476.858304,3.255175,0.150000,
2021-11-15,589.142554,102.665303,336.714029,498.313019,1.050911,1480.506560,3.233055,0.150000,
2021-11-16,590.338560,103.215564,337.565835,499.049587,1.046651,1478.986416,3.242353,0.150000,
2021-11-17,591.259086,103.070389,341.250913,509.813640,1.040863,1477.957130,3.232145,0.150000,
2021-11-18,596.083621,103.848397,345.499087,518.983420,1.035532,1484.692558,3.226141,0.150000,
2021-11-19,593.676280,102.804111,335.802066,494.009341,1.042961,1477.309642,3.209294,0.150000,
2021-11-22,591.731133,102.801116,336.334878,495.950643,1.045304,1483.144476,3.220354,0.150000,
2021-11-23,595.316260,104.006358,340.194924,503.154797,1.044587,1493.731549,3.233962,0.150000,
2021-11-24,603.766478,105.276997,340.285479,498.209474,1.042987,1500.034135,3.221095,0.150000,
2021-11-25,607.283270,105.501103,341.397262,499.949929,1.041710,1504.061900,3.206940,0.150000,
2021-11-26,607.703089,105.857158,340.434964,496.183494,1.042197,1495.725355,3.214749,0.150000,
2021-11-29,608.935285,106.671865,345.862605,509.364141,1.037259,1495.070720,3.229904,0.150000,
2021-11-30,603.323025,105.311729,345.373056,512.612719,1.033147,1496.067443,3.225058,0.150000,
2021-12-01,607.377133,106.100544,349.689385,522.110551,1.030558,1496.056171,3.225408,0.150000,285.476857
2021-12-02,602.710879,105.258661,348.320173,521.339195,1.033452,1494.206710,3.230793,0.150000,
2021-12-03,598.491338,104.277764,342.531395,507.958227,1.041825,1486.318165,3.228737,0.150000,
2021-12-06,597.940212,104.908191,342.957366,507.686085,1.042000,1494.561637,3.247898,0.150000,
2021-12-07,594.776467,104.652512,342.147234,506.687917,1.041988,1495.049794,3.259477,0.150000,
2021-12-08,591.206971,103.851918,337.990558,497.497434,1.046269,1488.060459,3.256546,0.150000,
2021-12-09,596.571163,105.113382,339.409564,497.129567,1.043943,1486.426895,3.261815,0.150000,
2021-12-10,591.782352,104.590648,336.046571,489.881508,1.047270,1479.230852,3.275351,0.150000,
2021-12-13,586.929818,103.804813,339.289085,502.204666,1.040482,1471.926703,3.282539,0.150000,
2021-12-14,592.134039,104.699011,339.084633,498.086478,1.045065,1482.935741,3.278015,0.150000,
2021-12-15,585.595044,103.207635,334.131634,489.062045,1.051173,1471.489783,3.273764,0.150000,
2021-12-16,586.187617,102.988278,336.278088,495.548351,1.046206,1459.519360,3.265898,0.150000,
2021-12-17,576.009632,100.719153,330.508543,486.986258,1.053175,1447.903324,3.261549,0.150000,
2021-12-20,571.790654,100.139756,326.875582,478.957892,1.059610,1447.397528,3.271837,0.150000,
2021-12-21,566.726578,99.233685,322.686854,470.379368,1.062724,1445.042484,3.276866,0.150000,
2021-12-22,576.904746,100.782854,327.880231,478.911420,1.062648,1457.058781,3.260136,0.150000,
2021-12-23,573.733697,99.870418,320.785053,461.719104,1.072267,1445.773312,3.252570,0.150000,
2021-12-24,579.422049,100.844272,320.782156,458.062297,1.071716,1447.250400,3.250351,0.150000,
2021-12-27,577.984197,100.739944,314.495653,441.202834,1.074006,1446.160838,3.257212,0.150000,
2021-12-28,579.440811,100.918583,314.915619,441.577698,1.074386,1445.035038,3.253540,0.150000,
2021-12-29,583.498435,101.535626,308.823636,422.836277,1.080043,1445.029197,3.248771,0.150000,
2021-12-30,579.036394,101.314669,306.677339,418.453788,1.080201,1439.663917,3.268953,0.150000,
2021-12-31,574.143046,100.656279,306.436206,420.180935,1.076354,1435.521519,3.280692,0.150000,
2022-01-03,572.675238,100.591209,308.924934,427.266548,1.071582,1436.585427,3.291549,3.000000,
2022-01-04,579.725786,102.425172,312.591868,431.608915,1.066188,1445.461397,3.306143,3.000000,
2022-01-05,581.801734,103.260517,313.098956,430.677515,1.064605,1443.785724,3.321588,3.000000,
2022-01-06,584.081011,103.465111,315.355303,435.768540,1.063224,1441.835694,3.319675,3.000000,
2022-01-07,587.825170,103.689322,320.785365,449.151289,1.054950,1440.587624,3.307791,3.000000,
2022-01-10,585.206345,103.557570,318.229688,442.994678,1.054519,1447.787766,3.324722,3.000000,
2022-01-11,588.352124,103.761634,317.019088,438.540585,1.054454,1452.143521,3.316554,3.000000,
2022-01-12,596.744385,105.875826,314.986659,426.818060,1.058367,1453.445171,3.335290,3.000000,
2022-01-13,597.182655,106.269609,314.069192,423.444693,1.058063,1455.142503,3.351428,3.000000,
2022-01-14,591.990568,105.345519,310.764817,417.651633,1.065210,1441.602308,3.361126,3.000000,
2022-01-17,583.963287,103.113260,304.752486,408.021361,1.067045,1432.996259,3.348516,3.000000,
2022-01-18,589.304851,103.637973,302.182450,399.198328,1.073100,1433.010597,3.338559,3.000000,
2022-01-19,585.014184,103.162964,299.396261,393.747803,1.079479,1429.145795,3.353447,3.000000,
2022-01-20,582.813454,102.571260,298.987380,394.238103,1.081367,1426.545816,3.349701,3.000000,
2022-01-21,580.084579,102.892166,300.919192,399.068027,1.080705,1425.781263,3.376749,3.000000,
2022-01-24,573.271319,101.266160,300.395535,402.291710,1.080285,1418.270987,3.375777,3.000000,
2022-01-25,580.989844,102.148702,300.182974,398.372685,1.086921,1424.414635,3.361104,3.000000,
2022-01-26,575.878336,100.765012,300.847375,403.879619,1.086237,1417.868543,3.356522,3.000000,
2022-01-27,573.633904,100.709391,302.262511,408.115029,1.081437,1415.390482,3.369737,3.000000,
2022-01-28,568.211987,99.888098,303.145219,413.244583,1.078677,1409.270702,3.383047,3.000000,
2022-01-31,564.819607,99.058138,297.962113,401.925819,1.087731,1403.203253,3.385644,3.000000,
2022-02-01,553.160978,97.391338,297.109938,405.549056,1.085635,1393.788033,3.410381,3.000000,288.725281
2022-02-02,547.863206,96.433367,295.951489,405.584155,1.086880,1397.694857,3.418526,3.000000,
2022-02-03,547.216087,97.368512,295.151518,401.535978,1.087915,1403.136873,3.457519,3.000000,
2022-02-04,552.534080,98.689535,299.165138,408.231198,1.086759,1397.376238,3.467649,3.000000,
2022-02-07,553.248144,98.916587,298.412266,405.549111,1.088014,1400.628332,3.474501,3.000000,
2022-02-08,554.407547,98.885735,296.429153,400.082133,1.089294,1404.608067,3.472419,3.000000,
2022-02-09,555.480503,99.124240,298.110153,403.746828,1.086511,1403.257991,3.477922,3.000000,
2022-02-10,556.776106,99.754446,305.535035,421.888649,1.079539,1406.756630,3.491325,3.000000,
2022-02-11,555.198923,99.464957,305.443542,422.562781,1.077496,1403.902465,3.498564,3.000000,
2022-02-14,554.619206,99.153039,302.531604,415.480860,1.081674,1409.314081,3.499596,3.000000,
2022-02-15,559.842796,100.253204,304.104972,416.164299,1.078412,1407.884167,3.503496,3.000000,
2022-02-16,552.908188,99.029046,304.081798,420.181670,1.078181,1403.351288,3.515334,3.000000,
2022-02-17,558.092383,100.404512,303.781692,415.247807,1.076250,1412.738044,3.528235,3.000000,
2022-02-18,551.850237,99.424513,301.474387,412.457405,1.078286,1408.084397,3.542128,3.000000,
2022-02-21,553.934461,100.413413,301.868054,410.915570,1.075326,1406.464088,3.563084,3.000000,
2022-02-22,546.851916,99.160027,304.323409,421.663330,1.072518,1400.917729,3.570247,3.000000,
2022-02-23,546.287186,99.342293,304.896554,422.887035,1.072759,1406.768469,3.582442,3.000000,
2022-02-24,545.386531,99.879239,309.298464,433.828413,1.068867,1406.908104,3.607231,3.000000,
2022-02-25,544.848167,99.022154,307.510786,430.922871,1.071117,1406.492517,3.592343,3.000000,
2022-02-28,547.519952,99.414800,308.633703,432.457508,1.068669,1407.745466,3.588724,3.000000,
2022-03-01,543.984715,99.086189,310.665381,439.534389,1.065398,1399.214792,3.604434,3.000000,289.927028
2022-03-02,538.108554,97.752411,309.015119,439.339452,1.068186,1392.174227,3.608814,3.000000,
2022-03-03,549.876049,100.060323,310.718049,436.020396,1.065999,1393.329670,3.607346,3.000000,
2022-03-04,554.194459,101.216152,315.473553,445.438763,1.063173,1404.638334,3.617787,3.000000,
2022-03-07,556.378664,101.355743,316.565362,447.574991,1.063401,1405.050414,3.612994,3.000000,
2022-03-08,552.178161,99.838677,317.402138,454.315650,1.057390,1401.562306,3.597283,3.000000,
2022-03-09,542.748811,98.261475,313.357026,448.878360,1.062491,1393.611992,3.612513,3.000000,
2022-03-10,541.841995,98.060531,312.668679,447.585418,1.064119,1385.382027,3.616190,3.000000,
2022-03-11,538.149630,97.479954,313.857646,453.119854,1.065900,1380.316717,3.625237,3.000000,
2022-03-14,539.594884,97.753169,313.839102,452.013199,1.065865,1377.934759,3.629902,3.000000,
2022-03-15,541.523379,98.410684,316.251352,456.715331,1.066291,1375.485709,3.641584,3.000000,
2022-03-16,537.207555,97.386809,313.506173,452.410532,1.069494,1380.833280,3.644402,3.000000,
2022-03-17,543.706363,98.477221,313.286587,447.616284,1.067443,1383.301668,3.638644,3.000000,
2022-03-18,538.023983,97.723405,310.299570,442.337404,1.073222,1381.338668,3.653744,3.000000,
2022-03-21,535.235804,97.085760,310.654657,445.426250,1.068018,1378.454819,3.656733,3.000000,
2022-03-22,546.949506,99.065559,318.834582,460.840841,1.060939,1397.434082,3.647890,3.000000,
2022-03-23,549.051665,100.112950,323.118941,469.875820,1.060541,1409.423276,3.669258,3.000000,
2022-03-24,549.645091,99.963430,318.842300,457.971285,1.063176,1402.908199,3.663642,3.000000,
2022-03-25,553.267597,100.105593,321.587125,464.424993,1.060873,1403.414113,3.652324,3.000000,
2022-03-28,559.436167,101.219594,327.958675,478.232648,1.050330,1407.252448,3.648327,3.000000,
2022-03-29,563.764502,102.649436,329.150752,477.057099,1.050161,1408.437618,3.666371,3.000000,
2022-03-30,568.165336,103.575482,332.740324,483.879159,1.045398,1414.962681,3.668407,3.000000,
2022-03-31,567.725580,103.058593,329.252741,475.299828,1.047293,1408.948027,3.661800,3.000000,
2022-04-01,574.160614,104.574037,328.023397,466.750385,1.055146,1413.139053,3.669575,3.000000,291.260580
2022-04-04,577.112698,104.597830,325.059261,457.774189,1.056157,1420.049432,3.658575,3.000000,
2022-04-05,573.744977,104.478790,330.538743,473.961920,1.050170,1422.800013,3.681986,3.000000,
2022-04-06,580.618625,105.727500,330.549149,469.444955,1.052339,1428.438416,3.680050,3.000000,
2022-04-07,575.177590,105.072953,326.580019,461.157429,1.054734,1423.714926,3.698278,3.000000,
2022-04-08,573.093448,104.194955,323.795951,455.895120,1.057250,1425.544972,3.689504,3.000000,
2022-04-11,576.152733,105.133908,324.470758,454.894575,1.056142,1437.400012,3.701086,3.000000,
2022-04-12,576.994595,105.269870,325.590209,457.409881,1.054489,1443.258141,3.706600,3.000000,
2022-04-13,581.289932,105.854215,327.192158,459.466613,1.049807,1450.084156,3.700349,3.000000,
2022-04-14,578.479699,106.012891,326.127470,456.777651,1.050057,1444.302748,3.724368,3.000000,
2022-04-15,577.952317,106.317002,327.883743,460.972999,1.048903,1444.679237,3.741278,3.000000,
2022-04-18,572.608559,105.122480,324.007581,454.172122,1.051362,1439.924013,3.743016,3.000000,
2022-04-19,571.034467,104.552622,322.621605,451.949158,1.050314,1439.686899,3.743185,3.000000,
2022-04-20,551.965807,101.236628,313.964046,439.944787,1.055710,1420.053011,3.769273,3.000000,
2022-04-21,545.026648,99.747918,311.811191,438.927107,1.055769,1418.451373,3.771562,3.000000,
2022-04-22,540.704227,99.501760,310.597075,437.091487,1.058494,1411.784022,3.796671,3.000000,
2022-04-25,535.702749,98.367487,304.887091,425.117332,1.061934,1404.763128,3.799854,3.000000,
2022-04-26,547.716243,99.908609,309.011357,430.146857,1.059897,1419.646525,3.774526,3.000000,
2022-04-27,546.673180,99.375974,309.418860,432.623468,1.061246,1423.996219,3.770122,3.000000,
2022-04-28,546.587843,100.228595,306.053686,421.600032,1.065037,1422.295560,3.799976,3.000000,
2022-04-29,543.044786,99.281089,298.380203,403.885206,1.071629,1419.634633,3.802546,3.000000,
2022-05-02,541.514226,99.119028,295.758126,397.593691,1.071863,1420.266616,3.812251,3.000000,
2022-05-03,538.510666,98.527038,296.340275,400.940633,1.070641,1419.763936,3.818133,3.000000,
2022-05-04,539.091864,98.795272,295.440801,397.840510,1.070812,1421.135526,3.823600,3.000000,
2022-05-05,538.806574,98.786419,293.951433,393.965365,1.067451,1421.370482,3.829070,3.000000,
2022-05-06,533.278858,98.289240,293.048047,393.733535,1.066344,1417.573779,3.853560,3.000000,
2022-05-09,542.343496,99.418243,292.503762,388.088315,1.066622,1428.527028,3.831138,3.000000,
2022-05-10,547.438477,100.426293,294.498104,390.140575,1.064335,1440.082208,3.831895,3.000000,
2022-05-11,547.308585,100.197320,290.795002,381.051269,1.070290,1438.831180,3.827664,3.000000,
2022-05-12,552.679944,101.131178,293.011592,383.778223,1.071208,1437.974074,3.823229,3.000000,
2022-05-13,553.994935,100.832822,295.301303,389.930882,1.066603,1433.707474,3.807863,3.000000,
2022-05-16,552.147156,101.401571,294.230660,386.379441,1.071827,1430.064005,3.835775,3.000000,
2022-05-17,562.870533,103.815735,298.584345,390.629319,1.067863,1430.191179,3.844824,3.000000,
2022-05-18,564.261203,104.131470,304.156841,404.013416,1.064229,1436.033756,3.848306,3.000000,
2022-05-19,565.359880,104.918829,307.014888,409.584492,1.061560,1434.855593,3.867385,3.000000,
2022-05-20,569.205621,105.626811,307.782818,409.320159,1.060443,1437.554101,3.866340,3.000000,
2022-05-23,577.649454,107.413192,310.348079,410.647854,1.059027,1436.413852,3.866600,3.000000,
2022-05-24,580.442235,107.987022,308.773495,404.871039,1.059608,1439.634937,3.869878,3.000000,
2022-05-25,586.331716,109.409440,309.706260,403.313883,1.057709,1446.596647,3.877129,3.000000,
2022-05-26,587.185783,109.875379,312.887083,410.315799,1.054433,1446.540348,3.888683,3.000000,
2022-05-27,589.650906,110.153809,315.215910,415.205447,1.054946,1443.240769,3.884625,3.000000,
2022-05-30,581.246582,108.404409,311.798410,411.460994,1.059414,1435.333227,3.891417,3.000000,
2022-05-31,590.719408,110.193486,317.329939,420.256354,1.052337,1442.367411,3.889513,3.000000,
2022-06-01,594.296308,111.510499,318.777242,420.642959,1.050541,1439.129720,3.905677,3.000000,295.777953
2022-06-02,594.433930,111.342673,315.756204,413.140961,1.051969,1438.860609,3.906588,3.000000,
2022-06-03,601.604343,112.199560,318.743158,417.659677,1.049234,1445.511623,3.889122,3.000000,
2022-06-06,596.959024,112.113099,318.258970,417.459581,1.047890,1444.871416,3.917518,3.000000,
2022-06-07,592.670244,111.575327,318.284379,419.369480,1.050210,1449.625657,3.931863,3.000000,
2022-06-08,593.989649,112.961844,318.450629,416.822279,1.051661,1454.225299,3.963367,3.000000,
2022-06-09,586.580125,111.704986,317.689795,418.722899,1.055031,1442.886992,3.975930,3.000000,
2022-06-10,589.358495,112.930812,322.303981,427.629819,1.049606,1449.388940,3.997653,3.000000,
2022-06-13,594.207331,113.551102,321.462652,423.212900,1.046836,1447.041143,3.988574,3.000000,
2022-06-14,592.620138,113.052390,318.572602,417.029826,1.050378,1442.887502,3.987901,3.000000,
2022-06-15,592.783729,113.347989,320.521437,421.370162,1.045803,1444.987631,3.997467,3.000000,
2022-06-16,596.271612,113.781018,320.090388,418.687288,1.047325,1448.061023,3.989796,3.000000,
2022-06-17,602.188844,116.071100,320.510859,414.259011,1.046553,1458.631383,4.018191,3.000000,
2022-06-20,586.425020,113.518659,311.794143,400.046732,1.054653,1447.460765,4.046415,3.000000,
2022-06-21,596.558701,115.003142,311.187510,393.893237,1.054368,1453.724003,4.027739,3.000000,
2022-06-22,597.125115,115.843308,315.071205,401.875313,1.051228,1460.028046,4.050011,3.000000,
2022-06-23,605.533762,117.514013,320.131493,409.831833,1.046778,1472.361191,4.049438,3.000000,
2022-06-24,606.578897,117.299323,321.700971,413.895331,1.047454,1482.954028,4.041097,3.000000,
2022-06-27,609.892716,117.612605,322.938975,415.737859,1.044239,1495.602012,4.032671,3.000000,
2022-06-28,605.696386,116.950493,322.399660,416.358057,1.040943,1493.920929,4.044125,3.000000,
2022-06-29,606.746605,117.104338,324.585342,421.337336,1.037896,1494.502121,4.045538,3.000000,
2022-06-30,605.703792,117.491643,324.690749,421.043621,1.040675,1496.919957,4.066307,3.000000,
2022-07-01,596.321490,115.614839,321.909936,419.293566,1.042104,1498.556601,4.075503,3.000000,298.008230
2022-07-04,590.609744,114.792854,320.067793,417.242937,1.045259,1497.664094,4.089706,3.000000,
2022-07-05,589.986339,114.781972,321.397131,420.726151,1.046536,1491.368667,4.095093,3.000000,
2022-07-06,597.686682,116.751794,321.111133,414.745245,1.046014,1489.016128,4.106188,3.000000,
2022-07-07,593.652523,116.547068,318.595867,409.539706,1.049958,1484.940304,4.129017,3.000000,
2022-07-08,585.649399,115.083038,311.144918,395.090277,1.058317,1479.385068,4.141079,3.000000,
2022-07-11,574.768094,112.927596,305.850598,387.837263,1.064231,1475.241065,4.155574,3.000000,
2022-07-12,571.564867,112.035734,305.431290,388.953372,1.065757,1467.916402,4.154958,3.000000,
2022-07-13,563.412544,109.983703,298.175372,376.167290,1.071271,1467.364616,4.157047,3.000000,
2022-07-14,556.482360,108.950869,299.389293,382.307867,1.071667,1470.793012,4.175888,3.000000,
2022-07-15,563.494193,110.530027,304.019769,389.580572,1.066391,1483.334983,4.179307,3.000000,
2022-07-18,560.787389,110.206947,302.482772,386.811793,1.066807,1488.341021,4.189716,3.000000,
2022-07-19,563.353807,110.492952,308.635804,401.203739,1.058881,1484.356716,4.187971,3.000000,
2022-07-20,567.667915,110.653009,310.359610,404.353174,1.058834,1487.514086,4.170020,3.000000,
2022-07-21,563.663678,109.603204,307.569524,400.001888,1.058233,1483.470384,4.170536,3.000000,
2022-07-22,569.497627,110.640416,310.090911,403.222813,1.055548,1490.511659,4.166259,3.000000,
2022-07-25,568.558963,110.711740,305.763944,392.323270,1.062679,1486.307314,4.177342,3.000000,
2022-07-26,568.736396,110.819376,301.742078,382.044607,1.065183,1484.273440,4.180753,3.000000,
2022-07-27,564.247993,109.680547,299.151474,378.480695,1.072202,1480.843286,4.181479,3.000000,
2022-07-28,557.260049,108.285764,295.487110,373.207772,1.073353,1466.991202,4.191455,3.000000,
2022-07-29,566.757699,109.822609,302.051914,384.833167,1.064758,1483.365285,4.178610,3.000000,
2022-08-01,564.747261,110.161159,298.600082,376.038383,1.068317,1477.321210,4.202609,3.000000,298.877144
2022-08-02,559.482904,108.348472,298.755505,380.616182,1.063953,1468.875314,4.190052,3.000000,
2022-08-03,561.610793,108.861043,298.150560,377.737801,1.064395,1470.114908,4.193180,3.000000,
2022-08-04,565.131657,109.382358,300.996690,383.128824,1.062196,1474.043049,4.188669,3.000000,
2022-08-05,563.879885,109.385030,300.303733,381.599186,1.062144,1474.483160,4.197957,3.000000,
2022-08-08,568.436378,110.688108,307.780357,396.962112,1.051523,1470.989356,4.208346,3.000000,
2022-08-09,566.417541,110.097500,306.586353,395.401015,1.054228,1469.577167,4.209220,3.000000,
2022-08-10,567.747556,110.412489,305.606630,392.050845,1.057287,1472.476600,4.211735,3.000000,
2022-08-11,568.070313,110.616792,306.579719,394.002489,1.062929,1473.155301,4.221234,3.000000,
2022-08-12,564.063235,110.158808,305.295843,392.368338,1.060664,1461.978055,4.237154,3.000000,
2022-08-15,555.048323,107.558943,302.771260,392.588320,1.061076,1455.224846,4.225449,3.000000,
2022-08-16,557.176038,108.052647,307.035531,402.010552,1.059890,1454.605798,4.227977,3.000000,
2022-08-17,552.529774,106.723270,301.651114,391.737432,1.065749,1452.002151,4.225392,3.000000,
2022-08-18,547.833987,105.725782,305.020234,403.190043,1.064561,1454.812435,4.231229,3.000000,
2022-08-19,548.399231,106.198961,304.529580,400.835555,1.062981,1453.679062,4.244861,3.000000,
2022-08-22,545.686369,106.330104,303.020004,397.228980,1.066830,1456.514422,4.268290,3.000000,
2022-08-23,545.858213,105.904161,302.206802,395.883365,1.070755,1455.469035,4.260169,3.000000,
2022-08-24,544.982158,105.713153,300.651841,392.413900,1.070905,1451.317416,4.261356,3.000000,
2022-08-25,544.215159,105.373634,301.862659,396.268562,1.069770,1451.829935,4.261417,3.000000,
2022-08-26,556.220365,108.066110,308.873606,406.489150,1.062967,1465.382293,4.265740,3.000000,
2022-08-29,557.685134,108.014089,308.059758,404.148011,1.062354,1461.166410,4.254955,3.000000,
2022-08-30,554.645097,108.238176,308.393279,405.152777,1.067541,1454.495399,4.279957,3.000000,
2022-08-31,562.954119,109.345820,309.580429,404.297821,1.067358,1458.538211,4.261257,3.000000,
2022-09-01,550.898236,106.676526,306.599560,404.254584,1.071291,1447.611136,4.265392,3.000000,300.566732
2022-09-02,551.598371,108.409093,313.276977,417.928861,1.065487,1445.427178,4.308280,3.000000,
2022-09-05,550.044655,107.358812,309.742174,411.109059,1.068008,1445.827073,4.294273,3.000000,
2022-09-06,545.783970,106.586600,311.825699,418.949358,1.063993,1445.771988,4.303043,3.000000,
2022-09-07,546.599651,106.794864,312.358990,419.695462,1.069111,1450.744115,4.306730,3.000000,
2022-09-08,550.364499,107.875947,311.464373,414.331893,1.069213,1454.913919,4.315429,3.000000,
2022-09-09,550.139111,107.589850,307.685642,405.130281,1.070542,1453.749221,4.312127,3.000000,
2022-09-12,548.866951,106.851297,308.478993,408.835646,1.069332,1446.333123,4.301899,3.000000,
2022-09-13,550.346435,107.550376,309.875104,410.705684,1.071363,1448.362097,4.313099,3.000000,
2022-09-14,544.260112,106.900006,306.963710,405.706702,1.076027,1446.774122,4.339242,3.000000,
2022-09-15,541.123130,106.495475,307.860457,409.443815,1.078323,1441.475326,4.352620,3.000000,
2022-09-16,535.165110,104.735891,304.521796,405.504312,1.080991,1434.580540,4.341849,3.000000,
2022-09-19,527.813434,103.975558,299.039727,394.358532,1.083470,1432.275268,4.371646,3.000000,
2022-09-20,528.178761,104.132647,295.266835,384.286195,1.091659,1425.764138,4.377493,3.000000,
2022-09-21,523.440233,102.762845,293.245452,382.697421,1.095230,1427.697674,4.371948,3.000000,
2022-09-22,528.668496,103.620252,296.162617,387.347387,1.095890,1439.143291,4.363482,3.000000,
2022-09-23,532.792444,104.803334,298.989075,391.377320,1.092628,1437.689238,4.372981,3.000000,
2022-09-26,531.152384,105.426769,297.752124,387.334742,1.101351,1441.714947,4.403805,3.000000,
2022-09-27,530.707975,105.550509,297.479020,386.453067,1.101564,1452.070578,4.413821,3.000000,
2022-09-28,530.305928,105.871259,299.736487,391.620588,1.097287,1453.687601,4.429414,3.000000,
2022-09-29,524.342963,104.793067,297.461787,389.086043,1.099215,1450.436128,4.439598,3.000000,
2022-09-30,523.706278,105.396312,297.005699,386.865578,1.096027,1450.501541,4.463416,3.000000,
2022-10-03,515.341872,103.021477,289.441262,373.880062,1.102192,1437.152411,4.455291,3.000000,
2022-10-04,522.276892,104.465153,294.159695,381.605133,1.098698,1440.054220,4.454252,3.000000,
2022-10-05,522.161963,105.164278,293.461737,378.516394,1.099733,1441.865905,4.476717,3.000000,
2022-10-06,519.555963,104.265006,291.736173,376.333013,1.102632,1428.804116,4.472102,3.000000,
2022-10-07,517.604242,103.890850,287.907418,367.784466,1.105107,1421.912096,4.476508,3.000000,
2022-10-10,504.308092,101.488916,283.089725,362.821758,1.114440,1419.521294,4.496547,3.000000,
2022-10-11,503.698669,101.337770,282.054178,360.592603,1.116927,1413.493562,4.499138,3.000000,
2022-10-12,510.385094,102.944618,283.562296,360.024049,1.119563,1408.097614,4.501481,3.000000,
2022-10-13,515.513196,103.890208,284.902265,360.570076,1.118046,1408.556278,4.494310,3.000000,
2022-10-14,511.644464,103.078841,283.500875,359.288406,1.122214,1408.596329,4.499872,3.000000,
2022-10-17,507.169587,102.064398,283.630697,362.306682,1.121047,1408.551610,4.498911,3.000000,
2022-10-18,504.059176,101.754424,282.300635,360.148798,1.124148,1403.110849,4.509586,3.000000,
2022-10-19,505.963068,102.239779,283.244249,361.181206,1.122580,1403.655505,4.505482,3.000000,
2022-10-20,508.326138,102.840783,279.873315,351.267745,1.128516,1395.786928,4.504379,3.000000,
2022-10-21,497.912487,100.571136,273.688593,342.137981,1.136587,1389.137968,4.505692,3.000000,
2022-10-24,501.756441,101.826282,276.563449,346.160513,1.134460,1394.584662,4.510781,3.000000,
2022-10-25,498.363293,101.428368,278.158131,351.408516,1.134319,1387.201346,4.520537,3.000000,
2022-10-26,505.769206,102.456869,285.779657,366.927983,1.131154,1383.466328,4.495945,3.000000,
2022-10-27,504.049717,102.436252,286.938919,370.190234,1.130203,1378.974096,4.504046,3.000000,
2022-10-28,506.746157,103.282730,288.647737,372.308055,1.128079,1379.568331,4.507789,3.000000,
2022-10-31,496.248435,100.981464,284.076310,367.240889,1.132802,1370.209224,4.512226,3.000000,
2022-11-01,499.895586,101.858576,286.700413,371.405685,1.129490,1381.036797,4.510908,3.000000,304.424076
2022-11-02,502.227022,102.939968,290.730186,379.041108,1.124775,1382.345794,4.523976,3.000000,
2022-11-03,504.110525,103.151766,289.303161,374.575291,1.128768,1385.761775,4.515326,3.000000,
2022-11-04,503.375581,102.971718,288.386774,372.707353,1.129871,1391.232304,4.513007,3.000000,
2022-11-07,499.425893,102.422588,284.953144,365.877589,1.133444,1374.969569,4.524596,3.000000,
2022-11-08,498.469151,102.070784,282.039174,359.399980,1.132121,1367.879063,4.518377,3.000000,
2022-11-09,499.148044,102.661928,283.201577,361.036150,1.132453,1365.265800,4.525251,3.000000,
2022-11-10,496.175609,101.648081,284.457191,366.609279,1.131326,1372.065315,4.515535,3.000000,
2022-11-11,494.732349,101.702003,285.981276,370.613029,1.129109,1368.981360,4.525301,3.000000,
2022-11-14,491.981926,100.685226,286.906271,375.438921,1.128647,1364.770825,4.510904,3.000000,
2022-11-15,493.805361,101.501030,288.250884,376.865139,1.122279,1365.075641,4.515657,3.000000,
2022-11-16,498.279996,102.468653,290.715273,380.283487,1.120316,1368.472745,4.511148,3.000000,
2022-11-17,499.934800,102.984307,289.123606,374.859588,1.121097,1377.331160,4.510092,3.000000,
2022-11-18,500.977249,103.280335,289.493120,374.970763,1.119404,1379.470490,4.507796,3.000000,
2022-11-21,500.953901,103.542597,290.427367,376.801920,1.118407,1381.887750,4.512316,3.000000,
2022-11-22,501.240362,103.524568,287.183248,368.560020,1.122939,1379.648642,4.506144,3.000000,
2022-11-23,495.222956,102.342769,286.411555,370.030312,1.124493,1378.751943,4.512888,3.000000,
2022-11-24,496.557784,102.498857,286.935238,370.729325,1.125619,1377.992288,4.504351,3.000000,
2022-11-25,496.990105,102.350106,290.050337,378.764800,1.123303,1372.282551,4.495198,3.000000,
2022-11-28,492.569051,101.476032,286.930260,373.400782,1.124930,1363.743388,4.497526,3.000000,
2022-11-29,491.118784,101.080490,286.619089,373.628511,1.126304,1371.947694,4.492581,3.000000,
2022-11-30,485.626753,99.546249,282.755655,367.872767,1.131539,1369.914868,4.482706,3.000000,
2022-12-01,483.181323,98.993809,281.624076,366.534661,1.131877,1374.531420,4.484002,3.000000,306.495960
2022-12-02,476.416764,97.906546,276.739771,357.644560,1.136009,1372.548273,4.501323,3.000000,
2022-12-05,476.463982,97.596092,274.339008,352.136727,1.142924,1372.192735,4.488882,3.000000,
2022-12-06,475.096935,97.587192,274.153928,351.934953,1.143023,1380.301243,4.499027,3.000000,
2022-12-07,480.091508,98.763582,277.213764,356.319677,1.141113,1386.025401,4.497690,3.000000,
2022-12-08,482.202911,99.166803,275.521706,350.867416,1.144642,1379.986497,4.493563,3.000000,
2022-12-09,485.032780,100.059940,280.013551,359.802511,1.139646,1376.592992,4.498450,3.000000,
2022-12-12,483.669616,99.538132,279.158467,358.868752,1.140930,1371.372043,4.491190,3.000000,
2022-12-13,480.128622,98.825195,278.530239,359.327030,1.137817,1362.099267,4.492928,3.000000,
2022-12-14,481.602590,99.331562,282.097040,367.025994,1.134825,1367.755993,4.492368,3.000000,
2022-12-15,484.086873,99.713635,285.120274,373.405099,1.128974,1372.406357,4.483399,3.000000,
2022-12-16,483.583208,99.034364,287.262626,380.299472,1.123480,1368.566126,4.466666,3.000000,
2022-12-19,484.481909,99.158963,285.370166,374.937994,1.125349,1370.739456,4.461155,3.000000,
2022-12-20,485.492559,99.049616,283.671403,370.538920,1.121962,1366.527163,4.447055,3.000000,
2022-12-21,488.218154,99.414445,284.121666,370.346285,1.117052,1368.771673,4.435319,3.000000,
2022-12-22,496.392076,101.202081,289.743560,379.417018,1.110876,1378.656108,4.429622,3.000000,
2022-12-23,498.903679,101.494643,292.459705,385.210967,1.103860,1387.108933,4.418771,3.000000,
2022-12-26,493.903612,100.354875,294.269941,393.229493,1.100461,1380.669235,4.418210,3.000000,
2022-12-27,490.293653,99.271232,294.736898,397.439507,1.106388,1383.984652,4.410270,3.000000,
2022-12-28,483.836367,98.105263,290.336265,389.720652,1.110179,1376.017618,4.419260,3.000000,
2022-12-29,477.283412,96.877008,286.007081,382.362168,1.113919,1362.764632,4.431355,3.000000,
2022-12-30,478.107620,97.463442,285.037475,378.426167,1.118186,1367.268077,4.439844,3.000000,
2023-01-02,474.232585,96.311610,281.365379,372.052764,1.119612,1373.023752,4.431050,5.250000,
2023-01-03,475.621433,96.487324,282.068810,373.161217,1.117083,1370.720040,4.424431,5.250000,
2023-01-04,480.840904,97.943665,288.591857,385.936437,1.107289,1376.571591,4.428821,5.250000,
2023-01-05,474.264604,96.610656,280.367555,368.749402,1.115439,1370.005839,4.432985,5.250000,
2023-01-06,471.424306,96.273029,275.576148,357.764814,1.120052,1368.094891,4.439395,5.250000,
2023-01-09,472.013319,96.282095,277.159176,361.594343,1.118373,1370.244147,4.433951,5.250000,
2023-01-10,479.929337,97.600930,282.234892,370.206106,1.110580,1374.167465,4.416556,5.250000,
2023-01-11,473.278139,96.154131,280.369468,369.689968,1.107369,1370.658657,4.418557,5.250000,
2023-01-12,471.644200,96.071225,281.423999,372.895223,1.107293,1362.724599,4.426210,5.250000,
2023-01-13,470.930007,95.748027,279.738541,369.303323,1.108091,1353.216392,4.419448,5.250000,
2023-01-16,468.328320,94.919005,279.940087,372.022642,1.106184,1355.337804,4.410564,5.250000,
2023-01-17,465.818029,94.227146,280.328867,374.966455,1.109864,1352.166467,4.404275,5.250000,
2023-01-18,461.784920,93.044395,278.494748,373.487734,1.110978,1347.735941,4.395019,5.250000,
2023-01-19,459.576640,92.626833,275.605130,367.268262,1.118196,1339.880888,4.398572,5.250000,
2023-01-20,461.776763,93.161854,280.309217,377.913159,1.113283,1341.382310,4.397975,5.250000,
2023-01-23,458.882188,92.542174,274.505128,364.651873,1.121350,1333.445542,4.401864,5.250000,
2023-01-24,459.678714,92.426630,271.807079,357.699394,1.125899,1331.229869,4.391959,5.250000,
2023-01-25,464.003300,93.482068,277.301201,368.743352,1.118439,1333.972454,4.389320,5.250000,
2023-01-26,465.502293,93.884880,280.180374,375.027171,1.110846,1333.536459,4.387371,5.250000,
2023-01-27,467.215493,94.586287,281.153298,375.688539,1.111194,1335.746262,4.394674,5.250000,
2023-01-30,470.291582,95.023889,283.032010,378.941671,1.103031,1332.117650,4.381961,5.250000,
2023-01-31,476.445908,96.442260,286.736741,384.251747,1.097534,1339.460338,4.377692,5.250000,
2023-02-01,483.001845,97.953148,291.725041,392.653381,1.092933,1351.151263,4.374643,5.250000,307.720558
2023-02-02,485.614797,98.630670,294.190415,397.079650,1.089653,1352.046055,4.373406,5.250000,
2023-02-03,493.057840,100.225618,293.267755,389.664916,1.093336,1361.342029,4.364329,5.250000,
2023-02-06,494.752380,100.764883,292.585633,386.402346,1.098099,1355.670260,4.367462,5.250000,
2023-02-07,496.462965,100.769001,291.905913,384.217775,1.104756,1353.405778,4.350148,5.250000,
2023-02-08,501.806465,101.954247,295.232660,389.211959,1.100098,1360.075676,4.346463,5.250000,
2023-02-09,503.493706,102.260744,296.704753,391.976543,1.101899,1364.044521,4.343103,5.250000,
2023-02-10,508.934198,103.474857,298.712485,393.505761,1.100961,1364.183463,4.337932,5.250000,
2023-02-13,511.718423,103.552278,296.257907,386.421287,1.109489,1372.644077,4.323804,5.250000,
2023-02-14,510.128203,102.907168,296.655460,388.978444,1.107483,1366.565900,4.314575,5.250000,
2023-02-15,511.141291,103.187766,293.568715,380.323912,1.113587,1363.104742,4.312583,5.250000,
2023-02-16,508.003335,102.630130,295.497977,386.923288,1.108677,1361.614409,4.317441,5.250000,
2023-02-17,504.578508,101.567294,299.443318,399.921496,1.103700,1355.586363,4.308035,5.250000,
2023-02-20,504.066089,101.198009,297.364485,395.327473,1.106232,1353.216075,4.299421,5.250000,
2023-02-21,500.472873,100.669885,299.739610,403.367612,1.100604,1350.963153,4.308590,5.250000,
2023-02-22,498.835681,100.208245,299.156876,403.117094,1.099136,1353.365215,4.304466,5.250000,
2023-02-23,496.933213,99.506669,302.259855,413.204512,1.098018,1349.858679,4.296652,5.250000,
2023-02-24,496.145619,99.113629,303.883549,418.535087,1.093757,1350.132359,4.288940,5.250000,
2023-02-27,480.775565,96.273425,297.468535,411.146551,1.095320,1333.647619,4.311386,5.250000,
2023-02-28,485.163036,97.522483,304.445613,426.169539,1.086341,1338.623603,4.315397,5.250000,
2023-03-01,499.634569,100.253205,312.089301,437.246082,1.083880,1343.186556,4.294097,5.250000,307.897795
2023-03-02,501.390071,100.523706,308.713048,426.989843,1.090311,1345.311951,4.285270,5.250000,
2023-03-03,500.084977,100.217657,309.640467,430.437390,1.090629,1348.277899,4.284590,5.250000,
2023-03-06,495.472754,99.260579,309.186610,432.420371,1.090048,1336.139006,4.285734,5.250000,
2023-03-07,491.602751,98.130761,308.600033,434.283143,1.092237,1326.032567,4.279246,5.250000,
2023-03-08,494.487724,98.585660,307.382231,429.150146,1.097892,1324.939660,4.273149,5.250000,
2023-03-09,496.560450,99.074130,303.518844,417.074907,1.102198,1322.934801,4.273364,5.250000,
2023-03-10,499.229606,99.634579,308.635450,428.944477,1.100138,1316.546006,4.271591,5.250000,
2023-03-13,499.148572,99.720684,310.533320,433.879625,1.095151,1321.228412,4.272914,5.250000,
2023-03-14,497.140250,99.019666,310.397361,435.532145,1.092614,1321.798291,4.263234,5.250000,
2023-03-15,496.541971,98.479805,307.414940,428.701723,1.095475,1328.709382,4.250604,5.250000,
2023-03-16,497.570825,98.668333,306.332653,425.038831,1.104507,1337.076185,4.247434,5.250000,
2023-03-17,498.702692,99.267156,308.663049,429.698038,1.096914,1338.590708,4.253283,5.250000,
2023-03-20,492.783567,97.667380,304.995160,424.707438,1.103568,1338.824653,4.245253,5.250000,
2023-03-21,491.339784,97.006088,301.115848,415.977664,1.106092,1335.092243,4.235276,5.250000,
2023-03-22,488.512268,96.187507,301.528057,419.550536,1.103992,1326.482332,4.229447,5.250000,
2023-03-23,494.078881,97.413309,300.442813,412.515642,1.105733,1327.192925,4.227267,5.250000,
2023-03-24,489.179602,95.768111,301.365664,419.784603,1.103355,1317.506164,4.209197,5.250000,
2023-03-27,494.725227,96.572351,304.995647,426.434106,1.099243,1329.178598,4.193981,5.250000,
2023-03-28,500.392567,97.367044,310.434210,438.057876,1.091368,1331.881937,4.176034,5.250000,
2023-03-29,502.461325,97.809839,311.107907,438.317838,1.093464,1331.415659,4.173077,5.250000,
2023-03-30,504.760093,98.101215,314.941620,447.592643,1.088515,1330.580115,4.166702,5.250000,
2023-03-31,504.155896,98.206987,315.733221,449.639224,1.090259,1332.522719,4.172581,5.250000,
2023-04-03,507.143602,99.288176,316.898648,449.524755,1.092554,1337.486615,4.182314,5.250000,
2023-04-04,504.191720,98.579543,314.688326,445.751364,1.097873,1338.740386,4.179891,5.250000,
2023-04-05,501.355253,98.516138,321.573803,465.826328,1.091944,1341.004721,4.195364,5.250000,
2023-04-06,499.051309,97.686691,320.347141,464.934208,1.085297,1334.194797,4.186862,5.250000,
2023-04-07,496.345081,96.547258,314.386084,451.560302,1.091924,1323.017001,4.168189,5.250000,
2023-04-10,496.375871,96.190042,313.491982,449.850945,1.095572,1328.256611,4.155731,5.250000,
2023-04-11,491.312578,94.617987,308.179476,440.031903,1.097578,1327.843113,4.141422,5.250000,
2023-04-12,496.103387,96.040119,312.054717,446.152432,1.092519,1329.938917,4.151057,5.250000,
2023-04-13,500.304001,96.508929,308.332130,433.636377,1.096830,1332.779988,4.135173,5.250000,
2023-04-14,500.793972,97.119606,311.824508,441.657610,1.094802,1339.813932,4.149919,5.250000,
2023-04-17,500.062370,96.975030,314.641715,449.953366,1.091226,1339.677590,4.146877,5.250000,
2023-04-18,506.672179,98.627817,319.106851,456.720493,1.088772,1343.459671,4.150408,5.250000,
2023-04-19,506.209103,98.690609,320.405377,460.266280,1.086304,1343.115296,4.154670,5.250000,
2023-04-20,498.005067,97.254647,316.231955,454.094487,1.090735,1337.624207,4.166761,5.250000,
2023-04-21,503.451821,98.754247,322.822678,467.524405,1.084214,1337.117498,4.167976,5.250000,
2023-04-24,504.393949,98.757896,319.043929,456.596345,1.085849,1331.043617,4.160206,5.250000,
2023-04-25,505.421955,98.922222,322.955968,466.854947,1.082072,1331.459577,4.155443,5.250000,
2023-04-26,504.986022,99.055517,322.996984,466.704448,1.080281,1337.030176,4.164534,5.250000,
2023-04-27,504.753902,99.267777,320.531829,459.276933,1.082269,1340.756329,4.170407,5.250000,
2023-04-28,499.358203,98.133792,316.697461,452.608112,1.083966,1334.104153,4.171471,5.250000,
2023-05-01,504.041406,99.128984,320.420167,459.366458,1.080405,1340.673099,4.165215,5.250000,309.305704
2023-05-02,499.206583,97.897155,315.948959,451.010029,1.083122,1332.779284,4.161043,5.250000,
2023-05-03,496.238999,97.130158,314.932716,450.711786,1.081668,1334.822815,4.156993,5.250000,
2023-05-04,490.428639,96.142282,312.161769,446.787387,1.089132,1334.984551,4.165594,5.250000,
2023-05-05,494.717647,97.199670,314.730720,450.265372,1.088456,1337.140426,4.166754,5.250000,
2023-05-08,488.596645,95.864731,313.336182,451.112925,1.093188,1332.118828,4.168527,5.250000,
2023-05-09,491.334671,96.292673,315.021831,454.035254,1.093198,1335.399968,4.161465,5.250000,
2023-05-10,492.502981,96.395632,318.543630,463.365018,1.095137,1335.226491,4.156414,5.250000,
2023-05-11,497.918892,97.267920,325.510061,479.548733,1.088259,1343.617220,4.145434,5.250000,
2023-05-12,501.110864,97.437372,325.851231,479.164664,1.088490,1347.931037,4.127386,5.250000,
2023-05-15,494.899310,96.342660,319.180163,464.486959,1.097704,1344.935145,4.136953,5.250000,
2023-05-16,502.528739,97.557593,324.287883,473.887729,1.090114,1353.057370,4.121538,5.250000,
2023-05-17,508.547614,99.098639,324.118204,467.950522,1.092046,1361.563838,4.125018,5.250000,
2023-05-18,500.377192,97.516803,323.079748,471.010402,1.090469,1352.303175,4.131686,5.250000,
2023-05-19,495.557616,96.410519,323.736975,476.922745,1.086496,1347.660814,4.131968,5.250000,
2023-05-22,496.733329,96.227177,319.323782,464.401806,1.091415,1351.899753,4.116297,5.250000,
2023-05-23,496.923310,96.322094,318.360042,461.329163,1.088342,1352.132788,4.117268,5.250000,
2023-05-24,499.959730,97.133812,317.177556,455.169621,1.089880,1357.697072,4.119265,5.250000,
2023-05-25,499.639537,96.882968,321.435687,467.818239,1.084890,1348.039507,4.112397,5.250000,
2023-05-26,503.115755,97.650896,324.011555,472.240389,1.082479,1342.406921,4.111249,5.250000,
2023-05-29,499.920933,97.455657,321.410959,466.141508,1.085632,1332.371758,4.124566,5.250000,
2023-05-30,505.771614,98.181743,326.631902,477.547471,1.082668,1334.941813,4.103813,5.250000,
2023-05-31,506.254153,98.522724,329.041975,483.392115,1.083050,1334.996184,4.108261,5.250000,
2023-06-01,506.165362,98.851945,329.876604,484.918786,1.081410,1333.267354,4.117027,5.250000,310.307778
2023-06-02,506.266761,98.983935,327.838849,478.675550,1.082774,1323.207670,4.120765,5.250000,
2023-06-05,505.752503,99.247142,324.360962,468.255124,1.086700,1322.038620,4.131759,5.250000,
2023-06-06,500.410634,98.100584,320.783494,462.320795,1.087942,1316.433474,4.133447,5.250000,
2023-06-07,503.306118,98.347706,322.964536,467.039584,1.087363,1317.274419,4.119301,5.250000,
2023-06-08,502.017536,98.211806,322.468120,466.254671,1.085627,1316.778671,4.123913,5.250000,
2023-06-09,506.284975,99.178530,328.056338,478.509273,1.081914,1321.978950,4.121012,5.250000,
2023-06-12,517.823704,101.212983,334.450377,488.497351,1.074638,1330.913280,4.100979,5.250000,
2023-06-13,522.550213,102.753249,338.880074,495.972059,1.072274,1330.897741,4.112381,5.250000,
2023-06-14,521.504720,102.388977,338.973639,497.369286,1.073700,1333.139315,4.105811,5.250000,
2023-06-15,526.417347,103.237436,343.001914,505.393036,1.073229,1338.884890,4.097120,5.250000,
2023-06-16,522.125582,102.144032,334.237798,484.212227,1.084883,1330.576525,4.093208,5.250000,
2023-06-19,518.691071,101.669009,329.256529,472.190977,1.086287,1334.043891,4.097974,5.250000,
2023-06-20,519.032978,102.166533,333.901009,483.906590,1.080645,1336.038092,4.107130,5.250000,
2023-06-21,513.627399,100.732063,333.451595,487.555082,1.080514,1326.484868,4.102043,5.250000,
2023-06-22,512.780364,100.019880,333.004197,488.226766,1.081853,1324.581784,4.085214,5.250000,
2023-06-23,516.956740,100.617789,338.347375,500.862851,1.079770,1324.507957,4.075351,5.250000,
2023-06-26,513.642250,100.198196,337.856550,501.379124,1.082907,1316.446358,4.084959,5.250000,
2023-06-27,511.900295,99.680138,341.246525,513.040879,1.082026,1316.415448,4.081442,5.250000,
2023-06-28,508.474114,98.858581,342.748713,520.597439,1.086810,1311.058833,4.080887,5.250000,
2023-06-29,506.210766,98.348105,342.902427,523.043691,1.085874,1305.411803,4.081091,5.250000,
2023-06-30,502.357433,97.789554,340.413964,518.241608,1.089875,1303.335732,4.090775,5.250000,
2023-07-03,495.397420,96.095724,333.359557,503.926308,1.098381,1299.356722,4.085436,5.250000,
2023-07-04,494.415914,96.215297,336.383520,512.783116,1.094472,1301.117974,4.093795,5.250000,
2023-07-05,499.614604,98.263097,337.498668,508.958547,1.093534,1303.783037,4.118725,5.250000,
2023-07-06,497.664440,97.881541,335.012221,503.172150,1.098716,1302.625606,4.118627,5.250000,
2023-07-07,497.578254,98.009891,337.081306,508.872570,1.098387,1304.083037,4.122160,5.250000,
2023-07-10,486.893946,95.363346,327.421813,490.596826,1.106047,1294.885472,4.114597,5.250000,
2023-07-11,479.114315,94.046625,325.283013,490.028561,1.105457,1280.128851,4.126915,5.250000,
2023-07-12,476.939526,93.979292,319.090817,472.721092,1.110207,1284.632627,4.137508,5.250000,
2023-07-13,477.698240,93.343216,316.146067,465.601163,1.113857,1278.629855,4.113033,5.250000,
2023-07-14,476.590159,93.329280,315.285728,463.417490,1.115060,1271.435045,4.118175,5.250000,
2023-07-17,470.175202,91.785366,311.440773,458.066134,1.118840,1266.922225,4.117751,5.250000,
2023-07-18,469.518835,91.879740,312.841932,461.978679,1.122596,1270.313995,4.121693,5.250000,
2023-07-19,473.752791,92.832405,314.195691,462.177784,1.122700,1270.337882,4.119985,5.250000,
2023-07-20,472.110461,92.529222,308.351296,446.689343,1.129759,1259.406726,4.122983,5.250000,
2023-07-21,468.107890,91.704269,305.916296,442.884108,1.128523,1257.404753,4.126234,5.250000,
2023-07-24,469.211210,91.576966,303.104241,434.939393,1.129845,1258.109665,4.113060,5.250000,
2023-07-25,468.262527,91.409636,301.251135,430.365765,1.133839,1255.826647,4.112849,5.250000,
2023-07-26,463.068506,89.803258,296.748426,423.025407,1.142210,1253.527480,4.099287,5.250000,
2023-07-27,454.680231,87.853781,290.790037,413.328151,1.147254,1250.073619,4.098097,5.250000,
2023-07-28,458.980168,88.662025,295.698885,423.851028,1.143269,1260.357111,4.091687,5.250000,
2023-07-31,461.202371,88.969902,297.761438,428.228891,1.137838,1262.099162,4.085159,5.250000,
2023-08-01,462.810860,89.460765,297.426355,425.605193,1.138269,1270.645045,4.087214,5.250000,311.217250
2023-08-02,460.973319,89.153153,299.342724,432.173798,1.134631,1273.767882,4.089733,5.250000,
2023-08-03,463.165620,89.246427,299.544184,431.869269,1.136050,1264.353277,4.077311,5.250000,
2023-08-04,461.809875,89.293020,308.250648,456.903797,1.125363,1253.393058,4.087991,5.250000,
2023-08-07,461.068011,89.229066,307.261297,454.366369,1.125255,1257.942704,4.092389,5.250000,
2023-08-08,466.626454,90.372667,305.922876,445.986180,1.128058,1263.977105,4.087663,5.250000,
2023-08-09,466.888312,90.286974,305.783531,445.680529,1.127731,1265.119894,4.079074,5.250000,
2023-08-10,469.366633,90.943141,302.239754,433.328555,1.131979,1261.768540,4.080856,5.250000,
2023-08-11,463.757796,89.801921,302.199060,437.483455,1.129851,1261.744592,4.084971,5.250000,
2023-08-14,472.671062,91.698669,304.070166,435.619655,1.130116,1269.175147,4.079072,5.250000,
2023-08-15,468.839712,90.976541,302.696813,434.503567,1.132127,1274.595431,4.082846,5.250000,
2023-08-16,481.803703,92.886582,306.430192,436.819123,1.125905,1285.638134,4.047253,5.250000,
2023-08-17,481.630190,92.991492,308.444552,442.173342,1.126421,1293.518964,4.047706,5.250000,
2023-08-18,487.452043,94.088171,309.993172,442.255106,1.126761,1299.217235,4.037906,5.250000,
2023-08-21,485.603955,93.674797,307.359602,436.358875,1.128557,1298.843782,4.035578,5.250000,
2023-08-22,482.519662,93.302879,306.020588,434.279482,1.127133,1298.422494,4.043198,5.250000,
2023-08-23,484.694359,93.725051,306.624499,434.329813,1.128560,1296.945137,4.038309,5.250000,
2023-08-24,484.945241,93.729356,305.169028,430.188927,1.133502,1289.758132,4.038378,5.250000,
2023-08-25,483.699658,93.359687,303.534610,426.831419,1.136704,1291.886789,4.032366,5.250000,
2023-08-28,489.871093,94.759279,310.280063,440.485149,1.128159,1301.558937,4.031133,5.250000,
2023-08-29,485.871227,93.916672,308.804545,439.390143,1.126759,1295.606229,4.031751,5.250000,
2023-08-30,480.093281,92.796738,310.528670,448.413283,1.124118,1286.430977,4.034968,5.250000,
2023-08-31,477.090078,92.031658,310.676595,451.498103,1.124186,1279.966222,4.029440,5.250000,
2023-09-01,486.230677,94.265023,316.377491,459.515631,1.119856,1288.005132,4.032507,5.250000,311.428054
2023-09-04,479.712658,93.277143,307.411045,438.440842,1.132068,1286.186612,4.049534,5.250000,
2023-09-05,484.621520,94.107548,314.295557,454.341483,1.130716,1286.486553,4.041510,5.250000,
2023-09-06,481.875485,93.508651,313.096182,453.126672,1.134305,1277.990000,4.040717,5.250000,
2023-09-07,476.279500,92.583305,315.084121,462.593887,1.129144,1273.928280,4.050085,5.250000,
2023-09-08,472.481425,91.520787,308.086314,446.359941,1.132474,1268.188215,4.041911,5.250000,
2023-09-11,469.179112,90.752856,308.528079,450.399493,1.131628,1259.489233,4.040080,5.250000,
2023-09-12,469.623857,90.823207,310.527729,455.751197,1.128932,1262.999308,4.039081,5.250000,
2023-09-13,473.053329,91.574717,307.967625,445.569203,1.128205,1262.648693,4.037529,5.250000,
2023-09-14,478.402551,92.448198,310.124958,447.982379,1.126107,1266.219606,4.025015,5.250000,
2023-09-15,472.824839,91.588875,307.383202,443.836553,1.130981,1265.310627,4.037700,5.250000,
2023-09-18,479.861400,93.343318,313.789014,455.592085,1.128651,1267.001562,4.037798,5.250000,
2023-09-19,478.563321,92.974654,312.442184,452.999012,1.130775,1268.812296,4.035802,5.250000,
2023-09-20,475.096490,92.215591,310.166019,449.345652,1.137211,1259.198776,4.037200,5.250000,
2023-09-21,479.208726,93.181991,313.440430,455.017082,1.131516,1269.456140,4.037811,5.250000,
2023-09-22,482.329001,93.686694,311.604985,447.697905,1.127745,1270.680654,4.027805,5.250000,
2023-09-25,482.417042,93.858867,309.345342,440.890679,1.131245,1270.138568,4.032700,5.250000,
2023-09-26,486.917003,94.860164,307.811675,433.054891,1.130894,1267.366266,4.029329,5.250000,
2023-09-27,494.536303,96.512750,313.066647,441.620674,1.124800,1275.184047,4.025341,5.250000,
2023-09-28,492.170037,95.977584,317.256448,455.091024,1.122523,1271.055257,4.024882,5.250000,
2023-09-29,489.942029,95.682952,315.967418,452.734926,1.119745,1266.986851,4.029506,5.250000,
2023-10-02,496.278215,96.960765,325.739699,475.383285,1.111689,1279.136644,4.023569,5.250000,
2023-10-03,496.564852,97.090389,322.636172,466.130426,1.114148,1280.975063,4.023273,5.250000,
2023-10-04,493.679350,96.235849,319.254391,459.432963,1.117460,1281.659048,4.015673,5.250000,
2023-10-05,491.165466,96.226330,320.780295,464.370244,1.116717,1276.660878,4.032074,5.250000,
2023-10-06,490.491852,95.698707,318.311207,458.839725,1.120081,1278.662158,4.021554,5.250000,
2023-10-09,493.455357,96.432893,318.494168,456.708909,1.119639,1283.604506,4.021844,5.250000,
2023-10-10,485.157890,94.736710,314.343009,451.373546,1.121574,1278.323831,4.027343,5.250000,
2023-10-11,482.835482,93.935951,311.812902,446.812490,1.120538,1277.690288,4.017507,5.250000,
2023-10-12,486.330117,94.873327,316.452153,456.534615,1.116638,1284.096478,4.019028,5.250000,
2023-10-13,490.602587,95.860402,318.638287,459.046303,1.115258,1288.792565,4.018667,5.250000,
2023-10-16,485.343725,95.018555,317.784909,460.084396,1.114774,1282.355090,4.027488,5.250000,
2023-10-17,492.632542,96.928150,325.107476,474.017378,1.107622,1287.145368,4.031444,5.250000,
2023-10-18,495.815484,97.165435,327.732483,479.965167,1.103522,1290.015923,4.014921,5.250000,
2023-10-19,493.310949,96.513433,328.669068,484.960373,1.104385,1288.350679,4.010918,5.250000,
2023-10-20,500.226685,98.331153,331.777686,487.230474,1.100827,1291.808741,4.017312,5.250000,
2023-10-23,503.040678,98.896419,333.078003,488.673471,1.101303,1295.805289,4.013981,5.250000,
2023-10-24,497.308846,97.585027,325.380526,471.579598,1.106130,1283.042155,4.013221,5.250000,
2023-10-25,498.598243,97.778404,327.431820,476.500197,1.107288,1288.036577,4.008379,5.250000,
2023-10-26,494.686861,97.239780,325.105420,472.256494,1.109816,1281.220947,4.015842,5.250000,
2023-10-27,496.041579,97.368393,324.263067,469.127532,1.114190,1278.991610,4.010359,5.250000,
2023-10-30,504.406261,99.363619,326.931001,469.434355,1.115032,1284.510664,4.009267,5.250000,
2023-10-31,510.242933,100.548763,333.274823,482.759279,1.109750,1286.179134,4.001988,5.250000,
2023-11-01,501.743571,98.844576,330.077435,480.186696,1.110795,1277.228843,4.007713,5.250000,313.228277
2023-11-02,509.308845,100.379292,332.854453,482.122459,1.109571,1284.136845,4.000830,5.250000,
2023-11-03,508.506874,100.324270,334.762921,487.827483,1.114165,1282.359506,4.002180,5.250000,
2023-11-06,509.873978,99.736080,332.295458,481.862785,1.114692,1277.097546,3.973648,5.250000,
2023-11-07,500.053245,97.900177,326.794998,473.465424,1.118338,1273.279134,3.985239,5.250000,
2023-11-08,495.962029,96.855282,329.783684,485.696691,1.115976,1268.776467,3.982525,5.250000,
2023-11-09,491.377258,95.970133,326.411146,479.516628,1.121578,1271.811108,3.984517,5.250000,
2023-11-10,493.674383,96.365439,328.989922,485.200625,1.115902,1266.712782,3.980355,5.250000,
2023-11-13,496.941511,96.681778,330.558419,487.918595,1.115281,1274.900866,3.966909,5.250000,
2023-11-14,502.772071,98.172470,333.446194,490.680948,1.115428,1273.483138,3.971378,5.250000,
2023-11-15,496.304967,96.801742,324.279287,469.753278,1.124443,1271.510222,3.974259,5.250000,
2023-11-16,502.020753,97.523207,326.768829,473.387980,1.121939,1271.248221,3.954856,5.250000,
2023-11-17,512.202443,100.119579,337.631253,494.896385,1.111731,1283.108614,3.961273,5.250000,
2023-11-20,509.004769,99.423834,339.007872,501.467860,1.110153,1278.905835,3.961045,5.250000,
2023-11-21,508.675483,99.343288,338.447597,500.090757,1.106326,1276.304834,3.960339,5.250000,
2023-11-22,511.352498,99.312246,334.907046,489.217341,1.111795,1279.302134,3.942920,5.250000,
2023-11-23,518.314526,101.057560,331.438639,473.213207,1.115921,1290.141030,3.947741,5.250000,
2023-11-24,516.899137,100.994447,330.505181,471.076876,1.117449,1286.298981,3.955362,5.250000,
2023-11-27,518.757794,101.545577,330.241646,468.490638,1.120532,1283.566524,3.954824,5.250000,
2023-11-28,523.748628,102.405161,334.099496,475.792929,1.117565,1283.510670,3.945648,5.250000,
2023-11-29,524.309450,102.108979,334.866094,478.432136,1.115010,1278.322407,3.932148,5.250000,
2023-11-30,526.078138,102.918078,335.187180,476.867529,1.110735,1274.697271,3.941973,5.250000,
2023-12-01,532.083336,104.169930,338.624048,481.814175,1.106769,1275.688175,3.939557,5.250000,314.742152
2023-12-04,538.105239,105.892062,345.337255,494.768609,1.101723,1283.011126,3.945253,5.250000,
2023-12-05,542.713888,106.759374,355.491457,520.026532,1.094403,1282.430348,3.937128,5.250000,
2023-12-06,544.983082,107.057252,351.652478,507.727287,1.097155,1286.463155,3.926926,5.250000,
2023-12-07,538.601714,105.470529,344.978821,494.466401,1.105494,1276.684620,3.924042,5.250000,
2023-12-08,545.768173,106.395472,350.727388,506.403594,1.102097,1284.986329,3.901666,5.250000,
2023-12-11,549.800545,106.904269,350.960835,504.693423,1.103019,1293.116274,3.886737,5.250000,
2023-12-12,541.595372,104.918632,346.953056,500.373925,1.102118,1288.440292,3.880183,5.250000,
2023-12-13,543.187549,105.415673,341.813019,484.365038,1.102315,1288.421759,3.882320,5.250000,
2023-12-14,541.134798,105.120880,339.022113,477.822621,1.101542,1286.883873,3.886366,5.250000,
2023-12-15,540.630245,105.155831,334.947696,466.668350,1.100825,1284.621410,3.887610,5.250000,
2023-12-18,538.671569,105.001448,339.223133,479.160686,1.097583,1281.543963,3.895506,5.250000,
2023-12-19,536.911830,104.652310,336.663448,473.324154,1.098487,1281.459507,3.894022,5.250000,
2023-12-20,538.353426,105.303600,334.997504,466.855578,1.100709,1283.913080,3.901525,5.250000,
2023-12-21,530.038062,103.510777,331.420612,463.232514,1.104860,1286.696728,3.902461,5.250000,
2023-12-22,533.504694,104.308862,332.822323,464.298273,1.102046,1291.188657,3.903788,5.250000,
2023-12-25,534.700538,104.453433,333.085654,464.329351,1.105269,1288.029915,3.901289,5.250000,
2023-12-26,541.963754,105.852584,335.597302,466.113668,1.100830,1293.999757,3.891827,5.250000,
2023-12-27,544.666067,106.487115,339.539241,474.658665,1.095907,1300.804075,3.890960,5.250000,
2023-12-28,543.701200,106.455324,344.075186,487.371123,1.090842,1305.289229,3.892509,5.250000,
2023-12-29,551.073091,107.995928,347.829576,492.177566,1.088772,1310.238634,3.886861,5.250000,
2024-01-01,553.317478,108.003689,346.429789,487.674822,1.089702,1312.053542,3.871115,5.250000,314.989344
2024-01-02,554.726891,108.184560,345.404751,484.034038,1.089666,1315.256359,3.865139,5.250000,
2024-01-03,558.028028,108.794577,345.528335,482.095338,1.091345,1317.562871,3.861817,5.250000,
2024-01-04,572.179304,112.278972,355.919057,498.927495,1.086828,1331.567176,3.866572,5.250000,
2024-01-05,564.274922,110.724748,352.527297,495.118321,1.085509,1319.061117,3.871121,5.250000,
2024-01-08,559.655097,109.483578,348.309168,487.519941,1.089673,1319.023388,3.867429,5.250000,
2024-01-09,559.073369,109.570032,349.302204,490.121448,1.089298,1318.928534,3.871347,5.250000,
2024-01-10,561.156767,109.481349,347.540320,484.935443,1.091993,1318.767392,3.854916,5.250000,
2024-01-11,566.998057,111.164395,353.548706,495.977988,1.090494,1321.926778,3.863980,5.250000,
2024-01-12,553.060934,108.307600,345.762496,484.664153,1.097141,1314.645870,3.872234,5.250000,
2024-01-15,557.638197,109.984641,349.771828,490.570953,1.090618,1327.885027,3.886936,5.250000,
2024-01-16,560.474488,110.938297,353.223079,497.061873,1.087702,1328.617594,3.891569,5.250000,
2024-01-17,563.819600,111.628870,350.724347,487.771165,1.089435,1332.715549,3.890323,5.250000,
2024-01-18,570.282621,113.107033,349.877556,480.574957,1.088717,1336.232916,3.890024,5.250000,
2024-01-19,571.622632,113.504941,348.973495,476.912925,1.089103,1332.587365,3.891339,5.250000,
2024-01-22,577.695400,114.435143,354.804153,488.981303,1.083811,1343.492175,3.876625,5.250000,
2024-01-23,580.103862,114.777219,354.363840,486.410654,1.088655,1347.077540,3.869757,5.250000,
2024-01-24,582.242565,115.893202,359.132088,496.201085,1.081783,1351.174057,3.882189,5.250000,
2024-01-25,574.271058,114.506741,355.574898,491.549518,1.084507,1342.785577,3.894864,5.250000,
2024-01-26,560.321610,111.397712,347.306476,479.485150,1.089264,1333.413583,3.895167,5.250000,
2024-01-29,560.446141,111.226598,345.150151,473.979232,1.090449,1328.599877,3.888742,5.250000,
2024-01-30,569.655908,112.617978,344.084366,465.892051,1.094672,1334.168953,3.867489,5.250000,
2024-01-31,563.259456,111.503230,341.411161,462.642257,1.095308,1327.029359,3.874180,5.250000,
2024-02-01,560.130680,110.985772,339.658129,459.789637,1.097068,1321.090289,3.877729,5.250000,315.873748
2024-02-02,565.627850,112.342547,340.268713,457.194876,1.098056,1318.452368,3.878331,5.250000,
2024-02-05,563.065831,111.404875,337.502193,452.444132,1.096772,1310.327124,3.870378,5.250000,
2024-02-06,565.650888,112.027785,336.604594,448.167648,1.096529,1307.853652,3.869338,5.250000,
2024-02-07,571.865760,113.386996,337.093311,445.211530,1.095464,1315.542834,3.867256,5.250000,
2024-02-08,578.252992,115.140163,340.769302,449.674185,1.093507,1318.275378,3.870204,5.250000,
2024-02-09,577.012732,114.711470,341.410120,452.413615,1.093887,1319.607219,3.867756,5.250000,
2024-02-12,581.725503,115.817242,346.435118,462.073494,1.086919,1318.180713,3.868835,5.250000,
2024-02-13,581.889276,116.452723,352.755316,477.221809,1.082222,1314.948433,3.883239,5.250000,
2024-02-14,589.578778,118.403605,357.428713,483.592268,1.073734,1320.986673,3.885362,5.250000,
2024-02-15,592.721802,119.377621,357.979304,482.214329,1.074920,1315.640175,3.892635,5.250000,
2024-02-16,594.421400,119.949939,360.336956,486.771672,1.077110,1320.236737,3.899226,5.250000,
2024-02-19,591.112170,119.699908,358.369089,482.824898,1.079405,1328.341959,3.913233,5.250000,
2024-02-20,588.093551,118.373887,357.117808,482.942249,1.079594,1323.284555,3.896384,5.250000,
2024-02-21,587.351642,118.000744,354.749250,477.599680,1.077572,1328.990515,3.892431,5.250000,
2024-02-22,584.378417,117.698468,354.360492,477.841180,1.076126,1325.962858,3.901161,5.250000,
2024-02-23,582.828534,117.280829,353.488364,476.721791,1.079141,1323.134800,3.898466,5.250000,
2024-02-26,586.528623,118.318063,362.155559,496.576260,1.072482,1325.102238,3.901482,5.250000,
2024-02-27,587.759042,118.730321,361.010573,492.279419,1.078466,1319.697385,3.905840,5.250000,
2024-02-28,599.918870,120.521650,366.924535,501.235028,1.072910,1327.833215,3.877725,5.250000,
2024-02-29,600.739575,120.716654,369.024498,506.165704,1.071102,1335.017305,3.878717,5.250000,
2024-03-01,601.158609,120.927507,369.796220,507.612995,1.069634,1335.407117,3.883854,5.250000,316.294335
2024-03-04,612.028790,123.412614,374.183206,511.334694,1.066512,1339.491590,3.880574,5.250000,
2024-03-05,606.312101,122.441022,376.765013,521.684702,1.065269,1335.671658,3.890308,5.250000,
2024-03-06,603.011766,122.419683,376.766568,522.485060,1.068018,1331.159682,3.904957,5.250000,
2024-03-07,604.185123,122.985473,382.060791,535.270602,1.060710,1334.084877,3.908143,5.250000,
2024-03-08,600.231065,121.876423,373.441243,515.253062,1.068721,1334.018448,3.901281,5.250000,
2024-03-11,604.308466,121.965580,376.328387,521.782433,1.068964,1340.200605,3.877213,5.250000,
2024-03-12,617.433319,124.402042,382.980193,531.127507,1.063800,1342.494759,3.859957,5.250000,
2024-03-13,624.597855,125.670097,384.251446,529.976013,1.062863,1347.493614,3.846982,5.250000,
2024-03-14,634.124063,127.597211,392.129678,544.657230,1.058173,1354.691276,3.839596,5.250000,
2024-03-15,629.434305,126.808072,387.359697,534.570338,1.061812,1346.924975,3.849981,5.250000,
2024-03-18,616.008942,123.733127,382.165600,530.480625,1.060913,1339.933475,3.850206,5.250000,
2024-03-19,616.041343,123.708295,387.707814,545.575408,1.056023,1338.988833,3.852161,5.250000,
2024-03-20,612.608818,123.228589,386.710770,544.728340,1.056358,1346.700494,3.855149,5.250000,
2024-03-21,604.990665,121.721828,380.794654,533.780255,1.062443,1336.537307,3.861388,5.250000,
2024-03-22,602.885072,121.360237,380.334542,533.803184,1.059904,1329.796169,3.864033,5.250000,
2024-03-25,608.054267,122.452103,383.237700,537.911787,1.059645,1336.798949,3.860421,5.250000,
2024-03-26,614.339973,123.531602,383.704848,535.122019,1.060536,1332.848742,3.850130,5.250000,
2024-03-27,626.533846,126.613231,388.792055,539.035763,1.056786,1341.296813,3.853857,5.250000,
2024-03-28,621.677608,125.265622,387.438718,539.466405,1.055936,1340.944514,3.847890,5.250000,
2024-03-29,624.355202,125.643751,387.379701,537.743091,1.057761,1337.513331,3.842673,5.250000,
2024-04-01,622.772499,125.038089,385.172986,533.425900,1.058485,1338.637731,3.835586,5.250000,316.241532
2024-04-02,623.668923,125.077161,389.366296,544.436914,1.052860,1343.338131,3.830615,5.250000,
2024-04-03,621.505361,125.213332,391.648734,550.851732,1.050003,1343.514635,3.847449,5.250000,
2024-04-04,626.067326,125.943079,389.959596,543.391243,1.052686,1340.810381,3.842047,5.250000,
2024-04-05,627.757773,126.149865,391.995107,547.985959,1.052343,1353.933417,3.836544,5.250000,
2024-04-08,622.988799,124.803142,389.548508,545.448203,1.054665,1350.652861,3.826797,5.250000,
2024-04-09,629.314601,127.025147,396.856360,558.796995,1.049672,1358.196431,3.840346,5.250000,
2024-04-10,627.569398,126.025732,389.769338,542.050087,1.053551,1354.631675,3.825543,5.250000,
2024-04-11,626.157931,125.849612,392.084720,549.030224,1.051181,1364.315200,3.827798,5.250000,
2024-04-12,623.538186,124.790468,389.234911,544.212585,1.052935,1361.572612,3.818254,5.250000,
2024-04-15,617.956609,123.432145,386.197513,540.301668,1.055711,1358.947157,3.812737,5.250000,
2024-04-16,613.008842,122.171813,378.967377,524.635121,1.061762,1353.490686,3.809770,5.250000,
2024-04-17,612.246412,121.924682,371.173676,504.430144,1.071557,1356.134358,3.807871,5.250000,
2024-04-18,605.380149,120.567688,373.640820,515.537679,1.069083,1351.346037,3.813046,5.250000,
2024-04-19,612.033008,122.094327,375.011521,514.212698,1.069765,1363.643686,3.808594,5.250000,
2024-04-22,620.325783,124.088356,379.572002,520.047997,1.067236,1371.116024,3.810075,5.250000,
2024-04-23,628.481121,125.974217,388.446266,537.754035,1.059915,1380.939153,3.808050,5.250000,
2024-04-24,626.794248,125.805658,389.029629,540.049998,1.062224,1387.469181,3.813446,5.250000,
2024-04-25,625.540438,125.273831,395.031060,557.888651,1.062353,1384.177449,3.807776,5.250000,
2024-04-26,622.365573,124.552903,392.888562,554.377488,1.063354,1377.877393,3.808517,5.250000,
2024-04-29,613.886292,122.550259,389.464157,551.640401,1.068171,1369.235949,3.807762,5.250000,
2024-04-30,614.460810,123.395913,391.065195,553.893770,1.067560,1367.476681,3.825568,5.250000,
2024-05-01,618.989823,124.710773,396.816072,565.541825,1.066152,1377.666890,3.831090,5.250000,316.501334
2024-05-02,627.979089,126.789313,406.454850,585.150142,1.058526,1375.193097,3.829104,5.250000,
2024-05-03,617.629416,124.599435,403.299318,584.201267,1.058445,1372.675950,3.831624,5.250000,
2024-05-06,608.521686,122.841834,396.781443,572.424312,1.063838,1367.123011,3.839995,5.250000,
2024-05-07,604.489579,122.213838,394.696205,569.073945,1.062698,1370.183426,3.847730,5.250000,
2024-05-08,603.940081,121.505700,390.952418,560.337108,1.064600,1368.789095,3.830613,5.250000,
2024-05-09,613.021540,123.651893,397.440035,570.925346,1.058571,1374.021825,3.828909,5.250000,
2024-05-10,614.821487,124.024211,395.487423,564.048570,1.062585,1371.577745,3.828447,5.250000,
2024-05-13,609.232358,122.608333,393.843147,564.195773,1.061811,1363.131688,3.826432,5.250000,
2024-05-14,614.578140,123.476273,396.419654,567.860746,1.060529,1363.782179,3.815355,5.250000,
2024-05-15,617.538052,124.175032,400.481111,576.725345,1.060814,1359.619166,3.814882,5.250000,
2024-05-16,609.097302,122.867480,390.170966,553.204461,1.067718,1357.014472,3.828412,5.250000,
2024-05-17,619.098957,124.722885,395.754035,561.697881,1.064799,1363.357251,3.814467,5.250000,
2024-05-20,611.525595,123.687152,387.175649,542.335924,1.068311,1351.264275,3.830590,5.250000,
2024-05-21,614.757883,124.876493,392.741769,554.011128,1.063396,1358.692432,3.839577,5.250000,
2024-05-22,619.062400,126.126672,396.154551,559.378175,1.059176,1364.088668,3.848072,5.250000,
2024-05-23,624.007035,127.320858,397.606577,559.319342,1.056893,1371.249443,3.847325,5.250000,
2024-05-24,626.136466,128.017196,401.164330,566.909430,1.048158,1380.973558,3.851126,5.250000,
2024-05-27,621.732418,127.270931,401.817482,571.505030,1.048722,1371.990482,3.854080,5.250000,
2024-05-28,617.572709,126.170925,401.899184,575.321092,1.044719,1364.041037,3.851710,5.250000,
2024-05-29,622.774080,127.609476,402.635515,572.577796,1.046344,1372.551909,3.854496,5.250000,
2024-05-30,629.512872,128.718545,402.224124,567.082082,1.046991,1375.892310,3.841815,5.250000,
2024-05-31,633.313121,129.007160,404.346121,571.220431,1.045125,1380.086765,3.830206,5.250000,
2024-06-03,638.398861,129.294394,407.617982,578.215736,1.041212,1377.620286,3.809284,5.250000,
2024-06-04,633.074117,127.554577,401.066913,565.420469,1.046612,1371.313962,3.799238,5.250000,
2024-06-05,628.436749,126.761239,399.634979,564.407179,1.048322,1369.377294,3.805351,5.250000,
2024-06-06,617.166674,124.589201,396.179855,562.712128,1.050322,1361.359995,3.815338,5.250000,
2024-06-07,622.426339,126.010083,400.724540,570.573851,1.048954,1363.423838,3.816400,5.250000,
2024-06-10,624.155851,126.412041,401.903464,572.389453,1.050008,1369.341790,3.815322,5.250000,
2024-06-11,628.468957,128.308794,402.890093,569.553287,1.047095,1376.653084,3.832628,5.250000,
2024-06-12,631.525450,128.815416,403.137889,568.223552,1.046610,1374.121141,3.827471,5.250000,
2024-06-13,628.291643,128.575756,399.700204,560.094369,1.049665,1366.998928,3.836564,5.250000,
2024-06-14,634.640691,130.424718,402.524849,562.002134,1.048640,1380.563229,3.841316,5.250000,
2024-06-17,636.664223,131.289090,406.361805,569.971288,1.045914,1383.599792,3.844768,5.250000,
2024-06-18,634.392218,131.009596,404.051140,564.789185,1.049148,1379.887411,3.851723,5.250000,
2024-06-19,639.827053,131.458372,411.031258,581.465897,1.046341,1389.014621,3.834470,5.250000,
2024-06-20,641.603151,131.756590,413.307478,586.543227,1.046150,1399.025441,3.831839,5.250000,
2024-06-21,647.659085,133.161786,411.086328,575.631421,1.046333,1399.722697,3.832326,5.250000,
2024-06-24,641.942659,131.810926,411.473410,581.119755,1.046411,1393.201056,3.832536,5.250000,
2024-06-25,642.570390,131.911757,413.569951,586.443731,1.044719,1388.928714,3.829641,5.250000,
2024-06-26,639.737086,130.850604,410.994790,582.414029,1.045516,1387.333182,3.818611,5.250000,
2024-06-27,622.859044,126.797899,401.750504,570.486149,1.049599,1380.191270,3.815707,5.250000,
2024-06-28,626.766740,128.041560,403.015939,570.032950,1.048790,1383.942979,3.820016,5.250000,
2024-07-01,632.070388,129.318583,403.498711,567.019843,1.050886,1390.185908,3.821888,5.250000,318.848817
2024-07-02,633.738200,129.213169,409.236528,582.592394,1.045392,1386.531025,3.810501,5.250000,
2024-07-03,631.809946,128.308264,411.505440,591.485333,1.044214,1383.566042,3.800591,5.250000,
2024-07-04,638.640914,129.793007,410.270114,582.690731,1.047973,1387.846498,3.796953,5.250000,
2024-07-05,643.890644,131.274512,414.916679,590.713198,1.043142,1400.267202,3.800698,5.250000,
2024-07-08,653.518571,133.209381,419.132371,595.359608,1.040274,1410.090651,3.793758,5.250000,
2024-07-09,658.968806,134.388837,421.223191,596.956385,1.037553,1404.571281,3.791428,5.250000,
2024-07-10,653.859646,133.024584,419.672887,597.047548,1.037821,1399.998438,3.788883,5.250000,
2024-07-11,652.601004,132.950163,422.062665,604.130574,1.036983,1404.119409,3.794013,5.250000,
2024-07-12,649.435402,131.892231,420.578301,603.224824,1.038053,1405.749485,3.786920,5.250000,
2024-07-15,653.940823,133.336475,421.359040,600.767540,1.032966,1410.348206,3.792923,5.250000,
2024-07-16,653.976786,133.169171,419.446063,595.758350,1.031556,1412.716907,3.786373,5.250000,
2024-07-17,646.775699,131.578208,417.947655,597.093063,1.035531,1406.770165,3.786836,5.250000,
2024-07-18,645.534958,130.833415,413.230217,585.969616,1.038176,1409.060670,3.774138,5.250000,
2024-07-19,652.629583,132.215408,418.261985,594.804286,1.038611,1421.708740,3.767573,5.250000,
2024-07-22,643.557798,129.927916,417.564028,600.537440,1.039189,1415.395035,3.765005,5.250000,
2024-07-23,633.452363,127.684375,409.299359,585.329144,1.045288,1404.280992,3.766503,5.250000,
2024-07-24,624.366181,125.582512,401.045815,569.618165,1.048344,1401.944468,3.764572,5.250000,
2024-07-25,616.017184,123.611433,400.097914,573.757870,1.047931,1396.858605,3.764175,5.250000,
2024-07-26,619.632942,124.613360,403.019223,578.509087,1.043703,1401.314300,3.764339,5.250000,
2024-07-29,621.343617,124.996042,399.911524,568.420279,1.040900,1401.325696,3.763725,5.250000,
2024-07-30,625.517650,125.690289,406.400972,583.698113,1.036175,1398.504342,3.757253,5.250000,
2024-07-31,634.711635,127.648806,415.029588,600.722256,1.035110,1399.129462,3.751421,5.250000,
2024-08-01,638.066292,128.751963,418.825257,607.796770,1.031203,1395.285088,3.756832,5.250000,319.206275
2024-08-02,638.398915,128.933245,416.060861,599.395938,1.033272,1404.848865,3.760724,5.250000,
2024-08-05,636.944778,128.416577,414.671943,597.043662,1.035727,1407.814490,3.758442,5.250000,
2024-08-06,637.112167,128.543006,411.196091,586.903532,1.041041,1403.047106,3.759859,5.250000,
2024-08-07,645.922138,130.670626,414.704283,589.306196,1.041809,1404.755671,3.757787,5.250000,
2024-08-08,644.881523,130.276646,415.311833,592.109664,1.041653,1395.761067,3.756199,5.250000,
2024-08-09,646.092714,129.978365,413.639213,587.770308,1.040559,1398.133728,3.740400,5.250000,
2024-08-12,642.473604,129.018205,412.277662,587.101090,1.041567,1392.819969,3.735731,5.250000,
2024-08-13,641.988432,128.684130,413.137645,590.333702,1.045903,1398.861402,3.729517,5.250000,
2024-08-14,645.280767,129.649995,414.012357,589.563981,1.046094,1407.909963,3.733142,5.250000,
2024-08-15,645.218214,129.652423,415.497090,593.633458,1.042217,1410.416856,3.732265,5.250000,
2024-08-16,635.604872,127.222038,403.093773,567.377527,1.049396,1402.898095,3.726080,5.250000,
2024-08-19,637.322247,127.073559,402.660561,566.021562,1.049111,1397.497178,3.714871,5.250000,
2024-08-20,637.001569,127.435812,400.604434,559.586746,1.051411,1397.579875,3.725341,5.250000,
2024-08-21,652.220086,130.934949,404.956882,559.745440,1.052623,1410.550556,3.722931,5.250000,
2024-08-22,658.125477,132.235778,411.914820,574.177788,1.046974,1417.542188,3.718456,5.250000,
2024-08-23,656.659235,132.523206,415.515454,583.659270,1.042221,1415.183523,3.732748,5.250000,
2024-08-26,656.425401,132.809701,412.956308,576.012647,1.045656,1407.733294,3.740305,5.250000,
2024-08-27,653.115489,131.958942,407.781838,564.618941,1.046036,1404.946827,3.735685,5.250000,
2024-08-28,657.526197,132.496005,409.255747,566.260767,1.041543,1399.431042,3.725689,5.250000,
2024-08-29,663.640006,133.763576,411.551866,568.104743,1.041348,1398.432595,3.721206,5.250000,
2024-08-30,673.166171,135.443684,416.871572,576.369851,1.036420,1406.179325,3.706189,5.250000,
2024-09-02,674.556714,136.157226,422.742126,590.293330,1.032580,1414.003997,3.712867,5.250000,
2024-09-03,680.727386,138.031616,423.685508,587.109387,1.033256,1419.670407,3.721454,5.250000,
2024-09-04,676.223925,136.890306,422.383863,587.132142,1.033194,1414.515370,3.720001,5.250000,
2024-09-05,683.410637,138.890210,424.082700,585.506821,1.032700,1418.905806,3.724405,5.250000,
2024-09-06,677.791805,137.375775,422.718191,586.435621,1.036223,1416.617191,3.718552,5.250000,
2024-09-09,678.220509,137.405033,417.813342,572.994367,1.040959,1417.965000,3.713916,5.250000,
2024-09-10,667.935288,135.245214,408.149016,554.242853,1.045917,1402.807251,3.718796,5.250000,
2024-09-11,661.227125,134.020751,404.723975,549.273954,1.048338,1395.096581,3.726076,5.250000,
2024-09-12,656.387463,132.601785,393.433314,523.658189,1.055011,1387.066752,3.721526,5.250000,
2024-09-13,670.251161,135.575401,399.759535,530.840775,1.048497,1398.111984,3.714370,5.250000,
2024-09-16,679.668111,137.651680,402.712791,532.134675,1.048311,1400.955805,3.713639,5.250000,
2024-09-17,691.827215,140.141071,405.395225,531.361133,1.048342,1410.052947,3.705214,5.250000,
2024-09-18,692.421599,140.472674,404.219495,527.521503,1.047561,1416.340253,3.706958,5.250000,
2024-09-19,690.899857,139.915029,404.431184,529.409038,1.046724,1417.005692,3.702922,5.250000,
2024-09-20,690.040672,140.008713,400.812465,520.146748,1.052737,1414.284078,3.708135,5.250000,
2024-09-23,689.159901,139.504766,400.206796,519.701965,1.054403,1409.068632,3.703147,5.250000,
2024-09-24,695.796200,140.419353,403.025351,523.598977,1.050230,1408.550770,3.687422,5.250000,
2024-09-25,696.995588,140.579938,399.073844,513.010640,1.049432,1409.186930,3.683452,5.250000,
2024-09-26,705.335723,142.853185,405.979749,524.266634,1.040047,1403.877427,3.692727,5.250000,
2024-09-27,698.859082,140.815661,399.292438,512.598094,1.047672,1403.323301,3.683306,5.250000,
2024-09-30,700.052273,140.986254,398.746501,510.600832,1.046176,1405.764320,3.680865,5.250000,
2024-10-01,692.144036,139.302262,396.198775,508.966928,1.045463,1406.429120,3.683591,5.250000,321.143486
2024-10-02,692.152619,138.517139,394.093641,505.105365,1.045096,1407.838669,3.664327,5.250000,
2024-10-03,690.605633,137.949005,394.399317,507.201722,1.044739,1410.470890,3.660763,5.250000,
2024-10-04,688.215961,136.725152,393.005527,506.462556,1.048089,1414.559322,3.647211,5.250000,
2024-10-07,689.381547,136.920894,394.952026,510.682034,1.047194,1417.074517,3.646470,5.250000,
2024-10-08,673.399771,133.508215,388.724844,504.867574,1.051342,1404.769226,3.653983,5.250000,
2024-10-09,679.986615,134.884456,388.252907,499.569096,1.054761,1409.386621,3.650122,5.250000,
2024-10-10,681.441036,134.837367,385.354359,492.044466,1.061144,1401.749600,3.641645,5.250000,
2024-10-11,694.259875,137.698563,396.341239,511.411173,1.053394,1408.095566,3.637581,5.250000,
2024-10-14,695.083701,138.289346,395.142957,507.045540,1.051582,1407.668425,3.647029,5.250000,
2024-10-15,694.887774,138.954301,397.497385,511.670964,1.048183,1406.840788,3.660822,5.250000,
2024-10-16,694.657352,138.661651,399.105815,516.262884,1.046914,1405.625681,3.655923,5.250000,
2024-10-17,690.214639,137.525951,398.537933,517.897061,1.046347,1411.302383,3.654845,5.250000,
2024-10-18,683.922109,136.469166,391.620052,503.744637,1.048529,1409.963923,3.661471,5.250000,
2024-10-21,680.493382,135.357387,385.237264,490.548694,1.053635,1403.372743,3.655361,5.250000,
2024-10-22,690.225702,137.779688,393.607543,504.799736,1.050529,1415.871360,3.659533,5.250000,
2024-10-23,704.607022,141.104561,397.930115,506.332279,1.050043,1425.413789,3.659832,5.250000,
2024-10-24,696.743792,139.761892,389.111023,488.560140,1.058837,1422.847853,3.669867,5.250000,
2024-10-25,693.845013,139.423067,391.148591,494.708538,1.057439,1422.632061,3.678714,5.250000,
2024-10-28,693.444175,139.247609,394.208494,502.633886,1.053597,1420.307323,3.676135,5.250000,
2024-10-29,695.444380,139.984459,392.030833,495.413036,1.054327,1418.004307,3.682095,5.250000,
2024-10-30,706.327613,142.269612,396.462549,499.914357,1.052327,1427.387135,3.676775,5.250000,
2024-10-31,710.855594,142.595897,400.001524,507.069786,1.050592,1426.086982,3.660581,5.250000,
2024-11-01,722.638184,144.725052,403.485352,509.344920,1.045699,1436.265543,3.647194,5.250000,321.772386
2024-11-04,736.177586,147.331514,407.836391,512.574424,1.043583,1446.704152,3.636383,5.250000,
2024-11-05,751.317895,150.979044,417.886771,527.647611,1.036214,1448.349583,3.637668,5.250000,
2024-11-06,747.884030,150.898198,414.247448,519.476436,1.037205,1438.804384,3.650684,5.250000,
2024-11-07,741.495804,148.969937,412.842837,520.679855,1.036869,1435.796550,3.642193,5.250000,
2024-11-08,744.488407,149.699395,415.431217,525.076182,1.035125,1445.893409,3.642254,5.250000,
2024-11-11,734.398241,147.689640,409.983081,517.242163,1.032907,1436.491019,3.646698,5.250000,
2024-11-12,742.060037,149.767797,408.241545,507.719445,1.034635,1443.552459,3.650666,5.250000,
2024-11-13,735.877937,148.948346,404.051121,500.138445,1.038199,1439.839110,3.663237,5.250000,
2024-11-14,746.661682,151.784695,409.253870,505.661208,1.033491,1455.877444,3.664217,5.250000,
2024-11-15,752.206223,153.880134,417.440947,520.726961,1.025282,1462.840416,3.677341,5.250000,
2024-11-18,761.228366,155.732777,420.230655,522.453690,1.025805,1465.834655,3.672570,5.250000,
2024-11-19,749.392624,153.112341,419.449332,527.414037,1.027901,1461.927965,3.677486,5.250000,
2024-11-20,759.242894,155.627055,425.663039,536.166881,1.022844,1469.941037,3.679445,5.250000,
2024-11-21,766.427239,156.892799,426.109254,533.526440,1.022859,1472.305037,3.672692,5.250000,
2024-11-22,760.697058,155.608809,425.123733,534.449311,1.022128,1460.948107,3.673983,5.250000,
2024-11-25,762.631289,155.640844,424.088806,531.405483,1.021132,1465.102766,3.666986,5.250000,
2024-11-26,765.579054,156.351782,418.347830,515.615072,1.028060,1459.821897,3.666109,5.250000,
2024-11-27,760.863705,154.558455,413.235409,507.218992,1.032999,1454.097991,3.656095,5.250000,
2024-11-28,752.452965,152.132251,410.296336,505.832074,1.034771,1447.053626,3.646534,5.250000,
2024-11-29,755.278784,153.016916,408.976264,500.566042,1.036680,1451.324610,3.652118,5.250000,
2024-12-02,736.248862,148.480975,404.427786,500.977216,1.041775,1434.059656,3.650496,5.250000,
2024-12-03,715.792015,144.240123,395.831739,491.504434,1.050158,1425.576321,3.659482,5.250000,
2024-12-04,711.271136,143.647746,396.668248,495.413501,1.052036,1424.378205,3.667442,5.250000,
2024-12-05,708.626534,144.427480,395.020564,490.500787,1.055367,1430.799338,3.692977,5.250000,
2024-12-06,698.888558,142.439616,393.547901,492.303988,1.056206,1423.472983,3.702313,5.250000,
2024-12-09,683.913163,138.889446,385.894062,482.905161,1.065451,1421.386213,3.702106,5.250000,
2024-12-10,677.263226,137.715345,380.054945,472.058857,1.068952,1419.749338,3.709094,5.250000,
2024-12-11,674.072993,136.750198,377.010052,466.963006,1.072401,1418.094533,3.702324,5.250000,
2024-12-12,676.132982,136.699916,371.737326,453.938370,1.076139,1422.106371,3.690647,5.250000,
2024-12-13,678.892999,137.588295,374.877126,459.322730,1.074158,1427.415596,3.694334,5.250000,
2024-12-16,674.067786,137.763313,373.154320,455.786862,1.075822,1427.071241,3.720076,5.250000,
2024-12-17,667.245847,136.621925,372.106495,456.504959,1.076567,1425.083696,3.731130,5.250000,
2024-12-18,664.494907,136.471534,371.657582,456.170587,1.076780,1427.293590,3.741788,5.250000,
2024-12-19,658.941767,135.682580,369.762009,454.021696,1.078844,1427.549482,3.752367,5.250000,
2024-12-20,653.249745,134.507112,362.695275,440.241224,1.084620,1424.274187,3.755022,5.250000,
2024-12-23,656.207694,135.228354,366.334429,447.035328,1.082491,1424.939332,3.755264,5.250000,
2024-12-24,658.145846,136.139551,365.075577,442.084158,1.081037,1427.272451,3.764378,5.250000,
2024-12-25,654.315967,135.976811,363.209374,438.631164,1.083027,1421.986758,3.779123,5.250000,
2024-12-26,647.523491,134.484075,362.449540,440.586701,1.080780,1418.165940,3.782793,5.250000,
2024-12-27,659.277360,137.344101,368.463996,447.704254,1.079620,1433.114688,3.781421,5.250000,
2024-12-30,655.661214,136.319796,367.893177,448.722679,1.084254,1434.899319,3.777835,5.250000,
2024-12-31,650.976343,134.908087,367.488124,451.030107,1.080415,1419.007194,3.772099,5.250000,
2025-01-01,656.011914,135.212639,364.242201,441.746993,1.083639,1421.337617,3.750146,4.250000,323.089713
2025-01-02,657.467782,136.186315,360.952908,432.070541,1.089212,1425.272151,3.762840,4.250000,
2025-01-03,637.263232,131.630038,348.400822,413.982121,1.098704,1416.805560,3.768382,4.250000,
2025-01-06,642.561844,132.127797,351.488012,419.307771,1.091995,1415.278010,3.750680,4.250000,
2025-01-07,640.523158,132.071929,349.509787,415.130817,1.094780,1418.974939,3.759576,4.250000,
2025-01-08,642.739077,132.263049,347.775946,410.360214,1.099527,1423.711108,3.750853,4.250000,
2025-01-09,646.746716,132.883236,349.812787,413.279297,1.100731,1430.984311,3.742465,4.250000,
2025-01-10,656.815849,134.424346,354.688436,420.171536,1.099617,1435.966199,3.724710,4.250000,
2025-01-13,653.516001,133.750711,354.790495,422.049705,1.100910,1431.220421,3.727950,4.250000,
2025-01-14,652.888549,133.573776,352.869808,417.950234,1.099359,1431.690747,3.727481,4.250000,
2025-01-15,662.970463,135.617688,359.364741,427.792065,1.094378,1443.126166,3.717733,4.250000,
2025-01-16,669.461380,137.448357,359.790404,424.598073,1.095079,1453.101354,3.722159,4.250000,
2025-01-17,678.333008,139.426477,360.909801,422.407128,1.094170,1454.129007,3.717025,4.250000,
2025-01-20,680.146548,139.747752,366.969186,435.452723,1.089321,1460.242474,3.711774,4.250000,
2025-01-21,668.848491,137.584116,362.233464,429.975739,1.090946,1454.863927,3.724652,4.250000,
2025-01-22,668.105098,137.674171,364.543826,435.280805,1.088310,1462.981135,3.729486,4.250000,
2025-01-23,663.427447,136.544276,362.466746,433.097814,1.085324,1459.422419,3.728075,4.250000,
2025-01-24,666.227144,137.181010,361.899928,430.173990,1.089758,1464.383569,3.727544,4.250000,
2025-01-27,670.451164,137.825502,371.265919,450.205614,1.082028,1459.221681,3.720288,4.250000,
2025-01-28,681.712178,140.495241,374.403456,450.958012,1.078404,1468.366877,3.719111,4.250000,
2025-01-29,674.354889,138.825850,370.212614,445.204698,1.080378,1474.556092,3.723455,4.250000,
2025-01-30,675.936791,139.383536,370.269760,444.068910,1.080149,1480.892151,3.723141,4.250000,
2025-01-31,678.214577,140.098705,374.636977,452.660123,1.078915,1484.800115,3.726535,4.250000,
2025-02-03,678.053784,140.592801,380.617111,465.994940,1.073435,1487.123081,3.733307,4.250000,
2025-02-04,682.702089,141.826155,382.773061,468.074582,1.069476,1490.304914,3.735907,4.250000,
2025-02-05,687.504925,142.630414,390.960411,485.358496,1.062477,1487.915306,3.728068,4.250000,
2025-02-06,679.592155,141.209555,387.953318,482.101338,1.063509,1483.408351,3.738290,4.250000,
2025-02-07,685.516139,141.769305,395.281013,497.714525,1.059660,1488.611762,3.718726,4.250000,
2025-02-10,692.040232,143.023676,401.414131,509.132281,1.055320,1489.698062,3.710071,4.250000,
2025-02-11,696.810502,143.846373,405.011428,515.469991,1.053834,1488.978200,3.702756,4.250000,
2025-02-12,688.726261,142.504836,401.373698,510.557636,1.054850,1492.757752,3.712686,4.250000,
2025-02-13,703.530196,145.478882,411.266219,526.466578,1.046061,1502.724764,3.698947,4.250000,
2025-02-14,708.635251,146.597917,417.221799,538.135298,1.044562,1498.824613,3.696962,4.250000,
2025-02-17,714.310124,147.956537,419.203388,539.265314,1.040840,1495.900429,3.695113,4.250000,
2025-02-18,718.679463,148.872093,423.057586,546.222325,1.043079,1503.422182,3.693829,4.250000,
2025-02-19,709.061837,146.916754,409.587683,518.227823,1.052925,1495.440642,3.700609,4.250000,
2025-02-20,703.902014,145.482314,408.676640,519.610132,1.052325,1496.298126,3.696740,4.250000,
2025-02-21,701.311822,145.131884,408.223767,519.613257,1.053042,1501.699940,3.701980,4.250000,
2025-02-24,695.915044,143.162439,399.738414,503.311446,1.058468,1501.997693,3.688428,4.250000,
2025-02-25,696.103201,143.528744,403.399592,511.569369,1.053435,1516.362380,3.693166,4.250000,
2025-02-26,693.107240,142.789325,396.001432,495.283886,1.059973,1503.247754,3.690284,4.250000,
2025-02-27,687.758752,142.179977,387.614274,477.063576,1.064628,1494.525613,3.704052,4.250000,
2025-02-28,685.231045,141.651903,392.645436,490.612625,1.061691,1482.807934,3.706367,4.250000,
2025-03-03,682.825144,141.419469,390.669441,486.645478,1.064308,1483.403757,3.713316,4.250000,
2025-03-04,683.842016,141.791932,388.748006,481.070258,1.068356,1485.997288,3.712658,4.250000,
2025-03-05,678.726977,139.951480,385.692372,477.878309,1.071914,1476.172543,3.698462,4.250000,
2025-03-06,666.488430,137.788432,382.317336,475.940349,1.069827,1471.471562,3.712269,4.250000,
2025-03-07,667.150921,138.572724,386.141843,483.662498,1.068658,1464.896004,3.724930,4.250000,
2025-03-10,674.163301,140.595706,389.743898,487.328728,1.064030,1469.269475,3.731449,4.250000,
2025-03-11,671.933218,139.453068,386.689066,482.318311,1.066642,1471.262732,3.718611,4.250000,
2025-03-12,675.165431,140.685888,388.935314,484.871530,1.066139,1469.090975,3.727799,4.250000,
2025-03-13,675.081832,140.821569,390.075862,487.364803,1.069233,1473.779474,3.732571,4.250000,
2025-03-14,665.615447,139.868784,391.311662,494.025486,1.070968,1474.530575,3.760692,4.250000,
2025-03-17,671.902077,141.876249,393.832296,495.207236,1.067588,1477.097712,3.770107,4.250000,
2025-03-18,669.228202,141.727393,393.415393,494.953944,1.065374,1475.112495,3.779669,4.250000,
2025-03-19,676.527883,143.474110,397.207508,499.525514,1.063529,1483.662198,3.778354,4.250000,
2025-03-20,688.116310,146.106660,401.315105,502.404073,1.058604,1493.809708,3.770413,4.250000,
2025-03-21,688.646845,147.006414,400.929583,499.709781,1.056199,1491.421087,3.786256,4.250000,
2025-03-24,688.384249,147.911689,398.326113,491.834913,1.057727,1497.344710,3.803421,4.250000,
2025-03-25,683.111513,146.860131,396.280251,489.721919,1.054007,1490.621610,3.807173,4.250000,
2025-03-26,679.271269,145.762045,394.729234,488.594203,1.055887,1484.206963,3.804017,4.250000,
2025-03-27,682.777523,145.968066,398.414656,496.381021,1.055460,1489.145346,3.787241,4.250000,
2025-03-28,672.597027,143.793521,391.482155,485.403695,1.056221,1482.050724,3.793417,4.250000,
2025-03-31,671.664519,143.945471,389.396676,480.240833,1.058418,1489.509125,3.800027,4.250000,
2025-04-01,672.229474,144.449491,391.495276,484.255756,1.055574,1492.475498,3.806988,4.250000,325.263862
2025-04-02,679.085462,146.451370,396.449925,491.297638,1.059005,1495.505059,3.812804,4.250000,
2025-04-03,684.675727,147.106618,396.904802,490.058609,1.062264,1499.136300,3.795304,4.250000,
2025-04-04,684.217102,147.448049,402.642715,503.410567,1.056915,1498.777564,3.803915,4.250000,
2025-04-07,687.730290,147.774036,407.609751,514.196704,1.052207,1495.795845,3.792211,4.250000,
2025-04-08,685.427779,147.033775,403.131824,504.954515,1.057734,1498.055946,3.787641,4.250000,
2025-04-09,683.938649,147.368480,404.061101,506.887360,1.061647,1491.755801,3.799572,4.250000,
2025-04-10,685.443783,148.081904,406.935445,512.286400,1.059221,1491.899072,3.805050,4.250000,
2025-04-11,681.492757,147.628907,406.207163,512.085656,1.057598,1484.104714,3.816008,4.250000,
2025-04-14,689.429027,149.486719,409.439809,514.962623,1.058777,1487.118983,3.811267,4.250000,
2025-04-15,687.704525,148.840578,403.743023,502.489328,1.065572,1484.828391,3.804476,4.250000,
2025-04-16,693.420769,150.783087,406.236943,503.927254,1.062622,1482.740379,3.813043,4.250000,
2025-04-17,704.956033,153.824618,411.637129,509.326705,1.061713,1484.722640,3.813539,4.250000,
2025-04-18,710.401974,155.750614,412.844825,507.797851,1.061275,1496.528525,3.821632,4.250000,
2025-04-21,709.490229,155.357374,410.088582,501.977790,1.060061,1496.881037,3.820109,4.250000,
2025-04-22,708.770695,155.636517,411.296003,504.483351,1.059619,1489.606840,3.828430,4.250000,
2025-04-23,711.070597,155.434318,407.537730,495.338856,1.065636,1487.205128,3.813953,4.250000,
2025-04-24,701.092159,152.813534,399.705612,483.010142,1.070781,1487.597498,3.811730,4.250000,
2025-04-25,712.762758,154.722053,405.255406,490.643896,1.072873,1486.226135,3.794180,4.250000,
2025-04-28,706.363166,153.736612,398.538522,477.634653,1.078554,1487.537907,3.807662,4.250000,
2025-04-29,695.194954,151.646915,395.146489,475.152606,1.084123,1477.327916,3.820896,4.250000,
2025-04-30,686.977939,149.241605,388.301711,464.534846,1.092947,1471.467421,3.812364,4.250000,
2025-05-01,684.020341,148.352755,388.027810,465.839207,1.095106,1470.354420,3.807246,4.250000,325.655941
2025-05-02,682.918376,148.070287,387.395059,464.969936,1.096597,1466.335305,3.807488,4.250000,
2025-05-05,683.313450,148.300866,386.221087,461.721096,1.096925,1464.848394,3.809531,4.250000,
2025-05-06,675.548657,145.504528,383.768925,461.953591,1.102170,1451.970421,3.793181,4.250000,
2025-05-07,662.781451,143.458478,374.946568,447.061197,1.107562,1449.077864,3.818220,4.250000,
2025-05-08,663.337840,143.904886,372.694606,440.970987,1.111106,1452.415644,3.823604,4.250000,
2025-05-09,655.262705,142.050905,368.750708,436.271802,1.111916,1445.916387,3.828290,4.250000,
2025-05-12,646.515671,140.031447,366.446168,435.769087,1.117187,1445.584361,3.831092,4.250000,
2025-05-13,650.336718,140.906922,367.782579,436.680669,1.115161,1448.955557,3.828554,4.250000,
2025-05-14,652.815697,141.318809,365.435461,430.091305,1.115084,1448.914255,3.825183,4.250000,
2025-05-15,659.305998,142.975606,365.616029,426.672188,1.116239,1447.595489,3.823750,4.250000,
2025-05-16,662.684091,143.617624,371.155437,437.671355,1.111767,1455.428742,3.819834,4.250000,
2025-05-19,658.077445,142.803432,368.712704,434.144291,1.110542,1445.258220,3.827191,4.250000,
2025-05-20,648.620150,140.275717,359.579646,418.900386,1.121510,1446.483260,3.825981,4.250000,
2025-05-21,644.749098,139.232868,353.501475,407.398809,1.127566,1438.280135,3.822431,4.250000,
2025-05-22,652.076388,140.906591,359.426776,416.850942,1.127935,1438.731859,3.818509,4.250000,
2025-05-23,661.437878,143.320685,365.885951,426.046503,1.123149,1444.126042,3.817186,4.250000,
2025-05-26,660.279311,143.432025,367.840809,430.489549,1.117102,1435.217046,3.827977,4.250000,
2025-05-27,656.626917,142.432624,366.023090,428.509880,1.117051,1428.683454,3.827164,4.250000,
2025-05-28,662.236506,144.100093,368.045968,429.459296,1.117756,1436.853347,3.830745,4.250000,
2025-05-29,661.488979,142.977167,370.517521,436.945408,1.115322,1445.170264,3.810924,4.250000,
2025-05-30,662.463742,143.462845,375.533422,447.535911,1.109937,1443.622615,3.814549,4.250000,
2025-06-02,662.547046,143.865292,381.227781,460.135467,1.108314,1445.148885,3.821675,4.250000,
2025-06-03,659.218876,142.998426,371.480461,439.398107,1.116909,1445.420068,3.820877,4.250000,
2025-06-04,655.708226,142.611821,367.341677,431.099308,1.117605,1448.381365,3.830100,4.250000,
2025-06-05,659.052730,142.379669,364.910540,425.235035,1.119857,1448.179957,3.807612,4.250000,
2025-06-06,655.036106,141.609698,365.299937,428.004793,1.121364,1439.452346,3.812343,4.250000,
2025-06-09,664.125051,143.752122,366.606051,425.946712,1.123668,1439.926404,3.808942,4.250000,
2025-06-10,662.344363,143.349760,369.076297,432.465358,1.120784,1439.958331,3.810646,4.250000,
2025-06-11,661.565101,142.589463,368.013481,431.307989,1.126101,1435.645382,3.800113,4.250000,
2025-06-12,661.415988,142.675271,367.717926,430.473403,1.126877,1437.350101,3.803813,4.250000,
2025-06-13,657.738274,141.581792,368.173260,433.861779,1.127904,1434.133385,3.800206,4.250000,
2025-06-16,664.862779,142.724725,368.982046,432.537943,1.128106,1446.044699,3.786913,4.250000,
2025-06-17,664.539354,142.537113,368.299937,431.277164,1.127882,1446.446624,3.783140,4.250000,
2025-06-18,658.908383,140.493829,362.526183,422.273402,1.130776,1442.990954,3.770345,4.250000,
2025-06-19,656.459748,140.773811,361.652742,420.255080,1.132384,1437.478257,3.786999,4.250000,
2025-06-20,655.201662,140.532849,356.886437,410.050496,1.138812,1428.835622,3.786939,4.250000,
2025-06-23,661.521130,141.854673,360.877938,415.839924,1.132465,1429.077981,3.781859,4.250000,
2025-06-24,667.748940,142.466340,367.364623,428.395628,1.126084,1442.627092,3.761126,4.250000,
2025-06-25,661.794949,141.307479,365.750951,427.559251,1.130194,1445.620060,3.766459,4.250000,
2025-06-26,656.727208,140.138897,368.446801,436.489828,1.127529,1438.478963,3.767000,4.250000,
2025-06-27,660.428241,141.043639,371.049573,440.301955,1.127215,1440.022841,3.767369,4.250000,
2025-06-30,660.188946,140.425133,371.791232,443.011891,1.126135,1440.441141,3.755957,4.250000,
2025-07-01,660.316852,140.384598,376.191543,453.286087,1.121508,1431.574843,3.753823,4.250000,325.956553
2025-07-02,658.715752,140.148963,370.529351,440.700333,1.123480,1423.421081,3.757099,4.250000,
2025-07-03,660.485230,140.474540,375.515029,451.403087,1.117556,1419.943227,3.752474,4.250000,
2025-07-04,662.461413,140.217434,380.085358,462.168553,1.115075,1422.859262,3.734531,4.250000,
2025-07-07,662.315123,140.387446,379.798552,461.172620,1.116468,1423.392065,3.738937,4.250000,
2025-07-08,661.910841,139.846693,371.858319,443.448657,1.122337,1428.147351,3.731730,4.250000,
2025-07-09,659.901345,139.209518,372.393643,446.072791,1.119556,1426.727038,3.726733,4.250000,
2025-07-10,663.600546,139.869091,372.305268,444.018665,1.120993,1429.643318,3.721164,4.250000,
2025-07-11,666.342407,140.156591,377.503906,455.121920,1.119399,1429.689034,3.711449,4.250000,
2025-07-14,667.083069,140.153202,375.809490,450.950887,1.118971,1432.425935,3.706201,4.250000,
2025-07-15,667.818895,140.771153,370.424612,437.245936,1.122510,1433.780061,3.713237,4.250000,
2025-07-16,667.427034,140.651728,369.015032,434.213636,1.122998,1434.042154,3.712358,4.250000,
2025-07-17,664.050093,139.730073,368.467925,435.000822,1.124664,1430.732793,3.710826,4.250000,
2025-07-18,657.830280,138.601306,360.358275,419.330688,1.129851,1424.162015,3.719135,4.250000,
2025-07-21,651.786550,137.563232,358.570010,417.937670,1.125592,1430.771469,3.729321,4.250000,
2025-07-22,646.631115,136.054160,353.754167,410.249853,1.127600,1428.355887,3.723524,4.250000,
2025-07-23,641.107952,134.958644,345.314516,393.915266,1.136648,1426.321702,3.730287,4.250000,
2025-07-24,642.750359,135.034020,347.393201,398.100275,1.134889,1425.893334,3.721355,4.250000,
2025-07-25,641.949851,134.743672,339.824346,381.862472,1.139673,1435.170049,3.719102,4.250000,
2025-07-28,641.255566,135.014266,340.506564,383.035227,1.139623,1428.969074,3.723971,4.250000,
2025-07-29,636.919397,134.160857,340.394838,384.737861,1.141239,1421.831611,3.726542,4.250000,
2025-07-30,640.373667,135.022785,343.041684,388.662983,1.138220,1417.143432,3.727484,4.250000,
2025-07-31,639.758575,135.063669,340.715424,383.534828,1.142148,1418.349342,3.730354,4.250000,
2025-08-01,642.540760,134.857711,341.785629,385.665528,1.142941,1414.431165,3.708157,4.250000,327.072480
2025-08-04,643.015202,134.821505,340.007017,381.684002,1.144232,1412.219761,3.700902,4.250000,
2025-08-05,633.311645,132.454264,336.786552,379.689747,1.147948,1402.026796,3.699800,4.250000,
2025-08-06,642.703462,134.496411,338.019717,377.770439,1.150387,1408.125567,3.693854,4.250000,
2025-08-07,642.596967,134.532480,335.154397,371.467496,1.156101,1405.669491,3.693579,4.250000,
2025-08-08,639.676771,133.679081,333.157795,368.799345,1.158347,1412.154016,3.689438,4.250000,
2025-08-11,636.016949,133.594946,337.054054,377.956348,1.154202,1411.105724,3.706606,4.250000,
2025-08-12,629.529587,131.963260,334.319274,375.405862,1.152511,1411.479056,3.703100,4.250000,
2025-08-13,622.605314,130.249559,327.316493,363.747932,1.158988,1410.966644,3.700911,4.250000,
2025-08-14,617.375499,129.498559,322.770173,355.821539,1.163091,1403.919542,3.713351,4.250000,
2025-08-15,619.954036,129.720626,323.121889,355.796196,1.164072,1402.209497,3.702382,4.250000,
2025-08-18,613.594766,128.830409,320.554848,352.537896,1.168389,1398.660843,3.717506,4.250000,
2025-08-19,617.210416,129.506051,318.796353,347.210621,1.172558,1408.060386,3.709102,4.250000,
2025-08-20,618.430411,129.661109,320.120341,349.573742,1.169871,1405.832548,3.703946,4.250000,
2025-08-21,607.714648,127.098561,311.603306,336.714047,1.176595,1406.089736,3.703747,4.250000,
2025-08-22,607.522449,126.991366,312.340865,338.406285,1.175385,1404.927728,3.701869,4.250000,
2025-08-25,611.388826,127.737377,307.801820,327.253159,1.180881,1403.197325,3.696495,4.250000,
2025-08-26,622.923883,130.357981,312.210270,331.150410,1.176382,1408.248608,3.693213,4.250000,
2025-08-27,623.641909,130.685486,313.678362,333.613268,1.176662,1405.162832,3.697965,4.250000,
2025-08-28,615.224980,128.706210,307.637124,324.941075,1.183390,1402.772281,3.701981,4.250000,
2025-08-29,617.456015,128.536703,309.204401,328.021298,1.187361,1397.959960,3.685905,4.250000,
2025-09-01,608.031556,126.428393,307.136465,327.917287,1.190046,1389.300233,3.690351,4.250000,327.716090
2025-09-02,621.781766,128.799675,314.744627,338.470199,1.183905,1402.665522,3.667185,4.250000,
2025-09-03,615.167507,127.153177,311.668790,335.231865,1.186844,1395.428017,3.667650,4.250000,
2025-09-04,620.368189,128.110022,315.005421,340.091686,1.182782,1400.023679,3.659823,4.250000,
2025-09-05,613.889529,126.950180,310.834863,333.873468,1.187704,1397.469256,3.669999,4.250000,
2025-09-08,622.933723,128.968519,312.770369,333.772244,1.185886,1404.770073,3.665262,4.250000,
2025-09-09,619.132811,128.548659,312.228667,333.745286,1.190488,1405.452950,3.676363,4.250000,
2025-09-10,611.456267,126.905932,309.901859,332.233456,1.189824,1403.292051,3.679382,4.250000,
2025-09-11,610.733492,126.525143,304.438258,321.465460,1.193010,1402.620026,3.672902,4.250000,
2025-09-12,619.717986,128.611820,309.710611,328.219610,1.187259,1408.449157,3.671291,4.250000,
2025-09-15,613.377731,126.771026,305.033699,321.893698,1.189393,1406.465814,3.666158,4.250000,
2025-09-16,613.997663,126.524426,306.652356,325.426518,1.187236,1405.269009,3.660598,4.250000,
2025-09-17,619.588215,127.618129,311.591577,333.343575,1.182775,1404.983678,3.654950,4.250000,
2025-09-18,621.200507,127.719144,312.200825,334.190594,1.180833,1405.110831,3.647584,4.250000,
2025-09-19,618.077651,126.949242,313.305314,337.993833,1.181747,1401.645727,3.649600,4.250000,
2025-09-22,612.827258,125.278961,314.675846,344.009566,1.180719,1397.811258,3.640539,4.250000,
2025-09-23,619.491014,127.039587,317.104010,345.597974,1.177732,1398.250916,3.644042,4.250000,
2025-09-24,617.194517,126.010690,314.330075,341.467207,1.181447,1402.452734,3.634802,4.250000,
2025-09-25,607.258732,123.899517,308.046265,332.637036,1.185687,1394.898249,3.636869,4.250000,
2025-09-26,605.178459,122.926473,308.411554,335.048616,1.185914,1397.429535,3.624400,4.250000,
2025-09-29,597.282770,121.117852,311.663094,345.845008,1.178367,1392.124302,3.625699,4.250000,
2025-09-30,601.008108,122.047771,313.390908,347.562215,1.175777,1392.229786,3.626858,4.250000,
2025-10-01,600.568865,122.062536,314.189229,349.299703,1.176648,1388.456765,3.629358,4.250000,328.313917
2025-10-02,600.130129,121.453129,312.401232,346.351189,1.176018,1390.934001,3.618229,4.250000,
2025-10-03,598.587967,121.201593,313.031418,348.299443,1.177238,1387.518698,3.618962,4.250000,
2025-10-06,600.137947,121.441787,312.956287,347.482001,1.174620,1390.410441,3.618523,4.250000,
2025-10-07,596.386451,120.270484,310.694940,344.886247,1.177245,1383.598757,3.610397,4.250000,
2025-10-08,599.899890,121.476808,314.223990,350.134518,1.172998,1386.065366,3.619347,4.250000,
2025-10-09,598.871802,121.249832,312.159734,346.119664,1.172447,1383.076319,3.620772,4.250000,
2025-10-10,596.964341,120.271201,307.695952,338.199698,1.177523,1379.354487,3.606536,4.250000,
2025-10-13,601.274785,121.351853,304.871730,329.924552,1.182803,1376.484791,3.609849,4.250000,
2025-10-14,602.968562,121.457844,302.711324,324.930370,1.186432,1372.793677,3.602163,4.250000,
2025-10-15,610.779777,123.468755,305.164805,326.070826,1.186104,1377.044225,3.607569,4.250000,
2025-10-16,609.130779,123.036530,305.044322,326.619509,1.188226,1374.858209,3.608088,4.250000,
2025-10-17,611.512903,123.533979,303.960743,323.286148,1.190655,1373.050730,3.605460,4.250000,
2025-10-20,611.354648,123.567079,303.240197,321.731996,1.184031,1376.311816,3.606261,4.250000,
2025-10-21,611.956458,124.111483,302.643054,319.643557,1.188609,1375.968195,3.617544,4.250000,
2025-10-22,614.757043,125.268235,304.241155,320.949141,1.186117,1378.567376,3.628436,4.250000,
2025-10-23,611.015944,124.175451,303.955174,322.329340,1.187799,1372.486044,3.623375,4.250000,
2025-10-24,614.327200,125.463558,309.270779,331.101856,1.182273,1373.662066,3.636840,4.250000,
2025-10-27,611.672141,125.092699,307.530342,328.340202,1.187189,1368.996259,3.640655,4.250000,
2025-10-28,608.568911,124.351722,310.046450,335.068199,1.184958,1370.225648,3.639612,4.250000,
2025-10-29,603.170292,123.104544,310.957497,339.564925,1.182676,1368.919081,3.639208,4.250000,
2025-10-30,603.114701,122.513328,316.732248,352.816009,1.181804,1359.904567,3.623243,4.250000,
2025-10-31,605.739985,122.652380,315.801109,350.112087,1.190036,1364.024763,3.611820,4.250000,
2025-11-03,600.655510,121.019142,309.205835,339.084975,1.196499,1354.636178,3.601462,4.250000,
2025-11-04,601.413153,121.233805,313.166179,347.125936,1.194015,1348.090333,3.600297,4.250000,
2025-11-05,608.351091,123.116421,316.014248,349.333146,1.189408,1360.753673,3.605277,4.250000,
2025-11-06,600.012766,120.809350,310.473815,342.085764,1.190202,1351.213093,3.596432,4.250000,
2025-11-07,603.849672,121.421879,315.511615,351.398745,1.185925,1350.210756,3.590249,4.250000,
2025-11-10,603.721122,121.119817,314.193803,348.965284,1.193621,1346.300865,3.584139,4.250000,
2025-11-11,602.938205,120.672016,312.517458,346.085417,1.190905,1340.458903,3.577820,4.250000,
2025-11-12,603.194639,120.183247,316.263529,354.879039,1.188161,1340.115922,3.564379,4.250000,
2025-11-13,606.156131,120.166230,314.960550,351.521460,1.187626,1343.046513,3.546237,4.250000,
2025-11-14,605.205560,119.797626,312.894297,347.697251,1.187422,1336.541521,3.541523,4.250000,
2025-11-17,603.537530,120.049619,314.874431,351.857084,1.182646,1348.766725,3.556781,4.250000,
2025-11-18,610.778332,121.615629,316.520647,351.849145,1.181235,1355.410019,3.552862,4.250000,
2025-11-19,601.921238,119.734700,312.546181,347.447101,1.176430,1350.880430,3.558126,4.250000,
2025-11-20,605.893039,120.559288,312.510520,345.453012,1.171941,1354.212827,3.556291,4.250000,
2025-11-21,609.871205,121.456254,313.443063,345.455592,1.171267,1353.891842,3.552104,4.250000,
2025-11-24,614.952953,122.904654,316.883829,349.874485,1.169672,1352.257825,3.559912,4.250000,
2025-11-25,608.434684,121.889344,317.552595,353.850634,1.166826,1349.398279,3.570231,4.250000,
2025-11-26,606.754972,121.392037,318.859611,357.686809,1.167049,1353.451941,3.565762,4.250000,
2025-11-27,605.970672,121.421644,322.716353,366.220987,1.162291,1351.471938,3.568367,4.250000,
2025-11-28,609.249084,121.820752,325.462628,371.080016,1.156958,1359.122950,3.558024,4.250000,
2025-12-01,609.940818,122.383136,324.985504,368.978325,1.158516,1360.378076,3.567247,4.250000,329.462027
2025-12-02,613.023899,122.970305,324.451753,366.318861,1.160109,1359.845693,3.565222,4.250000,
2025-12-03,602.796656,120.801432,319.982403,361.504266,1.162836,1355.203266,3.570656,4.250000,
2025-12-04,607.584891,121.291676,324.107923,369.002058,1.160962,1352.132858,3.555351,4.250000,
2025-12-05,601.959204,120.433634,323.427124,369.771111,1.158529,1345.038540,3.566967,4.250000,
2025-12-08,599.197283,119.643041,326.224895,377.763183,1.156277,1344.480888,3.561504,4.250000,
2025-12-09,593.400051,118.079727,324.925869,378.380503,1.159526,1346.909622,3.558241,4.250000,
2025-12-10,593.579384,117.534693,324.387337,377.976699,1.158231,1351.257842,3.545190,4.250000,
2025-12-11,593.409145,117.761403,320.400438,368.584159,1.160882,1351.222610,3.551321,4.250000,
2025-12-12,590.566127,117.112367,320.108791,369.437852,1.159789,1345.276299,3.550193,4.250000,
2025-12-15,587.418466,116.301021,317.752122,365.966773,1.159474,1338.106107,3.546595,4.250000,
2025-12-16,584.190641,115.548416,311.440601,353.606403,1.167694,1333.093951,3.548442,4.250000,
2025-12-17,588.048903,116.334499,316.776566,363.521993,1.163096,1332.452180,3.545215,4.250000,
2025-12-18,584.379493,115.059780,312.398347,356.385993,1.165191,1320.513170,3.535076,4.250000,
2025-12-19,591.546019,116.525671,316.566207,362.040682,1.161172,1322.709556,3.531394,4.250000,
2025-12-22,599.218232,118.343113,321.744972,369.316072,1.152752,1324.388326,3.534579,4.250000,
2025-12-23,600.749494,118.806591,320.822088,366.201694,1.151597,1330.908029,3.535865,4.250000,
2025-12-24,605.184254,119.283420,316.700159,355.550322,1.152235,1334.557889,3.522363,4.250000,
2025-12-25,604.984630,118.706194,318.694366,360.820149,1.149456,1329.804446,3.509697,4.250000,
2025-12-26,609.908163,120.308596,322.553567,365.962048,1.144712,1335.908235,3.521723,4.250000,
2025-12-29,617.110930,121.621363,324.438716,366.808528,1.145671,1343.834605,3.514452,4.250000,
2025-12-30,618.103998,121.446377,326.303000,370.990636,1.145641,1343.166345,3.504711,4.250000,
2025-12-31,615.322363,120.430291,322.163181,363.852594,1.147326,1341.648700,3.496382,4.250000,
2026-01-01,616.127594,119.755569,320.575802,361.225556,1.150798,1338.730250,3.476141,4.250000,330.178430
2026-01-02,619.061365,119.910331,317.009698,352.668932,1.154286,1337.163890,3.461290,4.250000,
2026-01-05,622.808571,120.635272,323.217496,364.461697,1.144586,1340.771470,3.458989,4.250000,
2026-01-06,634.472190,122.725500,327.830191,369.374216,1.144304,1351.804350,3.447629,4.250000,
2026-01-07,632.526446,121.994637,324.988034,364.543383,1.146858,1352.698955,3.440047,4.250000,
2026-01-08,645.835460,124.743946,328.432617,365.652083,1.143640,1359.643342,3.433025,4.250000,
2026-01-09,646.098590,124.502923,325.146638,358.818261,1.153376,1357.022296,3.425900,4.250000,
2026-01-12,651.297638,125.702841,324.416572,354.632763,1.154690,1363.266519,3.425603,4.250000,
2026-01-13,645.559451,124.513108,319.859896,347.504396,1.161412,1366.724734,3.426398,4.250000,
2026-01-14,645.493708,124.083755,319.748282,347.852219,1.160846,1367.757143,3.415230,4.250000,
2026-01-15,640.979220,123.376294,320.562895,351.273205,1.159267,1374.049523,3.421345,4.250000,
2026-01-16,644.504705,123.822809,320.314944,349.500518,1.160117,1377.673867,3.416303,4.250000,
2026-01-19,655.400392,126.023818,325.074077,354.712106,1.157841,1386.267277,3.410646,4.250000,
2026-01-20,668.451740,128.647478,330.482375,360.375575,1.149638,1392.945605,3.402624,4.250000,
2026-01-21,672.191202,129.315999,330.436134,358.701253,1.149483,1389.946372,3.398392,4.250000,
2026-01-22,670.987539,128.799362,326.078517,350.385426,1.155712,1384.524747,3.391438,4.250000,
2026-01-23,677.184239,131.235702,333.403440,361.402340,1.148310,1388.760554,3.415969,4.250000,
2026-01-26,678.736406,131.564451,338.388905,371.254504,1.142274,1385.021336,3.414717,4.250000,
2026-01-27,677.295455,131.262597,341.069655,377.642898,1.143084,1383.255491,3.417515,4.250000,
2026-01-28,676.984561,131.392575,345.008229,386.004876,1.141859,1388.198962,3.418935,4.250000,
2026-01-29,677.767263,131.348982,346.116848,388.318594,1.140077,1388.181476,3.415141,4.250000,
2026-01-30,676.572653,130.752700,341.882306,380.135118,1.147218,1384.514960,3.409571,4.250000,
2026-02-02,684.913957,132.115062,346.794141,387.379264,1.142452,1390.169174,3.398455,4.250000,
2026-02-03,682.708540,131.811821,345.414633,385.139705,1.144713,1388.798317,3.405002,4.250000,
2026-02-04,683.700993,132.914003,345.978364,384.508588,1.143321,1394.321744,3.424830,4.250000,
2026-02-05,685.542488,132.802978,345.671489,383.665736,1.144029,1397.030262,3.410455,4.250000,
2026-02-06,668.647290,128.976674,339.313655,378.263398,1.149839,1382.848280,3.410222,4.250000,
2026-02-09,666.886665,128.414793,335.234353,370.504357,1.150768,1383.451841,3.407755,4.250000,
2026-02-10,659.978180,126.818676,333.632350,370.480989,1.158000,1376.153358,3.408797,4.250000,
2026-02-11,660.767065,126.860282,331.466396,365.570518,1.159225,1382.271394,3.405517,4.250000,
2026-02-12,655.727631,125.919663,331.230088,367.219026,1.160001,1372.601319,3.408737,4.250000,
2026-02-13,642.650555,123.524626,326.766200,363.213815,1.160030,1360.914928,3.420129,4.250000,
2026-02-16,638.865452,122.442533,320.401476,351.672323,1.167850,1353.903664,3.415464,4.250000,
2026-02-17,636.410690,121.355782,319.565520,351.835304,1.170150,1349.460472,3.401833,4.250000,
2026-02-18,639.048325,121.808705,323.901994,360.049358,1.166461,1354.851850,3.399435,4.250000,
2026-02-19,640.378748,121.980918,323.407074,358.458305,1.161648,1356.196111,3.397720,4.250000,
2026-02-20,649.489052,122.922437,325.751169,360.607157,1.158519,1363.677510,3.372594,4.250000,
2026-02-23,642.526514,121.294173,324.376968,361.171837,1.160590,1356.469332,3.371640,4.250000,
2026-02-24,649.918667,123.147679,321.577703,351.162841,1.162790,1364.266383,3.375645,4.250000,
2026-02-25,650.634431,123.810588,327.466860,362.658022,1.156273,1361.716393,3.385668,4.250000,
2026-02-26,646.795331,123.210281,325.144143,359.113123,1.162440,1358.469299,3.392439,4.250000,
2026-02-27,640.951741,121.778811,321.211919,353.673841,1.162882,1357.409344,3.389075,4.250000,
2026-03-02,646.758020,122.519603,318.983493,346.877358,1.165608,1356.005691,3.378365,4.250000,
2026-03-03,655.414026,124.586685,326.027397,357.473907,1.159147,1359.427746,3.380521,4.250000,
2026-03-04,650.410652,123.281349,322.305105,352.178885,1.160778,1358.692462,3.375393,4.250000,
2026-03-05,646.447606,122.481191,319.577291,348.112589,1.159114,1360.678806,3.377034,4.250000,
2026-03-06,640.163782,121.906418,317.080676,344.573925,1.161109,1360.403057,3.394595,4.250000,
2026-03-09,638.666999,121.671683,321.133191,353.762046,1.158263,1366.252188,3.397185,4.250000,
2026-03-10,647.576527,122.739037,329.986765,369.856988,1.149187,1377.155815,3.375331,4.250000,
2026-03-11,649.173046,123.340519,328.871952,366.196976,1.150781,1374.175146,3.380696,4.250000,
2026-03-12,653.958111,123.796218,329.278500,365.571808,1.147893,1378.130195,3.365327,4.250000,
2026-03-13,649.545593,122.470547,326.445170,362.109928,1.152616,1367.347373,3.357380,4.250000,
2026-03-16,657.566343,124.047439,329.215517,364.390559,1.153647,1367.685051,3.352360,4.250000,
2026-03-17,662.083768,125.015112,327.539674,358.594254,1.152918,1375.214204,3.350296,4.250000,
2026-03-18,650.766934,123.154101,323.464700,354.347933,1.159400,1365.681108,3.368374,4.250000,
2026-03-19,655.441648,124.291624,326.355311,358.074392,1.156911,1364.785259,3.371260,4.250000,
2026-03-20,650.524724,124.028590,327.437312,361.519507,1.157583,1367.118019,3.390743,4.250000,
2026-03-23,662.146265,126.164731,332.420203,367.168060,1.153565,1380.029592,3.376701,4.250000,
2026-03-24,674.234536,128.494492,332.685521,362.372412,1.157885,1390.701860,3.368436,4.250000,
2026-03-25,672.666467,128.002148,334.113545,366.333984,1.157191,1381.429430,3.365302,4.250000,
2026-03-26,681.755208,129.477784,334.892766,364.394385,1.156156,1385.180713,3.355062,4.250000,
2026-03-27,683.624697,130.040161,341.253151,376.836626,1.148095,1389.026126,3.358789,4.250000,
2026-03-30,680.578599,129.857057,343.594070,382.614291,1.143582,1383.466108,3.370202,4.250000,
2026-03-31,685.722884,131.020965,343.940015,380.743540,1.143559,1386.518136,3.370647,4.250000,
2026-04-01,690.824528,131.984927,344.805349,380.321478,1.142179,1389.866712,3.367410,4.250000,330.705537
2026-04-02,689.330954,131.762638,348.220708,388.234717,1.141541,1387.507628,3.369604,4.250000,
2026-04-03,685.894284,130.771418,345.726850,384.819036,1.141857,1388.999356,3.364081,4.250000,
2026-04-06,682.156384,129.781619,340.060451,374.605239,1.143478,1391.878140,3.360402,4.250000,
2026-04-07,690.000564,131.365011,342.075176,375.317026,1.139902,1390.950910,3.358025,4.250000,
2026-04-08,687.859965,130.356307,338.637895,369.737534,1.141233,1383.569669,3.343726,4.250000,
2026-04-09,686.167264,130.053714,339.511615,372.261381,1.139581,1383.538790,3.347075,4.250000,
2026-04-10,689.444406,130.332313,342.781206,378.308871,1.136339,1379.308123,3.336248,4.250000,
2026-04-13,685.665965,129.779189,339.767639,373.199921,1.140236,1377.771292,3.342104,4.250000,
2026-04-14,686.084438,129.592078,341.123544,376.278273,1.140891,1370.070750,3.335814,4.250000,
2026-04-15,692.975941,131.138666,338.939099,368.231706,1.144614,1379.367151,3.336425,4.250000,
2026-04-16,687.209064,130.013057,337.689598,368.044155,1.141384,1376.896040,3.339980,4.250000,
2026-04-17,683.563317,129.566952,338.104689,370.096308,1.135634,1375.060953,3.349202,4.250000,
2026-04-20,678.297011,128.207763,336.272824,368.954007,1.136100,1370.768823,3.345643,4.250000,
2026-04-21,677.455717,127.836276,333.375803,363.402852,1.138330,1365.987945,3.342667,4.250000,
2026-04-22,674.928940,127.638080,333.180303,363.619827,1.137823,1368.313405,3.351657,4.250000,
2026-04-23,662.570760,125.063565,328.315066,358.899383,1.140389,1357.641212,3.357177,4.250000,
2026-04-24,667.298895,126.427256,332.611022,365.283725,1.133993,1357.678860,3.364101,4.250000,
2026-04-27,661.616899,125.279446,330.042530,362.330907,1.137642,1345.414892,3.366315,4.250000,
2026-04-28,663.299989,125.292149,323.313115,347.741696,1.145898,1353.048248,3.357532,4.250000,
2026-04-29,672.218154,126.682683,326.935019,351.982052,1.142184,1364.226633,3.341370,4.250000,
2026-04-30,675.313373,127.476141,330.138889,357.080221,1.142991,1368.865167,3.342159,4.250000,
2026-05-01,684.908735,129.841521,337.794889,368.367796,1.133307,1377.407225,3.350678,4.250000,330.690288
2026-05-04,684.623730,130.339742,334.868466,361.451993,1.140261,1374.739137,3.364323,4.250000,
2026-05-05,695.409444,131.809106,338.897725,366.174834,1.135863,1379.646011,3.346625,4.250000,
2026-05-06,690.125009,131.351099,335.080435,359.550080,1.138427,1378.377702,3.363681,4.250000,
2026-05-07,691.472626,131.740978,337.534497,363.902445,1.136906,1376.792650,3.365210,4.250000,
2026-05-08,699.108346,133.494210,341.732931,369.054760,1.135331,1376.644304,3.366213,4.250000,
2026-05-11,694.987097,132.183866,335.379497,358.154766,1.145755,1373.514693,3.357157,4.250000,
2026-05-12,702.897557,133.748984,337.416353,359.016315,1.143969,1375.794427,3.351442,4.250000,
2026-05-13,704.372814,134.002666,341.256202,366.408847,1.143349,1373.252314,3.347871,4.250000,
2026-05-14,713.944016,136.156645,344.516148,368.750053,1.139223,1378.019975,3.348019,4.250000,
2026-05-15,701.663934,133.220140,334.057628,352.839914,1.147791,1370.582207,3.343994,4.250000,
2026-05-18,707.069362,134.350148,339.215829,361.135090,1.146556,1368.489493,3.345767,4.250000,
2026-05-19,703.357471,133.371003,330.795950,345.623549,1.155468,1364.422678,3.342519,4.250000,
2026-05-20,699.324796,132.612747,331.814401,349.253965,1.155809,1358.217543,3.347198,4.250000,
2026-05-21,684.118255,130.193438,326.301190,343.344191,1.158278,1348.719554,3.367806,4.250000,
2026-05-22,682.357944,129.966334,325.731973,342.693506,1.159945,1342.183680,3.370420,4.250000,
2026-05-25,688.206660,131.531159,332.565363,353.763510,1.151454,1347.615506,3.376824,4.250000,
2026-05-26,693.646744,133.324063,333.116373,351.609710,1.153530,1360.909535,3.390010,4.250000,
2026-05-27,680.977361,131.061898,327.408919,344.724272,1.158266,1352.579985,3.402731,4.250000,
2026-05-28,680.326411,131.064843,335.385730,361.351419,1.148989,1366.803367,3.405001,4.250000,
2026-05-29,692.191861,133.589161,343.199339,372.378913,1.141800,1375.724781,3.402986,4.250000,
2026-06-01,692.293011,133.967906,340.622666,366.348569,1.143296,1371.784864,3.410683,4.250000,331.570112
2026-06-02,691.775153,134.657428,343.808374,372.113429,1.143013,1366.853430,3.428214,4.250000,
2026-06-03,697.134043,135.760376,344.216819,370.550945,1.139659,1367.759174,3.426510,4.250000,
2026-06-04,685.615480,133.222376,338.878961,364.613456,1.144034,1359.297727,3.432503,4.250000,
2026-06-05,675.625815,131.788877,337.328985,364.864579,1.142511,1364.951168,3.451367,4.250000,
2026-06-08,667.423710,130.293615,333.407582,359.942768,1.145635,1360.533534,3.460313,4.250000,
2026-06-09,662.056111,128.791927,329.009387,353.604447,1.148627,1357.922836,3.455552,4.250000,
2026-06-10,664.577907,129.678459,331.287875,356.704093,1.145250,1360.491485,3.463182,4.250000,
2026-06-11,669.050535,130.830572,333.760138,359.539426,1.144464,1364.624793,3.468265,4.250000,
2026-06-12,669.700396,130.640915,333.956863,360.077063,1.147572,1369.682844,3.460430,4.250000,
2026-06-15,677.687827,132.754787,333.961520,355.874520,1.149675,1381.029814,3.464959,4.250000,
2026-06-16,683.624944,133.820372,338.438685,362.793828,1.145433,1383.458106,3.457276,4.250000,
2026-06-17,685.156825,134.387867,339.986456,364.963609,1.141887,1379.760225,3.461977,4.250000,
2026-06-18,699.600161,137.587530,346.069650,371.004679,1.135245,1387.884313,3.458352,4.250000,
2026-06-19,703.298901,137.964044,353.205595,384.907570,1.127913,1398.149014,3.447947,4.250000,
2026-06-22,712.683745,139.847899,360.427438,396.077429,1.128604,1406.702583,3.444123,4.250000,
2026-06-23,708.578235,138.891334,355.527233,387.593187,1.133921,1405.553981,3.443397,4.250000,
2026-06-24,700.639800,136.261524,348.840525,378.355723,1.137759,1399.576715,3.425488,4.250000,
2026-06-25,704.590635,137.636844,348.952381,375.990751,1.139068,1403.953433,3.437067,4.250000,
2026-06-26,710.093986,138.086500,351.972918,380.831459,1.139294,1400.505391,3.418536,4.250000,
2026-06-29,704.666448,137.881051,353.036243,384.166708,1.140581,1402.157440,3.439634,4.250000,
2026-06-30,702.849649,137.859059,351.572056,381.329066,1.144158,1396.466653,3.447823,4.250000,
2026-07-01,693.533835,135.956680,346.997251,375.756263,1.149826,1396.466150,3.453056,4.250000,331.983518
2026-07-02,696.063069,136.520556,352.404489,385.992906,1.146821,1392.026047,3.450390,4.250000,
2026-07-03,698.884324,137.015667,348.713545,376.957759,1.152398,1395.654034,3.444543,4.250000,
2026-07-06,696.801361,136.428429,345.865953,372.066172,1.154683,1384.647187,3.440170,4.250000,
2026-07-07,703.901487,138.097097,351.050748,379.491302,1.152008,1384.768921,3.443976,4.250000,
2026-07-08,709.336213,138.812546,346.766031,368.665720,1.158557,1382.146698,3.431929,4.250000,
2026-07-09,715.992024,140.333249,347.074127,366.217295,1.157944,1381.392225,3.432362,4.250000,
2026-07-10,697.583683,136.289328,337.593846,354.796459,1.163991,1371.299319,3.437215,4.250000,
2026-07-13,694.289787,135.992584,334.378924,349.052669,1.168650,1368.808836,3.446920,4.250000,
2026-07-14,692.123891,135.110958,334.001027,349.719001,1.169307,1365.224597,3.442871,4.250000,
2026-07-15,686.974976,134.090770,329.877230,343.365820,1.168818,1360.556623,3.443931,4.250000,
2026-07-16,691.503071,134.756520,330.823534,343.723400,1.168799,1359.557840,3.434997,4.250000,
2026-07-17,684.475721,133.336425,327.985560,340.791006,1.169386,1359.871415,3.441314,4.250000,
2026-07-20,684.318794,133.638221,326.047709,336.462018,1.173827,1362.630893,3.447038,4.250000,
2026-07-21,685.588507,134.039069,326.842751,337.323753,1.170907,1364.939597,3.450460,4.250000,
2026-07-22,688.415822,134.624336,331.035922,344.597099,1.162433,1364.639898,3.447501,4.250000,
2026-07-23,686.745146,134.509016,330.885739,344.640299,1.164291,1366.499120,3.453610,4.250000,
2026-07-24,693.222532,135.802962,328.115256,336.421444,1.170284,1373.791296,3.448345,4.250000,
2026-07-27,690.214900,135.062086,326.466607,334.443338,1.172560,1371.250573,3.447166,4.250000,
2026-07-28,687.941493,133.875348,326.220409,335.745307,1.174580,1376.353645,3.434171,4.250000,
2026-07-29,686.046189,133.367199,323.487640,331.145687,1.177023,1378.733090,3.433930,4.250000,
2026-07-30,686.867786,133.243706,322.715618,329.608774,1.175763,1371.517173,3.426681,4.250000,
2026-07-31,683.155419,132.135887,320.828855,327.727761,1.177087,1370.559057,3.423071,4.250000,
2026-08-03,691.513335,133.471172,320.539370,324.294510,1.173167,1377.142812,3.408416,4.250000,
2026-08-04,695.669782,134.476008,321.245065,323.839895,1.170608,1381.436035,3.410199,4.250000,
2026-08-05,692.823142,133.704884,316.657470,316.141104,1.175123,1378.259508,3.407961,4.250000,
2026-08-06,694.851987,134.559734,317.794914,317.014484,1.170584,1377.784895,3.417298,4.250000,
2026-08-07,701.942418,135.630635,321.137183,321.262790,1.168351,1387.086567,3.406946,4.250000,
2026-08-10,703.291060,136.450650,320.315118,318.456363,1.170881,1390.535755,3.420390,4.250000,
2026-08-11,718.569263,139.603665,326.223496,324.126870,1.166557,1391.714738,3.415231,4.250000,
2026-08-12,712.599688,138.323511,324.484400,323.016211,1.167981,1389.661412,3.416433,4.250000,
2026-08-13,711.967080,138.493483,326.073201,325.945792,1.165390,1383.499010,3.424632,4.250000,
2026-08-14,712.771747,138.330868,324.642390,323.211710,1.168004,1386.636619,3.417722,4.250000,
2026-08-17,721.806613,139.715052,328.410995,327.662417,1.162910,1391.537623,3.403921,4.250000,
2026-08-18,726.714048,140.377910,331.904405,332.997664,1.157639,1391.604040,3.395127,4.250000,
2026-08-19,743.476575,144.207006,337.958358,337.958941,1.157125,1396.922215,3.393744,4.250000,
2026-08-20,741.384272,143.464841,340.564237,344.208164,1.155114,1395.837833,3.389426,4.250000,
2026-08-21,738.969510,142.661447,333.559702,331.753645,1.163194,1395.790625,3.382941,4.250000,
2026-08-24,734.273892,141.903792,329.034532,324.464611,1.171608,1394.536013,3.391094,4.250000,
2026-08-25,732.644529,141.277613,330.834669,328.851882,1.170755,1397.148068,3.385324,4.250000,
2026-08-26,735.957996,142.035678,336.450678,338.419465,1.163371,1399.125976,3.383468,4.250000,
2026-08-27,735.717500,142.168464,332.350807,330.250611,1.167412,1395.850664,3.386396,4.250000,
2026-08-28,740.914935,143.114942,330.091639,324.081428,1.167157,1396.685527,3.379608,4.250000,
2026-08-31,740.318421,142.826056,332.365778,328.828584,1.159975,1398.307291,3.376110,4.250000,
